square_feet,num_bedrooms,num_bathrooms,year_built,location_score,neighborhood_type,has_pool,price
2248,2.0,3,1965,3.50991721895848,Urban,No,422809.0882095484
1930,5.0,2,2010,5.345821348908534,Suburban,No,460570.8629251879
2323,1.0,1,2008,5.538163871109334,Suburban,No,463139.67398681934
2761,5.0,2,2023,2.5992793270578556,Suburban,No,574479.2831609244
1882,5.0,2,2016,9.135439170081753,Rural,No,442428.6404493337
1882,5.0,3,1960,4.146458630500039,Rural,No,376406.8382384119
2789,3.0,2,1960,1.787111110761947,Rural,Yes,469740.96525605384
2383,2.0,2,1965,2.390795807463154,Suburban,No,450558.1122906919
1765,3.0,3,1987,5.619735150588436,Suburban,Yes,406405.6271734253
2271,1.0,2,1979,8.935167855056918,Urban,No,469462.1229693387
1768,5.0,2,1990,6.653967999459341,Urban,No,459327.46068540623
1767,4.0,1,1950,2.9334834910542362,Rural,Yes,332223.7984569551
2120,1.0,2,1987,3.671226291565942,Suburban,Yes,378121.5227266989
1043,2.0,3,2009,9.784225771128146,Suburban,No,363295.95572597254
1137,1.0,3,1968,1.4756398982955616,Suburban,No,253898.3838394836
1718,3.0,1,2008,9.949044956179637,Suburban,No,444089.25709771295
1493,4.0,3,2017,9.152719229770874,Rural,Yes,389909.5403786953
2157,3.0,3,1959,7.106349446084632,Urban,Yes,489041.842891599
1545,5.0,3,1966,9.488821176110081,Suburban,,372572.9723847625
1293,5.0,2,2021,2.3722106261975675,Urban,Yes,410861.33119724796
2732,1.0,1,1978,9.483304244767877,Suburban,No,510972.43089185265
1887,5.0,1,1955,2.913175752225728,Rural,,385307.641434435
2033,5.0,1,2015,5.915916338819483,Suburban,No,479501.5858163388
1287,2.0,1,2012,5.398855432140026,Urban,No,355969.6939819568
1727,2.0,3,1980,5.612122888540021,Suburban,No,373359.02556645084
2055,3.0,2,1974,3.4064178515997936,Rural,No,380739.553052567
1424,3.0,3,1970,8.025748245827625,Suburban,Yes,344071.8450714792
2187,2.0,3,1965,7.683249707413799,Suburban,Yes,483391.49550632376
5097,1.0,3,1953,9.585686190949037,Suburban,No,325047.8556063966
1854,2.0,3,1995,5.5629192511610706,Urban,No,457120.7727324726
1699,3.0,1,1957,5.932828597206331,Urban,No,357961.3058190975
2926,4.0,1,1955,9.130356182744332,Suburban,Yes,557138.2832934897
1993,5.0,2,2002,9.274956607365647,Suburban,No,487740.2481179004
1471,4.0,3,2013,6.8458301746606365,Suburban,No,383188.24290206743
2411,4.0,1,2000,8.383555791478411,Suburban,Yes,533494.9847013308
1389,5.0,2,2012,5.546257371938774,Suburban,Yes,378064.354515314
2104,2.0,3,1955,4.49375977106449,Rural,No,389060.30902837915
1020,1.0,3,2011,8.776614965015481,Suburban,No,280743.88975565485
1335,4.0,1,1982,7.995447593975183,Suburban,No,342900.607246588
2098,1.0,3,1951,3.181704345937247,Suburban,No,404124.58507702715
2369,3.0,3,1990,1.4288061148527496,Urban,Yes,543023.6013928066
2085,4.0,1,1965,6.090398473258052,Rural,No,431608.16749532736
1942,3.0,2,2008,8.574548692392748,Suburban,No,423622.91182731715
1849,2.0,2,1958,3.2248131837190144,Suburban,Yes,373893.44471093407
1260,4.0,1,2018,7.9065584599503715,Suburban,No,385317.1833669108
1640,3.0,1,1959,4.726065106567902,Suburban,Yes,361944.67155075585
1769,3.0,2,1956,4.021376890489542,Rural,No,298375.826226553
2528,,2,2015,2.5553467102257237,Urban,No,511102.4725779395
2171,,1,1969,9.408642371671869,Suburban,No,431147.3495036577
1118,1.0,1,2012,3.0312822975817157,Urban,No,321684.7669093509
2162,4.0,1,1953,3.5126977521061025,Rural,No,401324.1497421399
1807,2.0,3,1977,3.983390533801716,Suburban,,372288.2000859235
1661,4.0,1,2021,3.561957215976057,Suburban,No,394530.191420315
2305,1.0,3,1984,2.466150495506965,Rural,No,396428.9046672796
2515,2.0,2,1951,,Urban,Yes,497831.2632287551
2465,5.0,2,1990,5.245955176103987,Urban,No,592335.5215463791
1580,2.0,1,1977,5.965952619740106,Suburban,No,367887.33657715557
1845,2.0,1,2022,2.4084964177771435,Suburban,Yes,430851.86679991905
2165,5.0,2,1950,8.014723895766899,Rural,Yes,460571.0032082647
2487,3.0,2,1976,3.8037646210151883,Urban,No,533962.0547790213
1760,3.0,2,2016,9.261537997384643,Rural,No,434944.21413741115
1907,3.0,2,1988,3.965971914959514,Urban,Yes,463134.1830077206
1446,1.0,1,2022,,Urban,Yes,425993.7250585716
1401,2.0,3,1989,4.172793183800058,Suburban,Yes,319607.7251644632
7218,5.0,2,1977,5.552495087330023,Suburban,No,520681.86902159674
2678,1.0,2,1973,4.351192218613078,Suburban,No,506529.2371627498
1963,5.0,3,2000,4.483857831056434,Suburban,No,435494.983753004
2501,1.0,1,2005,6.567239833216317,Suburban,No,478856.7055648637
2180,1.0,3,2022,7.236357352848952,Suburban,Yes,483332.24473338656
1677,1.0,1,1975,8.834261693467477,Suburban,No,382034.0193637214
2180,5.0,1,2001,6.121472879996116,Suburban,No,475015.51975401584
2769,4.0,1,1955,,Suburban,Yes,506164.7275808925
1982,1.0,1,2008,9.906220870717982,Urban,No,480728.96464534587
2782,,1,1961,7.153960946112504,Suburban,No,513234.3323104112
2070,2.0,2,2012,4.3727698667274035,Urban,No,253481.6575386694
2410,4.0,1,1985,9.713840274049748,Urban,No,495667.9669002545
2043,4.0,2,1958,9.626261507348211,Suburban,No,458819.11172722245
1850,5.0,1,2023,,Urban,Yes,472477.2192907031
2045,4.0,2,2016,1.178430965869862,Suburban,No,470603.82752525585
1006,5.0,3,1978,1.4001093858710685,Suburban,No,262730.5280352099
1890,5.0,3,2020,7.167829806018473,Rural,,436817.8032359156
2178,3.0,2,1957,7.397911769454356,Suburban,No,428402.77020196867
2738,1.0,1,1992,7.516249979429957,Rural,No,466078.60865465854
1740,4.0,2,1984,6.6721544905019545,Urban,No,402102.08659471123
1595,1.0,2,1971,3.5694218388164716,Urban,No,338261.1700048066
1749,1.0,1,2015,2.5041601575234145,Suburban,No,368140.03969906474
2457,,3,1970,9.35072484874894,Suburban,Yes,496430.174621138
2164,5.0,2,2020,9.218261518263642,Suburban,Yes,560347.0127708716
1735,1.0,3,1990,,Rural,No,332431.58095251425
2256,4.0,3,1990,2.511434222718037,Suburban,Yes,450559.58934448176
2048,5.0,3,1998,4.378068928887674,Urban,No,522621.33637798345
2484,4.0,2,1953,1.435659611787892,Suburban,No,467487.23725085857
1648,5.0,2,2014,2.459252070318727,Suburban,No,376750.6769377214
1836,2.0,1,1959,4.422690980681258,Suburban,No,363590.5710755344
1803,2.0,1,2016,3.1486956157508104,Urban,No,421129.3171563685
1268,2.0,2,1959,7.631382381314858,Suburban,No,271945.576963629
2148,2.0,1,2022,9.14463668648753,Urban,No,515835.58505784377
2130,5.0,3,1966,9.18226145888504,Suburban,No,466134.57509841985
2002,1.0,3,2016,6.438500111613246,Urban,No,474521.42594322655
1882,3.0,2,2002,7.33140763023488,Suburban,Yes,442243.6434750797
1292,3.0,3,1984,5.446282936328652,Rural,No,276585.54511312844
1789,2.0,2,1953,2.320189415262061,Rural,Yes,328689.8342667887
1828,1.0,2,2017,6.715322467697761,Urban,No,430395.04405106284
1598,4.0,2,1960,4.149584316854898,Rural,Yes,316152.329016896
1919,1.0,3,1993,1.0521415486501,Suburban,No,368556.6399693363
2202,,2,2009,6.174583352571148,Suburban,No,470516.91580941103
2943,3.0,2,2019,2.7853191207460246,Suburban,No,569408.0883031066
2087,1.0,1,2011,8.9785507275394,Suburban,Yes,452125.01260883623
2128,1.0,3,1981,9.405502509046228,Suburban,No,400134.54678069206
1962,3.0,2,1995,2.459557552173634,Rural,Yes,410897.008629116
1040,1.0,1,1972,1.2647150610153224,Urban,No,239280.72233893845
1986,4.0,2,1986,1.036399910680241,Suburban,No,408864.5498937034
2030,1.0,3,2007,9.217391998153067,Suburban,No,457103.3424949353
3231,4.0,1,1992,2.3681671584548383,Suburban,No,606037.4189839325
1903,2.0,1,1964,4.917991964912939,Suburban,Yes,390183.2978370797
2150,1.0,2,2016,1.514452298407829,Urban,No,464568.053485699
1982,4.0,2,1951,4.360112805192948,Rural,Yes,389102.6530961612
1415,3.0,3,2020,8.068824078881933,Suburban,Yes,373397.94291165273
2571,2.0,3,1954,4.660017973623303,Suburban,No,466417.75847046665
2375,1.0,2,2002,7.980221813745114,Urban,No,516156.85926214326
2395,4.0,1,1994,7.199553018861044,Urban,,527738.1712561754
1545,1.0,3,1990,5.655772835148097,Suburban,No,344432.12699908356
2701,4.0,3,2012,7.639388297534341,Suburban,No,556505.0042473242
1299,1.0,1,2021,8.912025948240903,Urban,No,370568.77031999215
2293,2.0,2,1981,8.137103027467045,Suburban,Yes,479703.15583119093
3095,2.0,3,1951,7.225569350143208,Rural,Yes,575248.0588716327
1504,1.0,1,1959,7.316399760009819,Urban,Yes,349844.8016321269
1716,1.0,3,1992,2.449886352728729,Suburban,Yes,356220.62850729557
2049,5.0,1,1992,9.55604790966003,Rural,No,414158.5451176877
1748,1.0,3,2016,2.850978464996844,Suburban,No,383710.458201137
1224,1.0,2,1972,4.140569480649455,Suburban,No,272099.86250307685
2034,,1,2009,5.661878628636854,Urban,Yes,480780.393384418
1468,1.0,3,1955,2.1356270292453923,Suburban,No,296803.4780912875
2236,3.0,3,1962,6.342182526690457,Rural,No,401313.2475631842
1540,1.0,1,1970,2.6441066878726014,Urban,No,311601.76729676547
2774,5.0,1,2007,9.310309482143445,Suburban,No,631188.2592190071
1608,4.0,2,1977,,Urban,No,412942.77133591264
1838,2.0,1,2019,5.899828853559938,Urban,No,440950.84028146655
2406,3.0,3,1957,5.045286883699447,Suburban,Yes,466271.639669534
1384,4.0,2,2007,1.923417209171741,Suburban,No,331800.6368768855
2113,3.0,1,1989,8.409701783004806,Urban,No,498655.20779354614
2653,2.0,3,1950,4.41433088782629,Suburban,No,459012.95033687766
1196,5.0,1,2014,3.21691630700683,Suburban,No,329686.16545781825
2092,2.0,3,1959,9.957682171092427,Urban,No,437403.00472389825
2129,3.0,3,2009,7.0146767109438715,Suburban,No,422622.1700850334
2390,3.0,2,2018,1.6647634752171685,Suburban,Yes,501014.04938388744
1381,2.0,2,1969,8.211661339004769,Urban,,359111.4196844891
1339,1.0,1,2011,7.753620633897299,Suburban,No,331025.82183566736
2260,2.0,2,1962,4.610802300548346,Suburban,No,452524.3599358858
2148,5.0,1,2007,2.113203320234326,Urban,No,496737.6852504145
2125,2.0,2,1986,5.477004084239017,Rural,No,421088.85868831404
2173,4.0,2,1959,7.869870241372515,Suburban,No,482221.653571606
1659,1.0,1,1952,1.6841327748911432,Suburban,No,308368.48542822694
2116,4.0,2,1983,2.4709729044265707,Urban,Yes,459554.2222931121
2146,2.0,2,1983,6.570335597890163,Suburban,No,420244.57478907733
1642,,2,1979,,Suburban,Yes,333899.86325323634
2932,4.0,2,1986,9.145789084836876,Suburban,No,613102.8642887869
2236,4.0,1,2017,8.333129660543843,Suburban,No,554950.5735263714
1404,1.0,3,1983,9.269467871000554,Suburban,No,342885.1532256729
2328,1.0,1,1981,5.193629231127991,Suburban,No,435314.87840178324
1512,3.0,1,2007,,Urban,No,438668.37635783845
2393,1.0,1,1973,1.4384508398830538,Suburban,No,444419.0567493567
2579,2.0,2,1958,3.650426348526525,Urban,Yes,490814.2384350427
1589,5.0,2,1990,6.798452004402419,Suburban,No,391257.25391200173
2481,3.0,3,1973,7.873154837360879,Suburban,No,503180.04411262466
2206,1.0,2,1974,6.134431602007987,Urban,Yes,463505.6518761559
2411,5.0,3,1985,5.326621440914533,Rural,No,478478.37141642923
2948,3.0,3,1957,3.099393524562867,Suburban,No,545050.3410013942
1877,2.0,2,2008,2.5676808357573067,Rural,No,408565.92153161624
1623,5.0,3,1984,8.879341406181922,Urban,No,458688.87546866474
1555,1.0,1,1987,2.2799099175667226,Suburban,Yes,345557.27826712874
1592,1.0,1,1981,,Rural,No,343741.5172009761
1961,2.0,1,2000,8.996331342591414,Suburban,No,424365.80581992504
2170,3.0,3,1977,2.329408199035975,Urban,Yes,465996.1960088675
2138,5.0,3,2005,2.147915966490089,Urban,No,512360.0772654953
2413,2.0,1,1957,,Rural,No,438866.0921592054
2006,3.0,2,1990,,Suburban,Yes,423093.88614744466
2726,4.0,1,1972,4.921354665456356,Urban,No,545360.8066574398
1867,4.0,2,2003,6.630341183332817,Urban,Yes,473977.3259808961
3360,3.0,2,1972,4.410782445450966,Rural,Yes,598380.1886901049
2312,1.0,3,1981,,Suburban,No,474562.236142677
1571,1.0,3,1959,9.72086200456612,Urban,No,367953.9282629849
1464,4.0,2,1984,9.397547184274144,Suburban,Yes,344866.3426465582
2241,1.0,2,2012,5.909068043559694,Suburban,Yes,486792.5875265098
1888,1.0,2,2016,4.193348737556678,Suburban,No,414599.84739792574
2357,3.0,3,1985,4.903590767176979,Urban,Yes,538954.1818558655
2236,3.0,1,1998,3.971408092940131,Suburban,Yes,476748.06888037606
1963,1.0,2,1995,4.975517880142032,Suburban,No,412259.1648616262
1576,3.0,3,1976,1.116756920854423,Suburban,No,295712.7658996513
1242,5.0,1,1980,1.4969294641092163,Suburban,No,299109.84571145166
1776,4.0,3,1983,7.942033332125294,Suburban,No,415513.4287121737
2428,5.0,1,2008,4.013317509889302,Suburban,Yes,546029.80100538
2107,5.0,3,2003,8.149655945967346,Rural,No,493328.5749882632
1377,1.0,1,2015,5.319498294584338,Rural,No,307161.09541622596
2086,1.0,2,1979,8.253256712330195,Suburban,No,456599.8602622183
2192,5.0,3,2022,6.9722610363063495,Suburban,Yes,540449.5263157747
1558,5.0,1,1972,2.809011031851696,Urban,No,380494.2720522001
2076,2.0,1,1958,5.029502947493903,Urban,No,419323.5807993344
2029,,1,2004,7.338991887007322,Suburban,Yes,438475.5996312352
1428,4.0,2,1950,3.9755535857343114,Urban,No,329932.4577921715
2178,5.0,3,2005,2.7397197080686393,Urban,Yes,533688.7531310845
2280,3.0,1,1988,5.858748306708227,Urban,No,505888.15889233217
2541,2.0,2,1967,3.4628333832837677,Suburban,No,465741.9345924458
2526,1.0,2,1991,6.349079486047528,Urban,No,500078.40669231344
1311,5.0,2,2022,3.445609611934403,Rural,No,328625.9987004084
1531,3.0,2,2014,9.159213159506624,Suburban,Yes,448615.7049235644
2257,,2,1982,4.09511811390886,Suburban,Yes,467855.59683755273
2256,3.0,2,1979,9.167053623082085,Suburban,No,495130.383096923
2257,1.0,2,1954,3.515336272167501,Suburban,Yes,460098.38185237435
3926,2.0,3,1999,6.4400907617713345,Rural,Yes,695539.360199494
2285,3.0,3,2014,2.171965268373554,Urban,No,493906.04477227444
2567,2.0,2,1959,8.005346629110392,Rural,No,464871.66991846793
2477,4.0,1,2009,2.8019594655957905,Rural,Yes,490077.89213936264
2325,1.0,1,1976,8.776185247799257,Suburban,No,453321.71683107154
1842,2.0,1,2021,5.072013031804004,Rural,Yes,397224.94201963797
2379,2.0,2,1977,1.8508559915239307,Urban,No,465858.6224216213
1613,3.0,1,1994,4.271846224868428,Suburban,,378181.6129796096
1881,3.0,3,2001,8.017533329779418,Suburban,No,421555.4304216179
1757,1.0,3,2015,1.686654808298838,Suburban,Yes,400593.70399252867
2040,2.0,3,2011,6.631562283441918,Suburban,No,443441.49133823096
3157,5.0,3,2009,5.56539600266374,Rural,No,617766.8161047795
1066,3.0,2,1989,3.7888264658361654,Suburban,No,289096.18919237773
2343,3.0,3,1964,7.8005564445582865,Rural,No,453589.87071509217
1193,4.0,1,1956,1.471966638783837,Urban,No,299406.1836137946
1764,1.0,1,1988,5.478776475626234,Urban,No,403741.88554683735
2544,2.0,3,2000,5.561768298094738,Suburban,No,493967.06586973794
2032,2.0,3,1956,1.7776551672520298,Urban,,400511.1148497464
1461,2.0,3,1961,2.2242045125232983,Urban,No,314410.6537091983
1642,3.0,1,1963,4.686889667190233,Rural,,316972.93280887965
2339,1.0,1,1983,5.828702695234992,Urban,No,471685.2431387074
1634,2.0,3,1988,,Urban,Yes,400877.7955688411
2108,5.0,1,2022,1.1058086793445847,Urban,No,516201.4343601789
2022,4.0,1,2013,2.7334381173309015,Suburban,Yes,449367.6035151732
1674,4.0,2,1961,5.3902852172639,Suburban,No,348989.6290276365
9213,2.0,3,1983,1.3625083963828586,Urban,Yes,620685.46392866
2316,3.0,3,1976,7.599118208307975,Suburban,No,501238.8647672118
987,4.0,2,1971,2.367353642251866,Rural,No,239214.21957913353
2093,4.0,2,1967,,Suburban,Yes,438405.160446996
1669,4.0,1,1995,2.842600544791283,Suburban,No,388498.9007017418
2426,4.0,2,1993,4.119575183806104,Suburban,No,512189.4830044896
1603,2.0,3,1967,5.311836529619221,Rural,No,343880.67192814813
1942,1.0,3,1986,4.125437024484601,Rural,No,365453.2521147342
2252,1.0,3,1956,1.212574343330365,Rural,No,406876.77559841244
2432,,1,2017,9.177166564428184,Suburban,,523476.994411111
1399,,1,2009,3.5781986980079457,Suburban,No,377476.73279214173
1832,1.0,3,1997,2.224324360046408,Rural,No,373955.3186361868
1762,5.0,3,2000,2.192664152941976,Suburban,No,427776.14187760866
1673,1.0,1,2001,9.771512588419814,Suburban,Yes,362960.68702694186
2882,1.0,1,2001,2.1075192251024673,Suburban,No,501593.2335938928
2202,3.0,2,2003,4.118926360889218,Suburban,No,475602.2024984355
1369,,1,1990,1.6085937938601371,Urban,Yes,379948.66868873645
2458,3.0,1,1991,7.619255315590531,Urban,No,524922.8493795303
3061,,3,1971,6.3707648249759865,Suburban,Yes,568300.366483466
2516,4.0,3,1988,5.802120211038386,Rural,No,494999.61847648164
1240,4.0,3,1972,8.702563094858453,Urban,No,344752.9677696248
1757,4.0,2,1997,6.1600309489185925,Suburban,No,457105.5973602875
2633,5.0,1,1982,9.59977837190863,Suburban,No,568559.6468303218
1646,1.0,2,1990,6.605020788636123,Rural,No,320631.95468881336
2221,2.0,1,1979,4.189063614997654,Suburban,,457592.8284798231
2387,3.0,1,1996,1.3307219328877022,Suburban,Yes,459014.14445479575
1536,,3,2006,7.52748045654235,Rural,Yes,400780.3355637623
1970,,1,2021,4.362806486938594,Suburban,No,425098.5644283572
379,2.0,2,2006,6.392819614669596,Suburban,No,161966.52806688898
1487,4.0,3,2011,8.887133916974044,Rural,No,390775.13509481726
1873,2.0,2,2006,1.0689240747612314,Suburban,Yes,406092.42129755864
1376,3.0,2,2017,7.836512119053165,Rural,Yes,374015.9797308206
2816,2.0,3,2021,4.917562976019243,Rural,No,524648.6830291672
1284,1.0,1,1974,2.1165414746523257,Rural,No,290177.1854147352
1779,2.0,2,1989,6.242119652382066,Suburban,No,380219.3700959271
2065,1.0,1,1966,5.7935343122242555,Suburban,Yes,423935.1533170666
2720,2.0,3,1997,8.580772343284643,Urban,No,581890.8390695194
1282,1.0,1,1988,5.694064687908559,Rural,Yes,288090.5358198198
2581,1.0,1,1964,8.446166830612245,Urban,No,490209.134997985
2005,2.0,3,1966,5.900403216052754,Suburban,No,443543.61462996353
1509,5.0,1,1984,5.022510250114098,Suburban,,407270.0706198169
2231,4.0,2,1982,4.3406551059550855,Suburban,No,448249.902264657
2099,4.0,2,1967,2.5632769438450795,Rural,No,399871.68272846506
1699,4.0,2,1979,6.256277923988173,Rural,No,365114.2798876822
2034,1.0,1,1986,5.8982525696283545,Urban,Yes,475627.7159882945
1807,4.0,2,1956,9.7816568643826,Rural,No,411888.8906334934
2056,1.0,1,2023,4.711679206854543,Rural,No,393105.38638638204
2331,5.0,1,1977,4.793709367852544,Suburban,Yes,447744.8993350185
2793,2.0,1,1967,2.474842464723782,Suburban,No,484579.3651845121
1381,2.0,1,1996,6.378143991419428,Suburban,Yes,325845.06331387133
3066,1.0,3,1972,8.630670421334138,Rural,No,543059.1501269031
1023,1.0,2,1969,3.2313084812623627,Rural,Yes,235346.57416564247
1924,5.0,2,1980,1.0817011058070327,Urban,No,456402.68439310254
2294,4.0,1,1963,,Suburban,No,457692.6606473379
2140,5.0,3,1972,1.28236412486614,Rural,No,431786.94557143474
1688,2.0,1,1951,4.683486693880145,Suburban,No,316441.0882184996
1895,2.0,2,1978,6.514393039525303,Rural,No,400857.5234559831
1753,4.0,2,1999,4.47410545430229,Suburban,No,379123.1325023654
1705,2.0,3,2022,3.3452039456509803,Urban,Yes,447152.19382772886
2424,1.0,1,2008,8.193398571572764,Suburban,No,460087.7684401599
2178,2.0,3,1982,3.708398782898697,Suburban,,438312.6489362183
1653,3.0,1,1997,,Suburban,Yes,383772.63111621176
2449,4.0,3,1993,4.495570345034396,Urban,No,507614.17655418173
2153,4.0,2,1961,2.18498410113364,Suburban,No,417223.19770597015
2406,4.0,3,1991,7.213572801925619,Suburban,No,521709.3821480517
2314,3.0,2,1984,7.390723739525834,Suburban,Yes,514472.32087207644
1585,5.0,2,1990,1.1330073381471708,Suburban,No,390893.502503977
1719,1.0,1,2004,7.253798432899989,Suburban,Yes,398824.37750760885
2373,4.0,3,1962,3.690886055979993,Suburban,No,468786.55521111906
2305,2.0,3,1988,,Suburban,No,446342.74260150583
1989,1.0,3,2015,7.358356323184181,Suburban,No,447338.1233687484
2058,2.0,3,1984,3.50003284181694,Suburban,No,422598.7485327853
2638,1.0,1,2021,2.6684704594867608,Suburban,No,507297.2505761481
1704,1.0,1,1982,8.437230296568735,Urban,Yes,411412.4985510337
2273,2.0,1,1985,7.652658514355212,Suburban,No,467597.5604299036
1898,2.0,2,1962,8.534281058985043,Urban,Yes,410645.3026006858
1891,1.0,2,2005,4.921478859147447,Urban,No,445049.624113055
2549,4.0,2,1995,5.107319063926699,Suburban,No,528863.8175728073
2412,2.0,1,2022,4.097504514561029,Rural,No,472500.25086527364
2406,3.0,2,1995,5.49156217470359,Rural,Yes,506341.1627523324
2652,3.0,3,1993,,Urban,No,562614.6144956157
2010,1.0,2,1995,8.330904410116872,Urban,No,496467.3944305068
2340,5.0,1,2023,,Suburban,No,525755.6140267521
1844,1.0,1,2018,4.648758674421653,Rural,No,382147.0096069403
2162,1.0,1,1980,5.150814727373916,Urban,Yes,474868.5597115036
1934,4.0,1,1973,5.391950951097435,Suburban,Yes,438107.65272638283
2048,4.0,3,1981,5.877756185652966,Urban,No,454019.5749747302
2297,5.0,2,2016,8.21572528885045,Suburban,No,528211.5567203197
1590,5.0,2,1965,8.976255208573923,Urban,No,397556.96881612425
3046,5.0,1,2006,2.4324190250012268,Suburban,No,644647.789190599
1496,5.0,2,1973,7.414136573875377,Rural,No,312447.89962431515
1392,5.0,3,1983,5.311974213116754,Rural,Yes,361684.25833651936
7737,1.0,1,2001,4.759450414707764,Urban,No,514091.5717213941
2395,1.0,2,1997,2.020088432051713,Suburban,No,440099.0702946041
2312,3.0,2,2002,1.5772217639300465,Rural,No,454395.96062388556
2314,3.0,2,2004,9.800298795763954,Urban,No,542783.2790321775
1993,2.0,2,1987,6.781316703604101,Urban,Yes,480539.7523978632
1551,1.0,1,1951,5.0718329460393115,Suburban,No,299289.75147305225
2037,5.0,1,2018,,Suburban,Yes,487259.6157837341
1661,2.0,3,2002,1.8201945926916685,Suburban,No,386112.37403386354
2487,4.0,1,1999,6.467017527393995,Urban,No,550451.889534431
1926,1.0,2,1978,6.945504316895581,Rural,No,354174.4665019596
1587,3.0,2,2023,5.068494135109354,Suburban,No,379771.12967560923
1839,1.0,2,2004,3.273387565238555,Suburban,No,378852.9885482708
2206,1.0,3,2010,9.591264004190743,Suburban,Yes,530734.7574749753
1718,,1,1999,3.7102141001530273,Rural,No,288265.72831389564
1588,1.0,1,1965,2.123172391267811,Suburban,No,311920.71923456737
2121,4.0,1,2019,6.6742621987740645,Suburban,No,497185.8504989923
2122,3.0,2,1993,6.168906748231951,Urban,Yes,513581.8485231762
1746,1.0,2,1965,7.792952844761259,Suburban,No,354634.86523468094
1764,4.0,2,1977,7.784048190646361,Rural,Yes,388934.1212081295
2116,2.0,3,2006,6.582123485915229,Rural,No,469470.49183794076
1275,1.0,3,1975,2.8678176536716875,Urban,Yes,293801.5194462004
1296,4.0,2,1960,8.984309879775125,Urban,No,327295.0727501645
1640,5.0,3,1950,,Rural,No,286933.78010757914
1893,2.0,3,2018,1.845858595993219,Urban,No,437575.1688747846
2155,3.0,3,1992,3.713492115954087,Suburban,No,498474.1827056336
2737,1.0,1,1995,5.3490897923587175,Urban,No,527261.3275051173
2428,1.0,3,1985,2.8646438246606394,Rural,Yes,462388.3750258327
1920,4.0,2,2015,4.003045017876312,Suburban,No,433076.1117176404
1990,3.0,1,2006,5.623238729194648,Suburban,No,433061.5663542826
1498,5.0,3,1955,3.9064548569479447,Urban,No,345787.1986854205
1990,,2,2011,1.803856163327386,Urban,No,438337.6829146812
1855,3.0,3,1976,2.7749216515514727,Rural,No,345740.16535714344
2161,1.0,2,1975,8.147861908963236,Urban,No,492522.22420128185
1586,4.0,2,1962,9.588984570405787,Suburban,No,362372.7411782187
2259,5.0,3,1967,2.3359320025319392,Suburban,Yes,438349.5989052369
2766,4.0,3,1987,7.129171472072688,Urban,No,619172.4132052744
1945,2.0,1,1955,9.150217978207925,Suburban,No,354686.68921650224
6600,3.0,3,1977,3.692285733849602,Suburban,No,455113.5789866861
2345,4.0,2,1954,8.465155612793989,Urban,Yes,511837.45332195895
1799,4.0,1,2008,9.144421942408208,Rural,No,443486.60842747573
2112,1.0,2,2022,3.69548101366596,Urban,Yes,472744.97377133474
2006,,2,1994,1.5106672907451077,Urban,No,474968.03360434656
2048,5.0,3,2002,,Suburban,Yes,515819.1933008679
1613,3.0,2,1951,3.9743440700586503,Urban,No,357128.1991200616
2012,2.0,3,1998,1.1236425128592544,Suburban,No,414609.49791892536
2248,4.0,2,2022,5.274277976785124,Suburban,Yes,502426.2396060714
2725,5.0,1,2012,2.0428892273044372,Suburban,No,619209.8501363796
2479,2.0,3,2019,,Rural,,522862.4927529193
3076,5.0,1,2007,2.394958855571308,Urban,Yes,646739.6262161713
1616,4.0,3,1953,3.7397692435832868,Suburban,No,331877.4523121625
2436,4.0,1,1979,8.114051538116815,Suburban,No,506618.31621030835
2091,3.0,3,2006,8.257122732634055,Urban,Yes,528613.466023097
3094,1.0,1,1996,9.11151989801513,Suburban,,603655.2218989037
1595,5.0,1,1967,5.4765654124209275,Suburban,Yes,369009.4247688951
1580,1.0,3,1993,9.880485661424549,Urban,Yes,432774.3882280002
1700,1.0,3,2001,5.645701052089403,Suburban,No,398765.4792794778
938,2.0,2,1998,8.116370124472226,Urban,No,345030.29655790085
1737,2.0,2,1979,4.257121742966879,Suburban,Yes,381790.2150257765
1620,5.0,3,2001,9.47162184670194,Rural,Yes,440743.4782713584
2075,1.0,3,1986,7.16514603987103,Rural,No,388435.3834049792
2170,3.0,1,2012,1.6938842649796237,Urban,No,475759.94123379485
2938,1.0,1,1961,1.976678459251072,Suburban,Yes,485576.7858628
2475,2.0,2,1966,9.017294960336937,Urban,Yes,503568.15664380713
1711,1.0,2,1983,,Rural,No,352745.2972606259
1550,4.0,2,1977,3.970848158387143,Suburban,No,361491.17997670243
2245,4.0,1,1953,5.6943636731439895,Rural,No,423788.2483381149
1339,,1,1995,8.674735940328777,Urban,Yes,375341.4129405951
2915,5.0,1,1963,1.9308799373117067,Urban,Yes,595834.6767150747
2589,1.0,2,1962,2.2432547940909693,Urban,No,459343.11601922376
1765,4.0,3,2007,7.439742448252244,Suburban,Yes,436562.9551354059
1143,5.0,2,1998,1.7398493419822896,Rural,Yes,301642.1475737327
2676,,1,1999,,Urban,Yes,564899.4850690712
1942,5.0,2,2016,3.2662748993723794,Suburban,No,439153.6512890596
2618,5.0,2,1970,7.842573051425246,Urban,No,568121.5663465352
1202,4.0,2,2000,1.0220308623669134,Urban,No,327321.88839527697
1700,2.0,2,1987,2.038462452657045,Rural,No,329477.1754697128
2002,5.0,1,1975,1.8910678690070672,Rural,No,421894.95299209823
2023,1.0,2,1955,3.862693467111396,Urban,Yes,428381.51254413195
1774,4.0,1,1967,3.092315490898308,Urban,No,393667.8643467486
2311,2.0,2,1955,3.0545450661941844,Suburban,No,405159.8209697262
1466,4.0,1,1990,4.333539351862043,Urban,Yes,412850.5218250961
1928,3.0,3,2006,2.9264407973800406,Urban,,434389.4109113572
2060,1.0,1,1999,1.9559276981788907,Suburban,No,395410.9751914841
2257,3.0,1,1974,6.249261379028643,Suburban,Yes,463952.8208689628
2355,5.0,3,1997,9.565639273181045,Suburban,No,531222.2866263725
1437,5.0,3,1973,6.464484343343706,Rural,No,301150.154891223
1232,3.0,3,1979,7.813186035668611,Suburban,Yes,336571.3105804774
2638,3.0,3,1994,9.749591552728932,Suburban,Yes,588027.9100327593
2166,5.0,3,1992,2.3784638064271673,Suburban,Yes,485460.8082833468
1625,2.0,3,2021,5.138289748799853,Suburban,No,414523.2335694602
2775,1.0,2,2005,6.236626217808119,Urban,No,570818.7755939872
2057,4.0,2,2022,3.899015439630438,Urban,Yes,531801.057275922
2589,3.0,3,2019,6.51816530682997,Rural,No,508205.8311732363
2033,1.0,1,1982,6.6143844114488175,Suburban,Yes,452044.71321885334
3030,4.0,1,1994,8.580063126402521,Urban,No,665560.3602900287
2877,4.0,3,1956,8.492638443936741,Suburban,No,569754.2250549874
1875,3.0,2,1967,2.2826974496492793,Suburban,Yes,395342.77055370994
2485,2.0,2,2019,2.5200270119854604,Rural,No,443317.92391319614
2322,2.0,1,1994,3.001347890132683,Suburban,No,431453.8303553568
2684,1.0,3,1986,3.3510720792579445,Urban,,537394.968151327
1517,1.0,2,1970,6.080440665193501,Suburban,No,302720.85040003667
2343,5.0,3,1993,3.9474130677060835,Urban,Yes,560319.608922858
2529,2.0,3,1979,9.576664179845519,Rural,No,487690.55713762785
1120,1.0,1,1960,2.064712791305919,Suburban,Yes,226379.8854409202
1408,5.0,3,1957,3.2183647885206987,Suburban,No,321530.4239309237
980,4.0,3,1954,8.814857879069802,Urban,No,265062.81356658763
1865,1.0,1,1957,6.2589802155265275,Urban,No,350446.9585700541
2358,5.0,2,1954,5.926856016298639,Suburban,No,459430.61559123476
2751,2.0,3,1959,6.349107265604056,Rural,Yes,495580.5854971142
2037,4.0,1,1964,3.270381036009423,Suburban,No,395219.2043908321
2814,1.0,2,2005,7.85302500845988,Suburban,,551187.0399649902
1309,2.0,3,2004,5.468789022836965,Urban,No,305517.4358763222
1148,4.0,2,1952,1.3833634713057563,Suburban,,256248.66392850628
1972,3.0,1,1990,2.5944243605987936,Suburban,No,429029.395045453
2192,2.0,3,1959,8.349617398433896,Suburban,No,417357.70714291424
1983,3.0,1,1956,4.105402890746479,Suburban,,382704.73664188525
966,1.0,1,2012,7.960997143147396,Urban,Yes,349562.8459069674
1955,5.0,3,2012,,Urban,Yes,508586.6953891178
1347,1.0,1,1975,3.7131380265378957,Urban,No,274297.7451274075
2334,2.0,2,1983,2.1433198960051545,Suburban,No,468357.93997269555
2183,3.0,1,2021,,Suburban,No,475163.2511718088
1530,3.0,3,1988,6.7877862474670625,Urban,No,392919.95815459255
1743,4.0,3,2009,,Suburban,No,392941.0651604141
1470,1.0,2,2018,5.70947471401805,Urban,Yes,382316.53039052314
1968,1.0,3,1975,6.507127643662181,Suburban,No,381130.76578340784
2477,2.0,1,2011,1.019066695114255,Rural,No,472579.7989937095
1507,3.0,1,1959,7.034619473055439,Urban,No,371235.5268857524
2252,2.0,3,2003,6.904702603740524,Suburban,No,500172.21119257406
1734,2.0,2,1980,1.7432057944337096,Rural,,337426.6952439032
1603,3.0,2,1987,8.0897800034558,Suburban,No,359217.8919328684
1946,2.0,3,1974,8.42579964994258,Suburban,No,398757.72778007644
1482,3.0,1,2014,3.611462236576203,Suburban,No,353117.86800275306
1723,2.0,3,1999,2.459913914442904,Suburban,Yes,414581.67927353486
1401,5.0,3,1973,,Rural,Yes,359460.13254745625
2982,2.0,2,1976,2.110151426045712,Rural,No,515010.43360010727
2017,2.0,1,1999,8.722381752626754,Urban,,495848.46093416505
1650,5.0,2,1999,5.3211653654002715,Urban,Yes,421506.9767716817
2106,1.0,2,1964,9.188280837882687,Urban,No,493879.23419992824
1943,,1,1966,6.7795243480649585,Suburban,,380164.72393990285
1889,4.0,1,1978,3.565830393606622,Suburban,No,385500.1457541169
2307,5.0,1,1954,5.212339441005518,Urban,No,460426.0385745666
7134,1.0,3,1960,5.764124328782135,Suburban,Yes,430628.5223038049
1734,2.0,1,2001,8.336427984129605,Suburban,No,385725.2383256091
1712,1.0,3,1983,8.756696477530518,Suburban,No,386255.898357207
1862,5.0,2,1982,7.147105985927314,Suburban,No,429440.33465909807
849,2.0,1,1998,3.6477829465542166,Urban,No,245355.16406920465
1242,1.0,3,1980,5.757116571665068,Urban,No,289143.31812860176
2683,4.0,3,1967,,Urban,Yes,518171.4903630347
2822,3.0,3,1954,3.0709852790911913,Rural,No,507733.86372827017
1875,3.0,3,1979,3.7275277079497595,Suburban,No,419857.82748716354
2288,5.0,2,1994,1.654839384243046,Urban,Yes,522429.23579319747
2155,2.0,1,1987,8.964897451036865,Suburban,Yes,469041.3327745388
3539,2.0,1,1978,2.1037975950268306,Suburban,No,590901.697820676
2559,3.0,1,1985,7.2715485347690745,Urban,Yes,562957.2012750523
1936,1.0,1,1958,5.550956819360627,Suburban,No,352745.6473016461
1522,2.0,1,1972,8.485910457182259,Suburban,No,268309.754400766
1196,,1,1952,7.669321733950135,Rural,Yes,252648.8726873555
6303,4.0,3,2005,,Urban,No,542432.2610270807
1621,2.0,1,1989,4.765116498920643,Urban,No,400658.9249176211
1288,2.0,3,2005,8.505785223064784,Urban,No,373509.2166786636
1676,3.0,2,2007,1.852676880281252,Suburban,No,383347.2916607183
1459,5.0,3,1980,4.999771142745776,Suburban,No,349342.5587940217
2843,3.0,2,1960,9.951526547200041,Rural,Yes,533078.6796186536
2440,5.0,1,1991,9.533030905382821,Suburban,Yes,540573.0157674531
1996,4.0,2,1952,1.7399132648390871,Suburban,No,357275.05942437367
2739,5.0,2,2006,6.156870302501538,Rural,No,568957.942354542
2038,3.0,3,1963,3.8408555057866867,Rural,Yes,418368.3675244732
1569,2.0,3,1995,7.556252815088874,Urban,,414405.4222155586
2761,5.0,2,1968,7.622086902837095,Urban,Yes,613145.1797970616
2269,3.0,2,2009,1.0008394121911859,Suburban,No,464083.4766619129
1481,4.0,1,1980,8.612372626942205,Rural,,328213.80931294506
1904,5.0,3,1985,3.0122443696295145,Urban,No,453107.4414572571
1562,4.0,2,1981,9.69315952797338,Urban,No,433787.7277984823
1308,4.0,3,2012,9.148881771064945,Suburban,No,402635.06699770916
2463,1.0,1,1975,2.7159314414211457,Suburban,No,460254.7303806336
2954,5.0,1,2014,,Rural,No,602103.5112391872
1300,3.0,2,1951,,Urban,Yes,356641.092545723
2281,5.0,1,2019,1.926857218219367,Urban,Yes,545888.9509549935
1674,5.0,2,1994,8.866020952938499,Urban,No,423199.91094220796
1756,4.0,3,1974,2.627438249921397,Urban,Yes,409952.91670325916
1703,4.0,3,1989,,Rural,Yes,390840.8438244813
1568,4.0,2,1967,9.317702134171137,Rural,,308042.5840469024
2024,4.0,2,1961,1.6781890725752886,Rural,No,366579.3370975073
1584,3.0,2,1973,5.9552604615458655,Suburban,No,372414.75999032496
2135,2.0,3,1992,6.14929935088588,Urban,No,504494.42479754816
1974,1.0,3,1981,7.867600396097298,Urban,No,446352.5090472763
1880,4.0,1,1996,8.44417782782971,Suburban,Yes,446092.4853245013
1546,4.0,1,1994,4.817294152844857,Suburban,No,376743.40435359743
1711,1.0,3,1984,7.693147366281462,Suburban,Yes,395433.63968622487
2377,4.0,3,1958,,Rural,Yes,455750.2490367975
2250,2.0,2,1959,8.976395791502739,Urban,No,465948.41700638685
1511,5.0,3,2014,5.516371617543084,Suburban,No,411781.78365740925
2049,1.0,3,2008,6.463265945619417,Suburban,No,367121.534453912
2375,3.0,1,2006,,Suburban,,514550.87496466294
1165,1.0,1,1959,8.371979199247678,Suburban,No,259034.62380424095
2271,2.0,2,1968,5.569597808544406,Urban,Yes,497038.6342646932
1668,3.0,1,1999,2.0071001736646306,Suburban,No,341767.8388422506
2285,5.0,2,2017,4.46771563405243,Rural,No,494340.5091517586
1618,4.0,3,1954,7.481818714791187,Suburban,No,318233.5919851317
1097,1.0,3,1978,6.614190506654996,Suburban,No,259830.38810014317
1186,3.0,2,1954,7.781426213358177,Suburban,No,281760.2423398346
2024,1.0,1,2009,5.499583644900989,Suburban,Yes,409511.2241490403
2129,5.0,1,2014,2.5696429529068063,Rural,No,438552.6216781478
1547,1.0,3,1977,2.036867847464641,Urban,Yes,369829.84189439024
2319,3.0,1,1950,5.331357451121563,Suburban,,444218.728327936
1169,2.0,2,1978,2.8515235259384557,Rural,No,261043.64047934226
1966,3.0,3,2000,9.840401992483834,Urban,No,458839.98487569246
1394,1.0,1,1985,2.7887767474540572,Urban,No,299793.34672433283
1674,5.0,3,1981,6.1010586522069366,Suburban,No,395290.61621121515
2023,4.0,3,2013,1.015911407717104,Urban,No,467292.6954730565
1569,4.0,1,1963,3.2828057397906547,Suburban,,340468.8546805042
1807,5.0,2,1981,3.3322463849720143,Suburban,No,383556.1727571753
2503,1.0,1,1958,7.6418869205440405,Suburban,Yes,507225.5552870598
1711,,1,1960,5.460635246900136,Suburban,Yes,361288.95868320117
2417,1.0,1,1997,1.1088266590970353,Rural,Yes,460605.9467612502
1435,3.0,1,2000,4.412538449702929,Rural,No,347936.1363015599
2264,2.0,1,1953,6.8030298736488675,Urban,Yes,448566.29137982405
2720,1.0,1,1990,6.730362593836677,Suburban,No,545194.991431193
764,4.0,2,1974,1.4849984279129993,Suburban,No,251668.72388133698
1601,4.0,3,1966,9.360216391361678,Urban,No,400723.2262148677
2288,2.0,2,1996,3.22291961872628,Rural,No,444416.4674635184
1898,,1,1957,9.023735026943491,Suburban,No,356684.0424452279
2185,2.0,2,2007,2.920730013349057,Urban,No,507431.9400617154
1698,3.0,3,1950,6.110652558403187,Suburban,No,313825.5021023841
2043,2.0,2,1951,4.654722774213456,Suburban,No,361383.9298880513
1922,3.0,1,1959,6.232143548317695,Urban,Yes,445474.50379399327
2583,4.0,3,1976,5.480765327498979,Suburban,Yes,544489.0917272732
2127,3.0,1,1962,1.0184257976831383,Suburban,No,393792.68937101704
2168,1.0,1,2012,4.161991373187323,Suburban,Yes,476706.96857729426
1794,1.0,3,1960,1.100954406967295,Urban,No,321008.51543737645
1756,1.0,3,1963,7.150298811922975,Suburban,Yes,389464.03358826454
1783,1.0,1,1975,8.681462246696775,Rural,No,356403.99180664605
2197,5.0,2,2018,4.462430155388745,Suburban,Yes,529949.2454712515
1789,3.0,3,1988,5.723218338112978,Suburban,No,392318.5687668596
2144,1.0,2,1977,1.5925361246133303,Urban,No,450514.81135088974
3037,2.0,2,1966,4.46677667932179,Suburban,No,563036.6599987176
2435,2.0,3,1986,2.2497436578816226,Urban,No,493722.82033124246
1836,5.0,2,1976,1.5823165505350154,Suburban,Yes,392896.49320746073
2600,3.0,3,2016,2.5482983275079105,Rural,No,516964.0089507063
1795,3.0,3,2017,8.837595492085685,Suburban,No,425443.1944316081
980,,3,1996,9.839839629960542,Suburban,Yes,316031.0362054226
1495,,3,1983,8.91292719492641,Suburban,Yes,424950.711141273
1064,3.0,2,1967,9.727034245171529,Urban,No,300653.80363117903
1824,3.0,2,1984,7.5772612133691615,Urban,No,415009.1417964919
2009,1.0,3,1967,2.43734949836782,Suburban,No,405154.2709032593
2838,3.0,3,2019,6.068534077701404,Rural,No,578145.0604081961
2163,1.0,3,1983,7.584364626703513,Urban,No,477565.61471373285
1890,1.0,3,1982,5.62116514733918,Urban,No,421694.71310290194
2414,3.0,1,2021,5.992005106920098,Suburban,No,501736.53755061154
894,2.0,2,1992,6.275710855130611,Urban,Yes,333743.78505817574
2117,4.0,2,1976,5.201617954415053,Urban,Yes,478435.0621807441
2385,2.0,3,1997,3.615296197891487,Suburban,No,436228.9966212624
1260,,1,2018,6.733226249241652,Urban,Yes,381551.83013812243
2571,3.0,1,2020,1.481575563047559,Suburban,No,547222.1598843862
2169,2.0,1,1971,2.538345220284088,Suburban,No,401733.63425811694
1792,3.0,3,1983,9.327353841882688,Suburban,No,439842.40333793167
2316,1.0,1,1992,5.399346272399293,Rural,No,434742.18679876614
3135,5.0,3,1965,8.395154302257286,Suburban,No,600942.5907718703
2090,3.0,1,1963,7.5388662251817955,Urban,No,435355.43523948116
2124,3.0,3,1988,3.886381485857683,Rural,No,442147.6487954093
1770,2.0,3,2020,8.232841567544117,Suburban,No,444070.02686527115
1575,1.0,2,1961,1.8219019604797762,Suburban,No,271768.99612862593
2415,2.0,3,2004,8.874804289118853,Urban,No,560031.1994547321
1571,2.0,1,1955,7.125040011973805,Urban,Yes,361043.39688771893
2035,3.0,2,1989,9.343650852266189,Rural,No,426443.89372093766
1761,1.0,1,1962,9.059593602240147,Suburban,Yes,402555.10696332867
2239,3.0,3,2018,4.42235832011859,Rural,No,511103.5970515779
2166,,2,1973,8.711492696824315,Suburban,No,436531.73760193406
2518,3.0,3,2023,6.067144648174014,Suburban,Yes,518003.85453818465
1744,3.0,3,2008,,Rural,No,379997.47414914076
1865,5.0,1,1995,8.465957770521554,Urban,,493213.66012483847
1510,4.0,1,2022,9.17127782776242,Urban,No,434579.06959165656
1777,1.0,1,1993,1.7609248689318946,Suburban,No,341128.7404226695
6564,5.0,2,1960,9.374975596993377,Suburban,No,444844.1181151422
2378,4.0,1,2010,6.411384186569107,Urban,No,544907.2450514766
1538,,3,1985,1.2330767386199173,Rural,No,298461.01800475427
2434,4.0,2,2021,5.8761516814334565,Rural,No,508842.4289694091
2677,5.0,1,1959,8.170741308550387,Suburban,Yes,534558.661622776
2206,,1,1950,5.798633024216981,Suburban,No,405183.3983588077
2938,2.0,1,2012,7.365216285620749,Urban,No,631469.3725336228
1613,4.0,3,1961,8.916244586895216,Rural,No,343762.6860261298
1377,2.0,1,1954,8.827853591398364,Suburban,No,275589.18542575376
1110,2.0,3,1985,2.609829261419857,Urban,No,273669.53306491027
2748,3.0,2,1966,4.8441702258602195,Urban,No,560929.580839656
2327,2.0,1,2007,2.000485592920883,Suburban,,505653.84666652844
1972,3.0,3,1971,6.355880353747402,Suburban,Yes,404104.07198770356
2139,1.0,1,1980,9.592540760310962,Rural,No,451432.662183445
1437,1.0,1,1975,2.636622756728113,Urban,Yes,371257.0150445344
3222,3.0,2,1962,4.632673274068306,Suburban,No,561697.5359089727
2064,1.0,2,2012,9.5862411999162,Urban,Yes,501395.9071375783
2054,4.0,3,2016,7.751064037732019,Urban,No,532602.1579799611
2362,1.0,3,2012,1.6405253116350385,Suburban,No,468642.0549364873
2240,3.0,3,1960,4.855740099158282,Urban,No,457747.1555388326
2111,4.0,2,2018,9.890971493658897,Suburban,No,526062.2491974342
1604,2.0,3,2013,5.07918338633595,Urban,No,428642.33175016934
2235,2.0,2,2017,6.664612689432599,Suburban,No,467823.9212671401
2941,2.0,2,1981,7.308790309562709,Rural,No,549871.5522107024
2672,3.0,1,2023,6.975382508638005,Urban,Yes,615131.2812410581
2796,2.0,1,1959,5.6684661313682065,Urban,Yes,543810.4907311084
1744,1.0,3,2003,2.195161187418953,Suburban,Yes,376636.30089291016
1505,2.0,2,2004,7.375733740724624,Urban,Yes,392369.02349004004
1937,5.0,2,2011,,Urban,,503420.0128126896
2027,5.0,2,2004,9.4752698254491,Urban,No,505590.84541096806
2547,,1,1984,,Suburban,Yes,518421.1501875487
1153,2.0,2,2016,5.429777402299994,Urban,No,372235.2429095869
2764,5.0,3,2014,4.00564990292531,Suburban,No,575946.9307378018
1920,2.0,3,1966,1.9321208982978724,Suburban,No,374242.37391086144
1786,4.0,1,1991,8.948060418547824,Rural,No,380755.80181151925
1493,5.0,3,2008,2.233480785250718,Urban,Yes,421679.39870691026
1172,3.0,2,2019,3.5915115650629694,Suburban,Yes,351615.1272809689
2411,5.0,2,1960,7.663586236772271,Suburban,,487159.01653859706
2036,1.0,3,1977,7.3428731529629685,Suburban,No,407467.6511135622
1355,4.0,1,1988,,Suburban,No,334503.51240470365
1352,,2,2003,7.675362959094194,Rural,No,340955.2305448934
1832,2.0,2,1960,5.877796725540154,Suburban,No,362488.6957994064
2834,1.0,1,2007,2.3945587853228725,Urban,No,542232.5424193682
1870,1.0,2,1989,9.985222117262213,Rural,No,410921.5268505042
1248,4.0,3,1953,9.029256284458071,Urban,No,328177.2416769828
1877,3.0,3,2013,4.880370223555271,Rural,No,439017.364541316
1863,1.0,1,1997,5.772934987791726,Urban,Yes,411277.8717312169
651,3.0,1,2019,4.54195855138303,Urban,Yes,330665.61584850075
1972,3.0,3,1980,,Urban,No,480143.61742050335
1884,1.0,1,1951,7.580260357780146,Suburban,,349043.7835887738
2348,3.0,3,1992,3.0840687889849407,Urban,No,505306.727056069
2924,4.0,1,1990,4.895168801610673,Suburban,No,569500.1354193445
2563,1.0,3,2009,6.7621130806798435,Rural,No,488050.6849747192
1865,4.0,2,1995,9.892177485267698,Suburban,No,470349.823475499
1446,4.0,2,1989,3.923867222203798,Rural,No,342853.0474444781
3286,3.0,3,2008,7.705004021731304,Suburban,No,673548.3072063968
2029,3.0,2,1994,4.120045871929229,Urban,Yes,491627.51510964555
2006,1.0,3,1991,1.8310577773272279,Urban,No,413944.90191854426
1987,2.0,1,1970,7.931312380247328,Rural,No,390093.129477915
2099,1.0,2,1952,6.843761946779891,Suburban,No,401834.5369859367
1927,4.0,2,2015,5.629057439705236,Rural,Yes,426054.05793222866
1713,3.0,2,1960,7.07532299944112,Urban,No,383473.7309523023
1726,4.0,3,1973,8.913700485631216,Urban,No,439551.8077765381
5949,5.0,2,1999,7.808595409009698,Rural,,419352.7600953097
1728,5.0,1,1970,8.720356806335683,Urban,No,431971.30855620484
1643,4.0,2,1974,,Suburban,Yes,371689.590303166
2053,2.0,1,1953,8.20435165565677,Suburban,Yes,382689.1570912194
1872,2.0,2,1992,4.240084124198001,Rural,No,389482.21713424806
2751,1.0,2,1996,,Rural,No,520863.7208140139
674,1.0,1,1972,1.3886581281129948,Rural,Yes,154703.66549990352
2545,1.0,2,2009,7.5731910643464175,Suburban,No,508467.1067630031
2623,3.0,1,1970,3.44718374175548,Suburban,No,489066.0243459024
963,2.0,1,2015,3.7682582819501738,Rural,Yes,279894.35196025926
1828,4.0,1,2000,6.603202415219921,Suburban,Yes,414541.301160228
1814,5.0,2,1964,7.673583339233682,Rural,No,396880.3800777761
1296,2.0,2,2007,6.029958260202482,Urban,No,362903.64686040935
1611,2.0,1,1975,7.357350172013923,Rural,Yes,310070.0075893152
1444,2.0,2,2008,9.46947552860277,Rural,No,341559.6850847128
2876,1.0,3,1994,8.687439506084479,Rural,Yes,558747.6849960276
2467,3.0,1,2015,3.1672328604748374,Rural,Yes,492586.28522018343
2635,4.0,1,1984,9.161124829627628,Suburban,No,545069.5199516884
2360,1.0,3,2013,3.6753782972369105,Rural,No,460593.97788086155
1435,3.0,3,1976,6.945294331731819,Suburban,No,327458.4849213959
1737,2.0,1,1980,8.872446911703353,Urban,No,440060.3703935525
2244,3.0,3,1961,6.611015145409192,Urban,Yes,458771.764735477
1388,1.0,1,1994,8.255765224982841,Urban,No,344356.70277658553
2356,2.0,2,1981,9.346123979926965,Urban,No,530104.2428807858
1879,1.0,3,2003,9.702433586005885,Suburban,No,440622.0868179991
1812,4.0,1,2015,4.69569637144014,Urban,No,454500.4325905734
2355,2.0,1,1981,9.934913859350747,Suburban,Yes,524571.7573286785
2222,3.0,1,1964,3.4451304740615254,Urban,No,433476.76865662704
1819,1.0,3,2004,5.159679195515872,Urban,No,443006.1022066154
2579,5.0,2,1990,7.846350035891279,Urban,Yes,562583.9543402803
1459,3.0,2,1989,9.731382111293648,Urban,No,393194.3757682101
2307,3.0,3,2021,1.4764722512040611,Suburban,Yes,511753.2965949207
2296,2.0,1,1998,9.510775270348416,Suburban,No,495878.4374398654
1845,3.0,1,1987,9.988079478037925,Suburban,No,408284.85330475384
2163,1.0,1,2005,9.18621497111943,Suburban,No,436558.45704320574
1374,5.0,3,1983,1.9754579385503854,Urban,Yes,415079.4747156641
2462,4.0,3,1950,8.56630232725473,Urban,No,516716.5276733426
1907,5.0,1,1959,6.757856232715886,Suburban,No,383775.67742627533
1738,1.0,1,1989,1.0857388542007806,Suburban,Yes,344581.58289515256
2524,2.0,1,1965,9.859385903198948,Suburban,No,506322.86940376536
1647,1.0,3,1995,2.3547135099989567,Suburban,Yes,387949.47209625575
1295,3.0,3,1973,4.571392572307262,Suburban,No,292974.82948691776
1221,2.0,2,1963,1.2724525363441899,Suburban,Yes,307293.5422548174
2303,4.0,1,1988,3.785672033459097,Rural,Yes,451989.95905720984
1359,4.0,1,1967,6.114931509936607,Urban,Yes,349538.20233520976
2877,1.0,2,1990,9.377678101852043,Urban,Yes,588577.8517018472
959,3.0,1,2005,9.91328073556292,Suburban,No,286675.6930168969
2848,4.0,2,1985,4.810224475606139,Suburban,Yes,577074.3439254625
2105,5.0,3,1973,4.853654982335904,Urban,No,467387.94673160923
1951,2.0,2,1978,2.4430908861745393,Suburban,Yes,378938.4172809027
1727,5.0,2,1971,5.485230069945058,Urban,No,408565.26548965275
2199,4.0,3,1960,9.460729141850575,Rural,Yes,475593.35532851634
1981,4.0,1,1990,2.4885654169734295,Urban,No,404727.43656383385
2551,1.0,2,1998,3.398259187860012,Suburban,Yes,514648.0709341134
2057,1.0,2,1960,9.021860863468522,Suburban,,384706.02832817857
2075,2.0,1,2001,6.63787552444554,Suburban,No,468345.0931385983
1818,1.0,2,2016,3.974565141630775,Urban,No,464253.49303952
1971,3.0,3,1957,8.314704686476283,Rural,No,383733.362524724
2153,2.0,2,1980,1.9806772753189898,Suburban,No,447222.4220852668
1144,3.0,1,2023,8.72516229248351,Urban,Yes,373059.2691366013
1325,1.0,1,1955,5.662014993890286,Suburban,Yes,256195.69404837224
2371,2.0,2,2020,7.81240987356056,Urban,No,511358.3196675442
2085,4.0,1,1962,5.665524324095125,Urban,Yes,432440.4107258685
1908,5.0,1,1955,3.216456297090761,Rural,,362822.49900157104
2009,4.0,2,2016,6.767637605058499,Suburban,No,448016.73337080854
2173,3.0,2,1976,2.3931202240611187,Suburban,No,474127.0366330186
1730,4.0,1,1994,3.0688339109335843,Urban,No,403529.49708750483
1610,4.0,2,1975,5.943931021108202,Rural,No,330972.87033003365
2097,5.0,3,1953,4.5098522317919745,Suburban,No,414033.6969389942
1510,5.0,2,1986,7.706820567584967,Rural,No,369877.7995094287
2204,4.0,1,1970,6.252152297874564,Urban,No,487770.0196117361
1148,5.0,3,1977,4.432016148480215,Suburban,No,326324.76020925026
2514,4.0,1,1981,3.940569413512434,Suburban,No,498394.52793451276
2236,2.0,1,2002,9.219185037711885,Urban,Yes,550408.1706530342
2128,4.0,3,1982,1.3607439576458062,Urban,No,463900.0855930291
2491,1.0,2,1975,7.219279352656947,Suburban,No,479415.900817758
2832,5.0,1,1966,4.527087210059502,Suburban,Yes,561716.0900184346
2507,5.0,2,2005,4.396219071070602,Suburban,No,531176.7279028522
1079,3.0,2,1979,6.866890959563027,Urban,Yes,330731.50046367047
1360,3.0,3,1954,8.654182779194462,Urban,Yes,345344.1300260108
1687,1.0,1,1955,7.519710207880621,Suburban,No,301801.8721626739
2013,5.0,3,2011,7.0310014142051935,Suburban,No,507753.26979977806
2258,5.0,3,1959,5.46582205037257,Rural,No,436378.7351193587
1637,3.0,1,2019,5.222606175219699,Urban,No,409107.3474575304
2093,3.0,1,1959,5.146437479381887,Urban,No,439678.460450365
1622,4.0,3,1993,2.309027169561686,Suburban,Yes,414017.33899539855
1694,5.0,3,2005,6.035526895347597,Suburban,Yes,455455.0877036097
1296,5.0,3,1953,3.839178502630095,Rural,No,300761.31538437307
1538,4.0,1,1962,6.564051066028111,Suburban,No,320748.34223080915
1324,5.0,1,2023,5.809017228619544,Suburban,,358523.3100799035
1512,,3,1968,9.459317758252729,Urban,No,356357.9110901383
2526,3.0,1,2019,4.91437118851051,Suburban,Yes,551945.8378970198
1525,3.0,1,2011,,Suburban,No,390921.0032356344
3316,3.0,1,1958,,Urban,Yes,638689.4746033055
2246,2.0,2,1995,7.159552821136822,Suburban,No,495467.35962626146
2092,1.0,2,2005,3.402773728955637,Rural,No,408120.6986686798
1570,1.0,3,2023,3.315240499767415,Urban,No,418508.0160638521
2350,4.0,2,1989,6.03710160606168,Suburban,Yes,469354.5146980509
1712,2.0,3,2016,8.641554232270162,Urban,No,462162.22884332825
2061,5.0,3,2011,7.480078153270238,Suburban,No,535694.512754923
3280,1.0,1,1995,5.400412297138923,Suburban,No,604631.24821402
1951,2.0,3,1955,3.295849898787707,Suburban,No,368351.31579118065
2574,2.0,3,1978,,Suburban,No,513134.6123391861
1648,1.0,3,1968,9.336215778514056,Urban,No,388901.47161600605
1982,4.0,3,1964,2.917182888863851,Suburban,No,379138.2955118343
2885,2.0,1,2006,8.191843490914573,Suburban,No,581371.4192032958
1686,3.0,1,1987,2.5520097563402055,Rural,No,328587.3293641051
2906,2.0,3,1970,9.107046804490814,Urban,No,583351.6806192044
2353,5.0,2,2000,6.778449044972255,Urban,No,533163.8631874011
1718,,2,1988,2.629090038355435,Suburban,No,362955.42673313123
6948,5.0,3,1969,1.3263357591725164,Rural,No,410951.87125798035
2486,4.0,1,1951,7.2515466425656605,Rural,No,447823.18914813834
2310,3.0,3,1981,6.454916416475618,Rural,,476876.5580926189
1214,1.0,3,1953,6.501860348560653,Suburban,Yes,298481.22559476097
1636,2.0,1,1956,5.340357270817105,Urban,No,349318.55016939994
1876,3.0,2,1952,6.52998829067872,Suburban,,354849.48612396093
1962,2.0,3,1974,8.859007832399563,Suburban,No,447405.92966019886
2310,4.0,1,1958,9.568014234285995,Suburban,Yes,477161.06708898157
2088,,1,1975,4.100571610881865,Rural,Yes,378860.5408453031
1332,4.0,3,2013,5.390847713335036,Rural,No,348747.26063000434
2190,4.0,1,1967,3.4572508905551014,Suburban,Yes,447287.1062029495
2305,,3,1951,4.704268143522787,Suburban,Yes,455651.74360675935
2279,4.0,2,1950,8.16299698724212,Suburban,No,454619.68086339504
2540,2.0,3,1997,4.824902245735007,Rural,No,493797.0505330192
2416,5.0,2,2012,4.524763712750502,Urban,No,532135.9705541441
2229,2.0,1,1985,8.650999935560531,Urban,Yes,490538.46550523664
1964,3.0,3,2012,1.0114512552531545,Suburban,No,441698.8188484534
1169,4.0,1,1975,8.669692686300912,Suburban,No,335169.0953589555
2214,3.0,3,1955,2.632671694707212,Suburban,Yes,449679.05344713427
2103,2.0,1,1975,3.470607775383708,Suburban,Yes,405444.4631235195
2135,4.0,2,1992,4.254481616808626,Urban,No,499717.06685453455
1361,2.0,3,1950,8.92587007768159,Urban,No,319628.45416467276
1459,4.0,1,1958,9.178133867594392,Suburban,No,328388.88000644615
2526,2.0,3,1976,,Rural,No,454273.0084444126
1980,1.0,3,2020,4.954985781063515,Suburban,Yes,446778.74004926503
2340,5.0,2,1952,5.645150292924068,Rural,No,431096.2410873424
2014,5.0,1,2010,6.223614483052029,Suburban,No,490994.4597217621
2014,4.0,3,2022,,Suburban,Yes,487475.1497761586
2469,1.0,3,1951,9.722504801403026,Urban,Yes,523210.36461672536
1741,3.0,3,2023,8.625996351521726,Suburban,No,474671.5497517578
2048,1.0,3,1980,6.253558360019724,Rural,,387999.15752550634
1768,4.0,3,2014,4.516610268204473,Rural,Yes,452282.0266294512
1782,1.0,1,1967,3.072519250172884,Suburban,No,305559.892674912
1845,3.0,3,1955,5.810102743048664,Suburban,Yes,417250.7150541062
2111,4.0,3,1991,,Urban,Yes,475275.9441169163
1760,5.0,3,2017,1.654700478770093,Urban,Yes,470635.8455343103
2627,1.0,1,1953,5.285986825462805,Urban,No,463052.6123710517
1552,5.0,3,1953,6.1397756497923455,Suburban,Yes,376063.72141634603
1906,,3,2014,6.50183629575962,Suburban,No,507838.0467758192
1780,2.0,2,1990,1.664324928793468,Urban,,385758.9347883656
2723,3.0,2,1992,5.347991639405802,Urban,No,538268.9023047502
2098,1.0,3,2004,6.903217452243475,Suburban,Yes,455677.5688936286
2515,5.0,3,1968,9.649576627823063,Suburban,No,546556.4180051392
1257,5.0,2,1970,1.2254122763961464,Suburban,No,303190.41051227483
2133,3.0,1,2007,7.086540713017941,Urban,No,556171.9887798552
2444,5.0,1,1979,1.5610366900238013,Urban,Yes,523812.6407825745
2041,5.0,2,1956,2.429591385015778,Suburban,No,431872.6914997195
2532,5.0,3,2018,2.55977174502765,Urban,No,539427.6469265595
1741,5.0,2,2013,3.9598519325957686,Urban,Yes,502570.5385758897
2704,2.0,1,1951,8.481691310552737,Suburban,No,493368.2705003002
3149,2.0,2,2016,8.706135294447797,Rural,Yes,625167.4754719606
1818,4.0,1,2023,4.3745672138607254,Urban,No,430281.8023269363
1777,1.0,3,1958,4.881725445265676,Suburban,No,331553.3403372792
2726,3.0,3,1972,2.9532764089582377,Urban,No,535045.3861636568
2789,4.0,3,1963,4.892624119515807,Suburban,No,540926.912661059
1738,2.0,1,2003,3.4735098911660254,Suburban,No,373534.46705188276
1789,2.0,2,1994,2.5739438071961116,Suburban,No,419186.87835037964
1859,2.0,3,1965,2.4262126261676014,Rural,Yes,317903.4405678041
1327,4.0,1,2021,7.980824362464231,Urban,No,415244.4729909753
1540,,3,2006,2.052517514940271,Suburban,Yes,315899.4301901632
1497,4.0,2,1957,6.544310244570598,Suburban,No,332879.5598112775
1616,2.0,3,1974,2.5073381197048383,Suburban,Yes,358094.24534141505
1982,5.0,1,1990,8.540554771945292,Suburban,No,449496.8597416498
2117,5.0,1,2011,3.470203613231143,Urban,No,529362.0066120789
2775,1.0,3,1967,1.4040413517177939,Urban,No,529612.1887821526
1500,2.0,3,1999,,Urban,No,392709.07959498494
2492,1.0,1,1990,9.99817401530766,Rural,Yes,500809.38914372626
1893,4.0,3,1983,8.3182339204916,Rural,Yes,415391.1165643094
1975,1.0,3,1961,6.132362432979191,Urban,No,407812.06500638765
2337,2.0,3,1991,2.704949276215788,Urban,No,534748.7423695864
1438,4.0,2,2004,2.057545339017265,Suburban,No,344855.9603299032
2191,4.0,2,2008,8.546954854914365,Rural,No,457832.58044808474
2083,5.0,2,2000,8.08936664883325,Suburban,Yes,528695.7890193574
2246,4.0,3,2002,5.159697086534193,Urban,Yes,555122.1071430325
2144,4.0,1,1958,4.79268718130939,Rural,No,395627.26114876394
3227,1.0,3,1952,7.738055103477226,Rural,No,529720.5090051526
1681,4.0,3,1957,5.824338842545184,Suburban,No,391320.62903724686
1734,3.0,2,2008,4.637523265189921,Rural,,388989.21521732485
1688,5.0,1,1979,3.265487704430435,Rural,No,367419.0610718944
1722,5.0,2,2016,2.1030715441457613,Suburban,No,434798.7896355822
1681,4.0,1,2004,6.353141245056037,Suburban,No,401287.2170800077
2594,1.0,3,1983,8.434439629412342,Rural,No,507962.12026264763
2710,5.0,3,1992,7.7156480131219976,Suburban,No,566457.6897659835
1714,5.0,3,1977,7.266866072195466,Suburban,No,391961.34628363803
1583,3.0,1,1986,9.359668982650874,Suburban,Yes,358626.3219908534
2235,4.0,2,1979,4.550650684086474,Urban,No,506866.86404598056
1723,5.0,2,2020,2.234958104229979,Urban,No,440989.2771707886
2316,5.0,2,2011,1.917541928595619,Suburban,No,500503.3291533824
2101,5.0,1,1978,9.595108685339966,Suburban,No,471319.2181795976
1242,5.0,1,1951,6.300677942611658,Rural,No,277771.4136393463
2773,1.0,3,2006,8.297139174416671,Urban,No,580403.441796286
2897,2.0,2,2006,5.8200386875787435,Rural,Yes,555509.7230058546
1693,,1,1991,,Rural,Yes,369542.87510014407
1806,1.0,2,1998,2.802426857802859,Suburban,No,324834.62420521106
2142,3.0,2,2006,8.707675104488061,Rural,No,415048.73912054155
2167,5.0,1,2020,1.5716371356306773,Suburban,No,491824.3053098656
2329,3.0,1,1967,9.102095853298353,Rural,No,478020.7089613702
3005,,3,2019,2.845115009915397,Rural,No,600356.5741031368
1911,4.0,3,1976,1.0857794133082304,Urban,Yes,470158.8444886938
1600,2.0,3,2003,1.935074036161299,Suburban,No,371751.5208752893
1310,2.0,2,1973,8.9515784102344,Rural,No,303098.6440320841
1634,3.0,2,1983,1.6633645947243272,Suburban,No,320878.4745562795
1983,1.0,3,1971,4.197165280701457,Suburban,Yes,405833.36179634486
2897,1.0,2,2012,3.2528491390652823,Urban,Yes,582720.1383444575
1741,5.0,2,1985,1.3316918687649115,Suburban,No,355668.80467711145
2111,1.0,2,2010,5.783201685635329,Suburban,No,458181.08207317267
1991,2.0,2,1991,9.98499620999222,Rural,No,424046.97105241683
2594,1.0,1,1982,8.67706732071569,Suburban,Yes,519960.08632930194
3263,5.0,1,2023,2.5200335970295202,Rural,No,624371.7072074536
1734,4.0,3,1958,8.958844078584768,Suburban,No,421452.4855622372
1755,1.0,3,1974,5.066141330096327,Suburban,No,371707.3678966555
2522,1.0,2,1962,3.4592549203996477,Urban,Yes,478923.7879427552
2340,2.0,2,1996,6.762752856106212,Urban,No,509445.8293626102
2923,3.0,1,1994,2.950253348847355,Rural,No,502312.90241323947
2291,4.0,2,1954,8.916866080483585,Urban,Yes,482635.53581192595
1820,3.0,2,1980,6.6176577282817926,Rural,No,366075.1152853188
2295,5.0,3,1980,2.224196935936254,Suburban,No,474066.13249541575
2554,5.0,2,2020,6.135839856545216,Rural,No,544657.8760444233
2410,3.0,1,1990,5.593339381682858,Urban,No,513089.5717337568
2253,2.0,2,1995,5.243099777660219,Suburban,Yes,404346.16963545687
2533,2.0,2,2001,4.284783293617323,Rural,No,456487.8488623303
2584,2.0,2,1954,,Rural,,435815.12362928054
2691,4.0,2,1961,6.2741033529375745,Suburban,No,529027.9710845668
2324,,2,1970,7.602123845807189,Urban,No,509085.3576968899
1916,5.0,1,1958,9.260880230067816,Suburban,Yes,433218.44181122957
2073,5.0,3,1966,1.3994568578936128,Suburban,No,412296.15997059183
2603,4.0,2,1973,6.124096168822818,Urban,No,574129.305667923
1591,5.0,3,1976,,Rural,Yes,388879.161596199
2184,3.0,3,1957,2.0399872002992456,Suburban,Yes,418386.2534106503
1803,1.0,1,1993,9.203480141099122,Suburban,No,423542.6196541668
2014,4.0,3,2011,3.2049078567980747,Suburban,No,443299.37523354596
2639,1.0,2,1978,8.499987272885349,Suburban,Yes,515638.4167422247
2095,3.0,2,2023,6.958059986043074,Suburban,No,452352.1539108481
2023,2.0,2,1973,6.035919343224164,Urban,No,451227.893960621
1320,2.0,2,1983,8.823181356236713,Urban,No,355016.2871735348
2373,2.0,1,2009,9.723110407080851,Suburban,Yes,534450.4097187986
2322,4.0,3,1980,9.974177793590803,Urban,Yes,576370.548959581
3081,2.0,1,1953,7.1495291355299235,Suburban,Yes,596879.6546197928
1846,4.0,3,1958,4.052179815703552,Rural,No,353436.5955036525
2109,4.0,1,2003,8.872293231277597,Urban,No,512865.20951837103
2124,1.0,1,1950,6.889134780828885,Suburban,No,392248.5581893856
2788,2.0,1,2010,3.909962785686073,Suburban,No,548350.6322898252
1952,,2,2022,9.391281710228974,Urban,No,520761.73751429544
2139,2.0,2,1980,7.728853581645382,Suburban,No,463317.3734090374
2303,2.0,1,1994,5.075450235647722,Rural,Yes,446793.48331120476
2093,2.0,3,2009,5.090415338492384,Suburban,No,490586.6467458913
1776,,3,2022,9.963357134979184,Suburban,Yes,480294.51551715244
2097,5.0,2,1991,4.363381940557879,Suburban,Yes,457576.5005001781
2536,4.0,1,1976,1.8467261010676845,Suburban,No,464958.9013277943
1486,5.0,2,2007,5.847053681780127,Rural,Yes,373734.8983024447
2066,4.0,2,2018,8.963686455068954,Suburban,Yes,507531.9025467532
1649,1.0,2,2022,6.260678074433471,Urban,Yes,403182.7857730476
2597,4.0,1,1983,8.137787254604191,Urban,No,522206.4886253116
1238,2.0,1,1959,1.4937822933049754,Suburban,No,230762.12453299126
1720,3.0,2,2015,,Suburban,No,420977.3230369395
2188,3.0,1,1974,1.7127470491253933,Suburban,Yes,434666.73321894556
2782,2.0,3,1952,6.007210126298089,Urban,No,528961.307002137
1967,4.0,3,1983,5.479906921368541,Suburban,No,432855.01554267656
1722,2.0,2,2020,9.510439828045657,Rural,No,399057.92797355726
2940,5.0,3,1977,2.192179606058721,Suburban,,567117.4433787973
1275,4.0,2,1958,1.0854226772181903,Suburban,No,288711.0611747622
900,2.0,2,1960,2.236192782921818,Urban,No,239956.5734320373
2220,5.0,2,1988,2.5363552738735957,Suburban,No,471226.58121478045
1748,5.0,1,1962,3.2582032077623526,Urban,No,395269.7063906558
1489,4.0,1,1960,8.335798811132868,Suburban,No,343591.1969237806
2354,1.0,1,1984,4.391927510858107,Rural,Yes,450385.7690780265
6363,,1,1957,8.56681829190873,Urban,Yes,486696.83825785236
1717,5.0,2,1956,3.447404739211647,Suburban,No,351829.3596931954
1359,1.0,1,2018,8.744870063951208,Suburban,No,338437.97649448557
2436,5.0,3,2019,1.072813987440739,Rural,No,533135.960115654
2325,1.0,3,2006,9.410819234723458,Urban,No,514242.86915214057
1950,5.0,1,1984,7.714442990117633,Urban,Yes,484886.5050560603
2923,5.0,3,1960,4.714574317895705,Suburban,No,545143.6058637776
1464,5.0,3,1987,6.196015173554267,Urban,Yes,437696.8591421619
3711,5.0,1,1998,9.397150967733733,Suburban,No,349240.4660351304
1654,3.0,2,1984,6.243042867902875,Urban,Yes,401552.8180686339
1977,1.0,2,1978,3.0571167128485346,Urban,No,399214.09260980855
2121,5.0,2,1990,6.15586512356692,Urban,No,513123.2890783677
1879,2.0,1,1955,8.843025643656631,Suburban,Yes,391580.4635958547
2176,4.0,2,1959,9.8870498059952,Suburban,No,454874.19625554956
1374,2.0,2,1972,6.256749420231812,Suburban,Yes,333517.3701092128
2721,2.0,3,1995,2.4008065732536634,Suburban,Yes,511454.10364159226
1958,3.0,2,1961,7.945771970393439,Urban,No,443489.6017775835
2558,1.0,1,2004,9.972202095162006,Urban,No,579977.0086706079
2171,3.0,2,1962,5.262723502675422,Urban,No,472917.8584477404
2228,1.0,3,2023,4.45359490326765,Suburban,Yes,477932.2045967629
2284,5.0,3,1956,5.972505813234784,Suburban,No,457089.1979238103
2223,3.0,3,1961,2.4828956186214635,Rural,No,374597.58827946446
2321,4.0,3,2010,9.741550460532299,Rural,Yes,526100.1390839403
2664,1.0,2,1974,8.545012171674177,Rural,No,450120.722011187
2098,,3,1951,2.016916397863946,Suburban,Yes,382351.71910918213
2354,4.0,3,1975,9.505733475962328,Suburban,No,492407.4195886649
1955,2.0,3,2000,9.485375117843436,Rural,No,410873.3229097578
2720,5.0,2,2018,3.8471927478257415,Urban,No,616309.0351447572
1661,5.0,1,2011,6.572278567885299,Suburban,Yes,460548.4471910773
2900,2.0,3,2021,1.9967885682043862,Suburban,No,575110.7479875496
1979,,3,2022,1.7577226036217581,Suburban,No,462842.98824356374
1284,,3,1988,5.516151048523424,Suburban,Yes,327306.95156685315
2064,4.0,2,1960,,Urban,Yes,450595.62194819475
1659,1.0,2,2013,8.874024489789496,Suburban,No,394895.2354727955
2420,3.0,3,1991,9.352858427898205,Suburban,No,532113.8114919936
1673,1.0,1,1959,1.6057577028097536,Suburban,No,333575.2843970059
1776,2.0,3,1968,1.4255625040337754,Urban,No,393253.2649173977
1055,5.0,1,1953,2.9927603897589576,Urban,No,250411.88000534088
1773,1.0,1,1952,,Suburban,Yes,342956.60967218253
788,1.0,2,1963,7.921131642723978,Urban,Yes,261697.23260023713
1208,5.0,2,1959,7.08848008526966,Suburban,No,307531.1681994283
2380,1.0,2,1955,7.987124891234192,Urban,No,492661.64481300866
2392,1.0,1,1980,2.795291037136918,Suburban,Yes,448662.6696728066
2212,5.0,1,1980,3.309295266310566,Suburban,No,437755.7242633313
1516,5.0,1,1997,3.858657722963964,Urban,No,387452.1327766677
1976,2.0,2,1958,6.445593221668023,Suburban,No,377011.2556058133
1998,2.0,2,1975,6.4739805902311005,Urban,No,440063.23175087775
1420,1.0,2,1951,2.877469544108907,Suburban,No,276029.7217766391
2751,3.0,3,1953,4.930544557726432,Rural,No,506495.7405258805
2438,,1,1955,7.210178999771185,Suburban,,428173.7929613934
1889,2.0,1,1979,3.78657361504123,Suburban,No,364131.0393165243
2013,3.0,3,2004,,Urban,,479461.8889619213
2104,3.0,1,1977,2.776509811761344,Suburban,No,424537.7214369295
979,5.0,1,2010,2.482620575868129,Suburban,Yes,327284.60222181684
1876,2.0,3,2004,6.687485102137085,Suburban,No,437857.72481138346
1659,4.0,1,1985,1.6169408850059375,Urban,No,367231.09511139255
1499,4.0,2,2023,8.962746178116543,Urban,No,475593.93306196935
1859,1.0,3,2023,1.7594842479165589,Rural,No,367518.31709428504
2898,2.0,1,1954,6.381187644810927,Suburban,Yes,536602.868648805
2320,4.0,2,1978,9.365793716521726,Suburban,No,524229.375761948
1714,2.0,1,1961,1.5618063583489956,Rural,No,270317.8291231858
2286,2.0,3,1971,4.447943894425466,Suburban,Yes,458687.6811642636
2699,4.0,2,2008,3.9515121366674766,Urban,No,558794.1751291367
2462,2.0,1,1988,4.097878964853914,Rural,No,473104.53377434844
2029,3.0,3,1951,6.402803188707283,Suburban,No,380406.4403684452
1676,,1,1963,3.358927859158458,Suburban,No,298257.5074001886
2349,5.0,1,1959,1.2459066155614609,Urban,No,480949.19677304104
2196,4.0,2,1997,9.660475327977235,Suburban,No,508282.96383236983
2447,5.0,1,2013,7.738983871885308,Suburban,No,547657.2938390912
2317,1.0,3,1952,2.2161483301210656,Rural,No,398373.0069087491
2524,3.0,3,2021,5.096411681586358,Urban,Yes,601634.1620046019
1732,3.0,2,2009,1.5644955989111478,Suburban,No,392584.03956809256
2658,3.0,2,2017,1.250706982577452,Rural,,505743.34739933076
2098,3.0,1,1970,1.4276055829088299,Rural,No,348790.0882278569
3037,4.0,3,1968,7.8019995923173875,Rural,No,546720.2683163865
1655,4.0,2,1969,5.0043156154040656,Suburban,No,380660.6251217306
2867,2.0,1,2007,8.5995722368112,Urban,No,611388.1775180809
2098,2.0,1,1991,3.746935936669435,Suburban,Yes,430114.47752166534
1674,1.0,3,1959,7.977895641687225,Urban,No,364609.58698176
1758,2.0,3,1972,1.7014110215509186,Rural,Yes,315590.7287719044
1839,1.0,1,1961,6.715973418595025,Suburban,No,373592.8685758318
2212,1.0,3,1958,4.2454172222141615,Suburban,Yes,409954.7227378309
2261,1.0,1,1978,3.490524339405514,Suburban,No,415085.8700510812
1713,3.0,1,1969,8.335981847355633,Rural,Yes,384233.0856899966
1987,5.0,3,2014,1.4672990764519738,Suburban,No,439603.06715003506
3071,5.0,2,1952,9.545783146176014,Suburban,No,593873.5782046071
2863,4.0,1,1957,8.06991009276214,Rural,No,517647.25670585595
2218,1.0,3,1988,4.200483465345023,Suburban,No,436384.0546814099
2019,3.0,1,2013,9.921996923090656,Rural,,430736.9067334175
2060,2.0,1,1980,2.822403152059325,Urban,No,438527.8467807482
2306,2.0,1,2021,4.6217261196384705,Urban,Yes,536161.9582189407
1488,4.0,3,1971,8.963915826634864,Suburban,Yes,396909.57476826874
1871,4.0,3,1954,9.97126376322274,Urban,Yes,455527.46122686175
1165,1.0,3,2007,3.152015392101121,Suburban,No,266849.50917706767
2199,1.0,2,2022,,Urban,No,506057.38184301875
2323,2.0,1,2012,3.7515639757199906,Urban,Yes,491700.45450189814
1758,2.0,2,2010,7.898254036422454,Urban,No,476624.4622970127
2786,2.0,1,2001,2.1275561332022117,Rural,Yes,512460.3327062887
1387,2.0,3,1982,4.025529403971093,Suburban,Yes,331394.1073162443
1267,5.0,1,1971,1.6749962699903505,Urban,Yes,343915.8852228618
2112,1.0,1,2000,5.42707228216259,Rural,No,401427.6952380667
2523,1.0,1,1960,7.313504974783733,Urban,No,514646.02178617514
2841,2.0,2,2007,4.407544794895628,Urban,No,585731.4543001186
1770,3.0,3,1999,6.532452325021114,Urban,No,426331.3714957626
2539,2.0,3,2019,6.121780860271885,Suburban,Yes,546114.3591911856
1980,4.0,1,1966,3.6513686567563304,Suburban,No,403013.17308064224
1913,3.0,3,1995,5.381003691108893,Suburban,Yes,429067.7550498704
2441,4.0,2,1993,1.6211713869924156,Urban,No,511383.24988739885
2326,3.0,2,2006,5.139219517984302,Suburban,No,499315.70080204174
1211,4.0,3,1954,5.123705448812879,Suburban,No,282159.2168144976
2738,2.0,2,1988,1.2584611977167453,Rural,,504624.4177574066
2690,2.0,2,2007,5.624859233048527,Suburban,No,542448.7934586577
1687,3.0,3,1958,7.639242993612269,Suburban,No,351231.31128280563
2197,4.0,3,1972,5.070269573529339,Suburban,No,441770.3904656557
2247,5.0,1,1996,6.8142296923745365,Suburban,No,458869.38075276994
2130,3.0,1,1985,5.791788718017236,Rural,No,442555.4768324888
1724,3.0,2,1980,8.06660897173608,Suburban,No,394773.82992896927
1664,1.0,3,1972,5.630097387301634,Urban,No,367504.97496980336
1987,3.0,2,2005,3.9844811269620544,Urban,Yes,463327.7415104764
2586,5.0,3,2020,,Rural,No,525021.2501817617
2271,2.0,2,1995,1.6085927321795888,Suburban,Yes,429651.463446495
1814,4.0,2,2007,3.605106212875752,Urban,Yes,495250.3965324967
2385,1.0,2,1985,6.323359884067331,Rural,No,421101.67711618426
575,4.0,1,2017,8.704238652525378,Suburban,No,253472.1474089312
2574,2.0,3,2009,1.6492765347697003,Suburban,,527027.104376915
1130,3.0,2,1963,1.8644763946618659,Suburban,No,227996.09717831464
1818,5.0,1,1974,3.5414651913357873,Suburban,No,394267.8076573677
1440,1.0,2,2020,4.101147587762071,Urban,Yes,379878.2789989839
1352,5.0,2,1993,8.591844207473816,Rural,No,336567.43957548594
2580,5.0,3,1995,9.630128954571957,Rural,No,545892.3501015641
1766,5.0,2,1962,1.1550581900727757,Rural,No,314104.2860407745
2173,,3,2011,,Suburban,Yes,483172.9486252217
1976,,1,1968,8.783292959881184,Suburban,Yes,417254.5982709709
2238,5.0,1,1961,2.2205527594091037,Rural,No,375465.14694704
2038,5.0,2,1997,4.054025451370202,Urban,No,514261.26231360727
1358,2.0,1,1982,3.476921746289051,Urban,No,355271.31245154265
2498,4.0,3,1986,3.5368139449886553,Suburban,,489555.08412744873
1753,2.0,3,1955,3.9573270833552288,Suburban,Yes,342902.14148473326
1221,3.0,1,1992,4.024415656126276,Rural,No,308034.14170045365
1785,2.0,3,1999,6.581402554497081,Suburban,Yes,425770.81237234373
2750,4.0,3,1995,,Suburban,,569927.5435690928
2425,3.0,2,2022,5.706027970462932,Suburban,No,542121.2709415893
1825,3.0,2,1977,,Suburban,Yes,429848.9282253056
1825,1.0,3,2016,8.611046617435553,Urban,No,458452.01708348596
1839,5.0,1,1960,2.9549566065295947,Urban,Yes,406598.571830472
3038,3.0,3,1969,5.89275601768441,Rural,,548926.465959018
2190,3.0,2,1979,8.054533823871727,Urban,Yes,532814.5656722849
2215,4.0,1,1985,8.801869030812105,Rural,No,484516.12785796024
2515,3.0,3,2017,3.296671957657572,Suburban,No,519020.44685912295
2119,4.0,1,1985,5.446901344577215,Suburban,No,412409.4137405176
1870,5.0,1,2007,5.725245551550923,Suburban,No,436460.719402779
1901,1.0,1,1977,7.2967448639790575,Suburban,Yes,344954.2306893591
1964,1.0,3,1988,3.972333132995536,Urban,Yes,453340.2317812046
1981,5.0,2,2015,3.6410661936252517,Urban,No,479902.9351554718
2363,5.0,1,1992,7.350377371312214,Rural,No,468539.5288685765
2025,2.0,1,1954,4.594019352417757,Suburban,No,351684.72559145506
2366,3.0,3,1962,1.036215527411379,Urban,No,455826.6512493163
1959,,2,1958,9.440619211036783,Urban,No,415643.77997876494
2039,3.0,2,2006,2.3468094613567723,Suburban,No,444115.0840333717
1000,,3,1976,2.3377070436012577,Urban,No,247346.39230548532
2458,2.0,1,2010,8.36529221384166,Rural,No,505844.3564272368
2173,3.0,3,1999,4.0195254788350745,Rural,Yes,470374.2106681706
2499,4.0,2,1983,3.953577759564379,Urban,Yes,555848.4301294218
551,4.0,1,2014,6.60155866642262,Suburban,Yes,241337.19583701735
3044,1.0,1,1994,1.531347876472376,Rural,No,518755.89283849206
1930,,2,1983,3.132655531886959,Suburban,Yes,417702.6474484172
2554,5.0,1,2022,1.479440470719187,Rural,Yes,499858.8607381306
1480,4.0,3,1957,3.6235869555259237,Suburban,Yes,314777.4985838836
2306,5.0,2,1997,8.82937142631513,Rural,Yes,523858.31732921285
1473,5.0,2,1985,9.183992899887828,Rural,No,339593.5357481895
1688,1.0,1,2015,3.7849302525610176,Suburban,No,401100.7699628276
2957,1.0,2,1960,2.6882802666113013,Suburban,No,515861.8689071987
1904,4.0,3,2001,2.217483894028378,Suburban,Yes,416357.50322111876
2108,1.0,2,1985,4.5497720873206156,Suburban,,432920.45595263527
2435,1.0,1,1980,8.437656563022092,Suburban,Yes,485907.55783786974
2247,3.0,2,1973,8.673970902648058,Suburban,No,488077.4566468583
2075,4.0,1,1970,1.4133518573706294,Rural,No,385340.00699120504
2182,4.0,1,1979,2.883059706416299,Suburban,No,450238.7578795583
3201,4.0,3,2021,2.8285322966328996,Urban,Yes,697012.1481095158
1971,1.0,2,2013,8.455871620144727,Rural,Yes,429741.4889396814
2100,1.0,3,1988,5.106630842905583,Urban,No,448016.8376914941
2525,5.0,3,1950,4.315557087600168,Rural,Yes,488847.6500356836
2552,,2,1991,,Rural,No,509251.9058676422
2593,2.0,3,1954,9.328215677019978,Rural,No,499379.94117823814
2319,2.0,3,1961,4.960960180518584,Suburban,Yes,469655.6319278037
1428,3.0,1,1978,2.1549864340261045,Suburban,No,316910.20889033325
2816,1.0,3,1952,2.539031381258751,Suburban,No,449994.32877469115
1426,5.0,2,2010,2.0087552553381385,Urban,No,411609.98986704834
2151,5.0,1,2000,7.124534953236183,Suburban,,501634.3446749788
1622,,3,1985,5.992183795558511,Urban,No,383906.88619343244
1967,3.0,3,1951,6.0098002965885415,Rural,No,369423.1311988358
2164,3.0,2,1978,1.8854006927208617,Urban,No,400721.7726909797
2160,2.0,3,1990,8.139474604435215,Urban,Yes,534669.7815818004
2210,2.0,2,1978,5.820156031585422,Suburban,No,445775.4270675537
2806,1.0,3,2013,1.8187227670195094,Suburban,No,573811.2502132597
2226,3.0,3,2007,7.724177114541964,Rural,Yes,540197.839441333
1877,5.0,2,1959,9.8316829417799,Rural,Yes,361324.42731231987
2482,2.0,1,1960,4.970624600586176,Urban,Yes,483324.4998611232
2594,1.0,2,1956,2.04089160147538,Suburban,Yes,455159.1037058738
1386,5.0,1,2010,1.9125923918239693,Urban,Yes,398793.76178486896
2298,3.0,1,2015,1.2329157592315299,Suburban,No,452012.9325237073
2350,2.0,2,2002,7.933583318079582,Suburban,Yes,531872.6284791662
1851,2.0,2,2014,7.246008974504727,Suburban,No,455537.3211278602
2687,1.0,3,1976,6.258153608094833,Rural,No,454501.6344061101
1924,1.0,3,1956,7.890663910377545,Suburban,No,394346.98741418315
2062,3.0,1,2014,9.99367901586265,Suburban,No,453935.28022106126
1913,2.0,3,2007,4.616631437853549,Urban,No,459025.5886932982
2007,1.0,2,1974,7.3522920261867695,Rural,No,364394.6314510444
1451,2.0,1,1997,4.394454447581406,Suburban,Yes,366278.4152559036
1279,3.0,3,1953,4.1685209724980865,Suburban,,302092.1097153517
2797,,3,1957,8.658280872140892,Suburban,No,526743.5483806784
1576,5.0,2,2017,6.172868273362357,Suburban,No,445162.3842810679
1504,2.0,2,2009,2.08551945843028,Rural,Yes,332508.88824552245
923,4.0,3,1953,,Suburban,No,249901.31803273738
1680,4.0,1,1957,8.168988875747633,Suburban,Yes,389288.686940406
1338,3.0,1,1965,9.45998307149719,Suburban,Yes,330586.5942232093
2821,3.0,2,1968,,Rural,No,527448.8290821082
2504,3.0,2,1950,4.54792338437756,Suburban,Yes,489594.7464273821
1655,5.0,2,1983,3.267841524356487,Urban,Yes,410365.82088474627
3126,5.0,3,1994,4.798213283260209,Suburban,No,628519.1426224026
2490,2.0,3,2012,,Suburban,No,519477.5000917755
1837,1.0,2,1955,1.0397506266088965,Suburban,Yes,343956.1067611644
750,4.0,1,1985,,Suburban,,261046.00454687543
3145,4.0,2,2015,7.043643458668625,Suburban,,636330.5489731103
1305,4.0,2,1957,7.0590665940284465,Suburban,,332629.9390192134
1177,2.0,1,2016,6.8770604992128845,Urban,No,343318.7078392616
2511,2.0,1,1976,9.549481237644398,Suburban,No,486951.28164469934
3219,3.0,1,1983,6.116910942710745,Suburban,No,593291.3567102685
2692,1.0,1,1977,3.427552457036728,Urban,No,511186.8845113084
2281,3.0,3,1980,8.304514236898378,Suburban,,480298.78098538035
2297,2.0,3,1966,4.504396087930392,Urban,Yes,469201.19539462775
2426,5.0,2,2004,3.153614754420805,Urban,Yes,513735.5421410771
2379,3.0,3,1958,6.010741219768985,Suburban,No,468497.24806816305
2140,2.0,2,2006,3.601309879825206,Suburban,No,439082.6025319768
2052,2.0,2,1994,4.5654403430166,Urban,No,432732.4101507075
1968,5.0,1,1955,7.238418025369333,Suburban,,407684.2294555525
1623,5.0,1,1963,9.96353304932564,Suburban,No,379075.6396016133
1859,5.0,3,1980,6.802584344405093,Urban,No,503052.8984264591
1153,1.0,3,2003,3.4883191320042135,Suburban,No,300177.2313071858
1950,2.0,3,1960,1.8141898645231413,Suburban,No,386316.0640614267
1505,5.0,3,2018,4.257708685937319,Suburban,No,403653.7026927122
1448,1.0,1,1951,1.173796169980498,Suburban,Yes,277128.88344175555
2089,4.0,1,1966,5.182792616740217,Urban,No,456787.83043995284
2696,4.0,3,1985,6.939853904130023,Suburban,Yes,539164.8289297587
2459,4.0,2,1952,5.606163788162597,Urban,No,489296.3076144791
1214,2.0,1,2012,8.787540718752531,Suburban,No,320310.1313140789
1505,1.0,1,1992,5.446450781922904,Rural,No,296845.0467753405
2470,1.0,1,1982,5.161420546445058,Suburban,Yes,453930.71534475917
1508,4.0,1,1978,,Rural,No,304874.48007842904
1887,3.0,3,1972,8.538523335775887,Rural,No,413644.9587735499
2275,,3,2008,9.13238804008334,Rural,Yes,481971.0140884153
1515,2.0,2,1998,9.801268626764339,Suburban,No,386092.3140144091
2052,4.0,1,2004,9.83088096484564,Urban,No,550043.2166163678
1332,,3,1977,9.823812634755651,Rural,No,374159.1571281373
1699,1.0,3,2020,7.407630229813551,Suburban,Yes,420731.5853829606
2159,4.0,1,2021,6.0638761191722805,Urban,Yes,539067.1354559803
1203,5.0,3,1974,2.5511001743499793,Urban,No,364059.39015871007
2220,5.0,3,1956,7.903568611387547,Urban,No,476716.00723227905
1990,3.0,3,2022,7.613921320277001,Rural,No,485056.0378146714
2276,2.0,2,1983,8.581619419323552,Suburban,No,466512.37211946043
2111,2.0,3,1971,5.162059679460829,Suburban,No,452310.8563635798
2682,1.0,1,2016,9.031793124073323,Suburban,No,532576.3159815406
2062,2.0,1,1999,7.468069104227035,Suburban,No,453761.6179714645
1785,3.0,1,1997,2.540128039739248,Suburban,No,407266.20881195785
2061,5.0,3,2021,2.8621316523672737,Suburban,No,481026.0216896626
2271,1.0,2,2019,8.328389689317836,Urban,No,492583.1561982867
2024,5.0,3,2006,4.831240677044224,Rural,No,467924.7899668557
2020,3.0,1,1974,3.241116519795539,Rural,Yes,406856.4536773319
1649,1.0,2,2015,,Urban,No,391680.1210709945
1668,4.0,2,1965,,Urban,No,384097.334470567
1298,2.0,3,2007,9.025630116035874,Rural,No,332081.84833563457
2874,3.0,1,1990,1.6438547392767884,Rural,Yes,513227.58474990446
1378,1.0,3,2000,4.179173637041536,Suburban,Yes,318145.7943937385
1653,5.0,1,1970,6.012358833753894,Suburban,Yes,356214.93457231775
1640,1.0,2,2005,8.862810632606092,Rural,,396382.7416577863
2447,4.0,3,1996,8.033940000459332,Urban,No,546800.2503111435
1852,3.0,2,1992,,Suburban,Yes,411998.24703091086
2623,1.0,1,1980,8.427233284564075,Urban,No,550809.1503452596
1663,3.0,2,1964,6.743080592922174,Suburban,No,340531.8625641962
2139,3.0,2,1997,2.2001355848601287,Rural,No,417032.3977313354
1582,5.0,2,2011,6.557298034451529,Urban,No,417093.24809784605
3072,2.0,3,2019,8.361047956487743,Rural,No,623709.6255024356
1406,4.0,1,1952,,Suburban,No,280253.82814078603
2154,,2,1987,9.992320710722847,Suburban,No,455371.740537041
2316,2.0,2,2007,5.563030794702678,Suburban,No,475480.7043763975
2206,5.0,2,2016,7.058179719811889,Rural,No,509057.2077243722
1907,2.0,2,1994,1.6333616168458398,Suburban,No,386841.7598614406
1935,3.0,1,1993,8.318783554183884,Rural,No,449508.9364237343
2021,3.0,1,1957,6.616927213577193,Suburban,No,396192.2083344804
1926,4.0,3,2015,6.051185236188289,Urban,No,492266.02991389186
2481,1.0,1,2020,7.3792783987868775,Suburban,Yes,545725.6938926461
3105,1.0,1,2010,6.044587856390699,Urban,No,630818.8589341766
1721,5.0,2,1966,7.898062736378157,Suburban,No,377894.4424125368
1315,4.0,3,2020,6.25164034125231,Suburban,No,379634.69671681116
1955,1.0,3,1985,5.680484495330848,Urban,No,420433.02744042
3289,3.0,2,2017,2.215175362495184,Suburban,,667170.490201883
1598,4.0,3,1970,5.246476877919257,Suburban,Yes,332925.460839579
2819,2.0,1,1995,5.844111955621862,Rural,No,547173.2876919969
2838,4.0,3,1995,6.62116418595802,Suburban,No,577611.322568888
1723,4.0,2,1965,5.1030294700270185,Urban,Yes,388137.4473659712
2284,1.0,3,1971,2.319790970311984,Urban,No,423751.34918311145
2814,5.0,3,1955,2.35326358854106,Urban,Yes,571613.5853490432
1810,5.0,3,2005,7.488889745722699,Rural,No,405256.14341519075
1898,1.0,2,1994,6.9530252398793415,Rural,No,392941.9378054074
1709,1.0,1,2007,3.3354938934247502,Urban,Yes,402141.52669706865
1492,1.0,3,1977,5.012718351197656,Rural,No,307668.1767631614
1675,5.0,1,1966,3.762619142567532,Suburban,No,331338.8539656553
1388,1.0,1,1985,2.629205709511923,Urban,No,272723.2434483968
2017,2.0,1,1961,3.93547220423486,Suburban,No,350899.14124595554
1615,2.0,3,1999,3.364201607736004,Rural,No,376664.20011030824
2116,3.0,1,2008,1.7418485806832058,Rural,Yes,458008.6519906507
1222,2.0,3,1961,5.540379154050942,Rural,Yes,286066.4135693638
2165,4.0,3,2011,5.057956477000784,Rural,No,483357.5418014167
2416,3.0,3,1989,7.431474970255591,Suburban,,512255.23780712986
1003,,1,1951,,Rural,No,254729.1437456543
2187,4.0,3,1974,4.09040357090433,Rural,Yes,435574.02532468224
2613,,2,2023,5.466737809493295,Urban,No,586429.5537082781
1395,4.0,2,1980,5.824748018763185,Urban,No,360747.6974248263
2836,1.0,2,1996,9.257937468729281,Urban,No,596854.149684809
2209,4.0,3,2009,9.83524908040048,Urban,Yes,588066.149148903
4941,1.0,2,2022,8.339885213456123,Suburban,No,389168.55171880446
1972,4.0,3,1990,6.05894096916965,Suburban,Yes,419935.088886223
2279,4.0,3,1999,9.352961583707838,Suburban,No,502189.8163475593
2038,2.0,3,1972,2.603014466229969,Suburban,Yes,377139.22996204224
2269,4.0,1,1961,7.268464716770329,Urban,Yes,501546.36836560833
1539,2.0,2,2020,5.144209447862121,Suburban,No,373873.3793190565
2084,4.0,3,1971,2.3027403091868246,Urban,,418940.2366468308
1293,,2,2005,1.676889884512014,Suburban,No,281815.99813461024
1944,3.0,2,1965,5.326676533497897,Suburban,No,393674.6647666649
1548,,1,2007,3.1507228356939105,Urban,Yes,462564.5092100472
1632,2.0,2,2021,3.254556328928225,Rural,No,356971.28670752776
2618,1.0,3,2000,3.881951986047239,Suburban,No,495149.9497582316
2545,5.0,3,1955,7.465277970228654,Rural,No,460335.3922914141
2304,1.0,2,1951,2.476806413986746,Suburban,No,413286.65994922485
1453,5.0,2,2011,7.458002970919649,Urban,Yes,422802.5700982756
1841,5.0,1,1991,8.044389343311744,Suburban,No,407311.557863547
2606,4.0,3,1992,6.350320867115674,Urban,No,593866.3924940452
2070,1.0,2,2001,3.2280177575715667,Suburban,No,404885.58751802944
3159,3.0,2,2007,1.4637927541077658,Rural,No,580767.0089544496
2196,5.0,3,1969,4.67150600439955,Suburban,No,469705.26372103
2096,5.0,2,2005,8.627006988091093,Urban,No,491504.5628637229
1845,2.0,1,2016,1.916832403860348,Urban,No,411007.6749980715
2066,4.0,2,2008,7.703476941149532,Suburban,No,514076.3585229466
1923,3.0,2,1997,5.2110082718759205,Urban,Yes,451283.49376531487
2354,5.0,1,1984,9.089497670839975,Rural,No,475995.404513034
2478,2.0,1,1957,4.205782888368219,Rural,No,416843.5303247466
1607,1.0,1,1981,7.34273949037792,Urban,Yes,410843.5656149016
1334,5.0,3,1994,7.661074388084327,Urban,Yes,446075.4430868825
1081,2.0,2,2016,2.788675416785811,Rural,No,276744.9663725974
2253,1.0,2,1976,2.4233223316855295,Suburban,No,417226.96335300355
1448,4.0,1,1952,1.8345803248645232,Urban,No,314990.89822638495
923,1.0,3,2006,,Rural,No,272907.12098673545
2194,5.0,1,2014,5.933354092121628,Urban,No,518445.63716890657
3246,3.0,2,1969,,Suburban,Yes,586837.9348609477
1996,1.0,3,2020,3.7750073581025516,Suburban,No,468461.713758427
2419,3.0,3,1990,2.2811177744396125,Suburban,Yes,497762.10359177476
2040,3.0,2,1950,1.8341292077773055,Suburban,No,386265.03646443825
1950,1.0,3,2023,,Rural,,400243.8183112534
2459,4.0,3,1953,1.8666641081464483,Suburban,No,448921.9154360777
1854,1.0,1,2020,,Suburban,Yes,381658.4386631248
2133,2.0,3,1959,5.974472498711483,Suburban,No,433574.17400906957
2160,,1,1978,6.048137860627808,Suburban,No,429909.0226614282
1665,5.0,3,1964,2.512020707770423,Suburban,No,356640.00079781644
2496,3.0,1,1968,2.7191216731739396,Suburban,No,486709.97446697956
1912,5.0,1,2007,8.694744111898185,Rural,No,466257.71016403125
1622,2.0,3,2002,2.502414088542395,Rural,No,330834.66946949967
2268,2.0,1,1995,1.4116732009121065,Urban,No,459407.4874315885
1550,2.0,2,1967,3.203387651504685,Urban,No,306487.2358783985
2014,1.0,2,1952,6.187837616750129,Suburban,No,386043.8748554562
1995,3.0,3,2019,1.0650201822507508,Suburban,No,450070.1297369916
2542,5.0,3,1971,9.864883624792398,Suburban,No,522745.3826502608
2237,2.0,3,2004,3.073506494693288,Urban,No,496894.5505259998
1987,2.0,2,2013,3.1430577555630608,Urban,No,472925.652538741
2408,5.0,3,1990,7.647557497361798,Suburban,Yes,519926.71434141515
2695,3.0,3,1957,3.2336117813329786,Suburban,No,488397.10989342164
2278,3.0,1,2014,4.565362381688238,Rural,No,467882.3805740998
2005,5.0,3,1952,5.895268197825125,Rural,Yes,422564.7515532553
1344,4.0,2,1978,1.1968522466853504,Suburban,Yes,332215.5982747052
1467,3.0,2,2019,8.535633635366054,Suburban,No,385649.59424326423
1847,5.0,3,1967,5.608457006316398,Suburban,No,391921.3586648954
1695,5.0,2,2007,3.8162708108099617,Rural,No,356901.8526638251
1906,2.0,1,1950,4.598079651193968,Urban,No,378096.8736708053
2028,5.0,1,1971,1.5024225002290759,Rural,,400188.44260145596
2264,1.0,3,1972,7.461829929215881,Suburban,No,480947.968825168
1964,2.0,3,1957,5.855539590228087,Suburban,No,404052.13843488065
2243,2.0,1,1978,9.225922971889911,Rural,No,438357.6129864582
2032,3.0,1,1993,5.177681559369844,Urban,No,458631.02123071864
1012,4.0,3,2011,8.455613785246587,Suburban,No,318594.1899755904
1530,3.0,2,1968,2.69495689870124,Suburban,No,296426.1870644183
1927,1.0,3,2008,1.5085842881296359,Suburban,Yes,432475.45364264486
1395,2.0,3,1968,9.535961113879985,Suburban,Yes,369354.9920844772
2299,2.0,3,1971,3.3126227845084264,Suburban,,413847.1264201257
2765,5.0,3,2017,8.502253524094122,Suburban,No,634373.6437208287
2609,4.0,3,1954,3.3160034812528396,Urban,Yes,537154.4900096083
1893,4.0,3,1954,2.402575256065896,Urban,No,421616.71223278524
2745,5.0,3,1974,7.5927780518870165,Suburban,Yes,609778.6709992776
2074,1.0,2,1973,8.005655170810417,Suburban,No,389100.6317466184
1831,4.0,3,1950,,Suburban,Yes,387450.43217697437
1693,2.0,1,1977,8.783818143798364,Urban,No,395780.52487241616
1848,1.0,3,1996,5.348180748131,Suburban,Yes,393003.9701717865
1805,3.0,2,2009,4.60195202348339,Suburban,Yes,414096.7994468892
2085,3.0,1,1968,7.758720697059955,Suburban,No,442877.5685826573
2080,1.0,3,1963,6.124476806398325,Urban,No,434822.62459188787
2001,2.0,3,2019,9.687557331596986,Urban,No,507899.81537271256
2218,3.0,1,1957,4.382524101873153,Suburban,No,418946.0079329474
2595,2.0,3,1986,1.3858797777132401,Suburban,No,475920.54227129655
2474,5.0,2,2021,6.303741154529135,Urban,Yes,603718.4903191212
1257,4.0,3,1959,4.181226390992244,Suburban,No,291202.3241529293
723,1.0,2,2016,,Suburban,,253717.07755242605
2467,4.0,3,1962,6.080671704682993,Suburban,No,501588.5706959391
1316,5.0,1,1988,9.296031624207929,Suburban,No,366576.3267618872
1887,3.0,2,2013,3.402624524921653,Rural,No,404337.01599939715
1414,2.0,3,1979,4.416340370747255,Suburban,Yes,325493.57369716716
1099,2.0,3,1953,9.021246852138551,Urban,No,275083.3559956838
2270,5.0,1,1994,9.056972221358139,Suburban,No,564609.4333439793
2379,1.0,1,1955,3.1113016281426544,Suburban,No,412460.7680792983
1711,4.0,2,1965,7.356975284972469,Suburban,Yes,408130.09310269303
704,3.0,2,1971,4.7400484889432235,Rural,No,208073.292853829
1726,1.0,2,1970,9.424004979755813,Rural,Yes,362065.21476007905
2195,5.0,3,2014,7.590207802935334,Suburban,No,514121.0215707781
1260,5.0,3,1979,5.449179478070498,Urban,No,349223.52670045645
2091,2.0,2,1973,8.356702139214784,Suburban,Yes,412215.41855125735
1992,3.0,3,2013,9.980906850417922,Suburban,Yes,528797.9234907113
2289,1.0,1,1962,5.023389752167398,Rural,,385920.9722247773
2059,2.0,3,1975,4.361611663598041,Urban,No,420382.62940782605
1513,3.0,2,1969,6.463324889243798,Urban,,398518.2998001423
2598,4.0,3,2010,7.147742230813129,Urban,No,586359.3596886875
1920,4.0,1,1955,7.340036716859698,Suburban,No,398075.98847201443
1986,2.0,2,1992,5.262246096780612,Rural,Yes,402892.4992257031
1533,1.0,2,1998,3.9906350369842674,Suburban,No,308377.1539914847
1778,3.0,2,1958,8.397322724636618,Urban,No,407810.9862847161
1557,4.0,2,1986,9.624342775706298,Rural,No,367473.43668878445
1913,4.0,3,1965,,Urban,No,443461.845806129
2855,1.0,1,1953,,Suburban,Yes,538398.7272452674
1314,2.0,3,1981,4.2413510539104315,Urban,No,349086.6013997904
1193,5.0,3,1966,6.602348132047929,Suburban,No,341812.8940641375
2735,3.0,2,1990,1.910440571544242,Urban,Yes,545480.4128967284
1895,4.0,1,1994,5.805216755128245,Suburban,Yes,449683.791604979
1665,5.0,3,1965,8.03095480380761,Suburban,Yes,446258.8012891592
2519,1.0,1,1969,3.2595323212330354,Rural,No,441456.9891718389
1697,2.0,1,1991,5.513808420692762,Suburban,Yes,396318.7131162038
2913,3.0,1,1959,1.6594682177330857,Urban,No,540795.7225786775
2338,1.0,1,2001,8.546472732960414,Rural,No,474897.7257342604
1756,2.0,3,2009,4.152087733956359,Suburban,No,381040.5926604861
3078,1.0,1,1997,,Suburban,Yes,577699.3083478209
1697,4.0,3,1972,4.406813560446045,Urban,No,386738.81184559455
2371,4.0,1,1982,6.378403297890204,Suburban,No,476407.6159730687
2149,5.0,1,1974,7.6977816436785105,Suburban,No,459128.5338900829
2650,,3,1999,3.9413314214256747,Urban,,572219.1194688798
2780,4.0,2,2019,5.673352370013889,Urban,No,637642.9412519386
2016,2.0,3,2004,8.153870828880105,Urban,Yes,476825.7793067282
1623,5.0,1,2017,7.190662594686525,Urban,No,433315.32518612605
2229,3.0,3,1953,1.5136566505278122,Suburban,No,398662.86502002703
1661,1.0,1,1977,6.118829455178035,Suburban,,329508.4231749873
3006,,3,1978,4.387003059072251,Suburban,No,598858.95467597
2068,2.0,3,1997,7.379021320980885,Suburban,No,481820.5583091405
1817,1.0,3,2021,1.1500105652951893,Rural,,350192.3651681659
2092,2.0,2,1962,3.975371254594438,Rural,Yes,396183.55631433724
1326,5.0,3,1992,1.7784376821353876,Suburban,Yes,344314.551278801
1514,4.0,3,1958,9.284427171102449,Suburban,No,316247.8017081269
2600,,2,1989,8.888496115709577,Urban,No,559718.9622542062
1671,5.0,2,1995,9.712798122247536,Rural,No,401715.5402741723
1476,2.0,1,2007,6.791214655453243,Urban,Yes,379995.04025026
2268,,1,2005,8.263439772913292,Urban,No,491367.35173875047
2592,,3,1961,6.506818767995538,Suburban,No,501806.95669805224
2359,1.0,1,1974,5.428394250405725,Suburban,No,442509.9489895381
2498,5.0,3,1965,8.50438407886013,Suburban,Yes,549783.3009146829
1621,3.0,2,2000,7.985495946830096,Suburban,No,370966.9153521765
1289,1.0,2,2021,7.599491274613761,Rural,No,295772.30145921925
2750,4.0,3,2002,9.045198301545495,Suburban,No,594850.7795887466
1838,4.0,1,2001,9.358697580581914,Suburban,Yes,468760.5995564376
1874,4.0,1,2016,5.007585713406213,Rural,No,374493.0735930179
2664,2.0,1,1973,3.5453917607613223,Suburban,No,475125.6586258362
2278,2.0,3,1963,5.606069944492541,Suburban,No,463246.20240809413
2227,2.0,1,1971,1.8375957848437516,Urban,No,439285.91234336694
3082,4.0,2,1980,9.443444153725572,Urban,,631378.9571292084
1678,1.0,2,2007,9.854679897317956,Urban,No,397029.9379354193
2463,4.0,2,2018,6.8743437482057,Urban,No,582548.8542537381
2028,1.0,2,1968,7.715455254758056,Suburban,No,407742.7824701635
2134,2.0,2,2002,3.9130485002107034,Suburban,No,477647.36978034186
2764,3.0,2,1951,8.79640711907766,Suburban,Yes,506341.6914043229
2253,2.0,2,2002,9.102722834657182,Urban,No,497608.5192184977
2269,5.0,2,2016,1.692120264713557,Rural,No,493152.9475929039
2536,1.0,2,1996,2.1829948125376606,Suburban,No,463705.69506141864
1817,3.0,3,2002,3.347676423743902,Urban,No,399751.90237329464
1580,2.0,3,2006,7.333070255671714,Urban,Yes,429360.8362598201
1477,3.0,2,1974,2.650282054962309,Suburban,No,301391.08276639954
1016,4.0,2,1984,2.9807208917787045,Rural,No,269411.55457372323
3028,1.0,2,1978,4.436772035935306,Suburban,Yes,549182.7541757551
1448,5.0,1,1966,6.5047272157374305,Suburban,Yes,365193.37261906895
1889,4.0,3,1998,9.786784283160523,Urban,Yes,516729.71417143306
1861,3.0,2,2005,8.055052245171254,Urban,No,469172.8671910019
2153,2.0,3,2022,6.024731650569185,Rural,No,520087.49687166885
2407,1.0,2,1952,1.444475956734073,Suburban,No,415459.5907917641
2430,5.0,1,1971,5.651559224023873,Urban,No,553024.3355861515
1708,2.0,2,1963,2.836766706699029,Urban,Yes,359788.85915239126
1916,5.0,3,1952,3.700621455937624,Suburban,No,393566.00738369493
2141,1.0,3,1987,3.25774618725492,Suburban,No,442306.9928569374
1875,3.0,3,1970,4.127033128632597,Suburban,No,385207.81424046285
2803,5.0,3,2000,1.5603380250658216,Rural,No,551409.2793353909
2245,1.0,2,1973,6.191540245401814,Urban,Yes,501326.2807954562
2367,5.0,1,1994,1.41177740131209,Urban,No,517569.2354537864
2331,2.0,1,2018,6.945251881520146,Rural,Yes,463067.3963004067
2586,5.0,2,1993,7.577220986009628,Rural,No,531446.2446025531
2090,2.0,2,1996,5.374576373626016,Urban,No,480358.9344301739
1351,2.0,3,2006,8.031314027964223,Suburban,No,360151.76464100165
2199,1.0,2,1968,9.70651629144536,Urban,Yes,470941.6800566148
1674,4.0,1,1983,4.060473497483118,Suburban,Yes,362830.12577786756
1735,5.0,2,1952,6.570162317135494,Suburban,Yes,376330.1718776034
2293,3.0,2,1988,3.913585687511953,Suburban,No,476212.76750612014
2619,2.0,1,2009,4.990470265259825,Urban,No,554487.9644528967
2010,4.0,1,1959,1.1874297073542164,Suburban,No,381464.7593377949
2154,2.0,2,1989,1.6691489340178787,Suburban,No,428178.98426393984
2851,,3,1951,8.177758565746682,Urban,Yes,585867.751584862
2120,4.0,3,1994,2.2591700304188373,Urban,No,498693.96091533493
3300,,3,1976,,Suburban,No,600551.0099446032
2282,4.0,1,2002,,Suburban,No,510894.1780873534
1119,3.0,1,1958,9.966033693743935,Rural,No,285610.461739098
2376,1.0,3,1950,7.260364054259088,Suburban,No,479581.79368562234
2190,2.0,2,1982,2.158711203435793,Urban,No,461299.96026956703
2644,3.0,2,1987,6.638874876500118,Urban,No,528734.1850975896
2336,2.0,2,2006,5.7172853830872565,Rural,No,523334.9266306489
1930,5.0,1,1982,9.256516817724064,Urban,Yes,522362.2441283241
1387,,1,1997,7.211350596570353,Suburban,Yes,377635.54805843823
1895,5.0,3,1952,5.666307414994787,Rural,Yes,386157.90328119823
1574,5.0,2,1981,6.617925029992781,Rural,No,364864.6217374723
1709,,1,1970,4.991139573989319,Urban,No,396613.553918043
2294,4.0,1,2017,5.5756656044263,Suburban,,497767.14279525477
2834,5.0,3,1966,7.50110467327793,Suburban,Yes,560274.677201665
2197,4.0,2,1991,1.7051164518444037,Suburban,Yes,483450.8801870607
1402,2.0,1,2017,6.538020178119372,Urban,No,412870.5690319105
2222,4.0,1,1961,1.7939572115067492,Urban,No,473136.87041670945
2598,5.0,1,1994,8.695691073568547,Suburban,No,539013.3469723519
1695,4.0,1,1985,9.482170425993292,Rural,No,368800.9912929139
1932,4.0,2,2000,8.021822967185205,Urban,No,496494.7108448915
2007,3.0,3,1956,7.46228549955914,Urban,Yes,474356.6985584485
1607,3.0,2,1982,9.493726028634686,Urban,No,418474.8262271507
2324,5.0,3,1997,2.9667548329881677,Urban,No,516459.18712334736
1939,2.0,1,2015,3.0594965102359604,Suburban,No,440220.91652463365
2209,1.0,2,1982,5.329138288768823,Urban,Yes,502249.40745458583
1556,1.0,3,1976,1.0671671712967679,Urban,Yes,370115.56894992036
1781,,3,1996,9.685629019994346,Urban,Yes,480841.0404159108
2361,2.0,1,2015,1.2902720388364117,Suburban,No,456457.472888972
1813,2.0,3,1992,6.365007761891168,Urban,No,458993.54591355193
2863,2.0,3,1968,4.185765082402646,Urban,Yes,561898.707796105
1800,3.0,3,2017,1.92669351240206,Urban,Yes,451039.98253871826
2112,5.0,1,1959,1.2215344238062158,Suburban,No,416190.7529615052
2466,1.0,2,1971,3.361766911286404,Rural,No,420018.9443626426
1290,2.0,1,2015,1.9601563141805776,Suburban,No,332595.1868149945
1119,5.0,3,1951,9.462957237788212,Urban,No,333528.6689553027
1237,1.0,3,1967,3.2028515894376244,Rural,No,233497.4589141842
2631,3.0,2,1968,1.8471873716708433,Suburban,No,484771.39706007444
1724,4.0,3,1979,7.927138312333737,Suburban,,386474.3281457471
3279,1.0,2,1955,4.728268837374138,Urban,No,579577.6764302716
1717,1.0,3,1976,8.592994063747696,Rural,No,343184.73747388547
2092,1.0,3,1964,8.545878717602319,Urban,No,466395.969368458
2771,4.0,1,1980,9.931426771735671,Suburban,No,573420.1709822662
3003,2.0,1,1993,8.234451384448061,Urban,Yes,600048.5360740287
3030,4.0,2,1959,2.9273665834281335,Urban,No,573559.0097331874
2604,1.0,1,1970,6.2780354912883745,Urban,Yes,501939.965653658
2512,3.0,2,1996,5.7362507076102975,Suburban,Yes,513265.1255816378
2296,1.0,1,2004,5.573706664330654,Rural,No,433716.9179931274
2389,3.0,2,1985,3.6712670210719547,Suburban,No,479753.02929597534
1724,5.0,3,2023,2.8912674724912986,Suburban,No,438785.30678878253
1590,3.0,2,2007,7.452054412719138,Urban,Yes,412001.8077128566
1998,,1,1968,1.9158555690726058,Suburban,No,337733.8797033445
1914,4.0,2,2013,1.4465439640451998,Suburban,,419287.1195812051
1773,1.0,1,1959,4.431192683536863,Suburban,No,339472.8277554239
7044,1.0,3,1998,7.695329277333668,Urban,Yes,529374.5271829088
2477,5.0,1,2003,8.81679704288857,Rural,No,485900.6547228028
2044,2.0,3,2010,5.861142335802022,Suburban,No,462747.5358948539
2738,1.0,3,2008,8.559391804313464,Suburban,No,524918.6523871735
1429,5.0,1,1951,1.2276209491083263,Suburban,No,308360.36810787884
1903,4.0,3,1957,5.0983253068297945,Suburban,No,408946.5583620489
1641,5.0,1,1968,2.2004968316176545,Rural,No,370221.6548916952
1066,5.0,2,2017,6.244457683628995,Suburban,No,349943.51074618753
1958,3.0,3,1963,9.288894244684963,Suburban,No,461982.9299193097
1939,2.0,2,1971,1.0647141693863134,Urban,No,437074.1581465484
2756,,2,1966,7.013989790964644,Urban,No,543859.8669673599
2315,,1,2012,8.131147465113974,Rural,No,492379.8782908525
1487,5.0,1,1975,7.700331462067364,Suburban,Yes,418184.2370001677
2927,4.0,3,1985,1.177921820782837,Suburban,No,580892.6685002302
2610,4.0,1,1994,,Suburban,,551759.0992919477
2291,2.0,2,1979,1.849593903180513,Suburban,No,433399.624406732
1886,2.0,2,1970,1.769087790360769,Rural,No,322139.9260580208
1520,2.0,2,1969,7.571657193899082,Rural,No,307625.5212846962
1813,1.0,3,1991,,Suburban,Yes,398451.3111072825
2544,5.0,1,2005,7.523392778951581,Urban,No,569952.1146075478
2942,4.0,2,1961,4.246771753176404,Rural,,491579.8182570208
2771,5.0,3,1957,2.0534437745794607,Suburban,Yes,532582.6336971517
1755,4.0,1,2012,7.4660689157376865,Urban,No,465857.4528463644
1440,4.0,1,2005,6.634514833728578,Urban,No,370845.5311585803
2070,4.0,2,1956,2.016785410419495,Suburban,Yes,421328.46271373867
1115,4.0,3,2011,9.31927970416087,Rural,No,323482.2371568102
2161,3.0,2,2010,3.7802873331020903,Suburban,No,473027.25559567864
1926,3.0,2,1959,,Rural,No,407934.49456869764
1766,1.0,3,1999,1.2878282640799774,Urban,No,372246.4242487912
1202,2.0,2,1969,4.987381892903776,Suburban,,237568.49924128148
2256,4.0,3,1977,9.679277795622912,Urban,No,525592.9737299746
1733,5.0,3,1963,8.978577278374718,Urban,No,426295.7834274268
1415,3.0,2,1957,2.9921252877217297,Suburban,No,305419.53017014853
563,2.0,2,1956,8.912173022635653,Rural,No,151331.05136453095
1986,1.0,1,1954,3.6376315110963233,Suburban,No,370787.84177401674
2886,2.0,1,1950,8.670109902289372,Urban,Yes,550312.055689411
2830,4.0,3,2022,7.563042370698513,Suburban,Yes,622917.9180323081
1771,2.0,3,1959,4.1684734234819,Urban,No,390583.9617246996
1698,4.0,3,2007,9.197118041272617,Urban,No,461943.5896172573
2234,3.0,1,2014,5.367513651356583,Suburban,No,502281.3570509976
1500,3.0,2,2009,3.859246642367924,Suburban,Yes,403322.9995573863
2150,4.0,2,1969,,Suburban,No,443701.1226002419
2383,5.0,1,2007,9.451604034823609,Suburban,No,551161.3050057138
2613,3.0,2,1992,7.827228915483458,Rural,No,514233.27723011974
1949,5.0,2,1978,4.149091871578198,Suburban,No,398978.69572117145
1898,4.0,2,1951,3.2875160020478256,Suburban,No,396665.27548086294
1561,4.0,1,1975,2.904553381361086,Rural,No,275261.0705748412
1586,3.0,3,2008,3.200433679289689,Rural,No,310878.34979649674
1886,5.0,2,1950,1.9988145229327818,Urban,Yes,418801.4798621443
2183,4.0,2,1980,5.36261462744519,Suburban,Yes,457495.41286554787
2456,3.0,3,1987,1.3696494537428272,Rural,No,457804.6142574573
4794,4.0,2,1971,1.1036318175093256,Urban,No,351207.2483304558
2746,2.0,2,2015,6.562653338232395,Suburban,No,570715.675071384
1864,2.0,3,1996,1.7963138678370736,Suburban,No,380186.5287552948
1989,3.0,1,1950,8.606886516307778,Urban,No,422642.4746294364
1626,4.0,1,1999,1.9605590066276606,Suburban,Yes,374842.64721045643
787,3.0,2,1985,5.884020999470258,Rural,No,256373.77921383682
2442,1.0,2,1994,7.079532781041533,Suburban,No,455352.2680996258
2368,3.0,3,1985,3.0623995604561784,Urban,Yes,545059.8765953196
1859,3.0,3,1983,8.994377406511202,Urban,No,431062.33302173537
2033,2.0,2,1958,5.3324821172393975,Urban,No,392924.9539955401
2257,2.0,2,1953,3.837871856068589,Urban,Yes,442746.1934043519
1218,,1,2012,9.110157472663586,Rural,Yes,340515.2782768421
1735,,1,1953,,Urban,No,401681.858372834
2397,3.0,1,1954,,Suburban,No,431824.12725731905
1372,4.0,1,1959,3.6143420564385953,Urban,No,312967.1923182992
2146,5.0,3,1993,4.511857056873287,Urban,Yes,541915.4873877834
1321,4.0,1,1989,7.207600263171416,Urban,Yes,380381.883073074
2233,2.0,1,1985,2.667558919478572,Urban,No,436669.3332972247
1982,,2,1984,5.456012247258018,Suburban,No,436169.0284971077
1192,3.0,1,2008,7.639500364043052,Suburban,No,318537.36410221417
2582,2.0,2,2014,6.9194163436378995,Urban,No,542003.1232189492
1632,,2,1980,7.479397753144503,Urban,No,383712.5725502343
1594,3.0,1,1995,9.02727306950323,Suburban,No,385962.36951590143
2100,4.0,1,1998,9.71457986368793,Suburban,No,493651.2129410767
2574,4.0,2,1955,5.125451614432349,Suburban,No,460370.8708802037
1492,3.0,3,2019,1.5398366140817277,Urban,No,388698.7805027594
2030,5.0,2,1968,8.509152910261768,Suburban,No,479775.11171667156
2214,2.0,3,1991,2.0616933991513204,Suburban,No,433584.2104429668
2346,1.0,3,1979,2.974999409992896,Suburban,No,449572.55991641665
2088,1.0,1,1975,6.878507083187083,Suburban,Yes,420718.22575919906
1816,1.0,1,1952,7.711617196837311,Urban,No,403249.29914928763
1586,2.0,1,1982,7.251825238003962,Suburban,No,366654.89752782695
2043,5.0,1,1999,4.9464297482401145,Urban,Yes,510300.42783743487
1463,,2,1980,9.262603526628508,Suburban,No,350096.6471036824
539,3.0,3,2017,8.489766422781972,Suburban,No,307925.049490768
2218,5.0,2,1959,6.9731433117902295,Rural,No,410898.67339561065
2451,1.0,3,1971,4.969681141651752,Urban,Yes,510267.9037599604
818,2.0,2,2012,5.1744333987339335,Rural,No,246027.4205919098
1495,2.0,3,2003,2.5836997820100773,Urban,Yes,392256.2267488661
2309,3.0,1,2000,8.017344973897428,Suburban,No,517669.9430590665
3028,4.0,3,1953,8.793670442380952,Urban,No,590210.200973886
2010,5.0,1,1986,,Urban,Yes,504695.0851780969
1635,5.0,3,2020,5.923881531788649,Rural,Yes,413218.6029334543
1908,5.0,2,2012,8.541470273788594,Rural,No,462731.0878513286
2687,4.0,3,2000,,Rural,No,542823.9367509573
1677,4.0,2,1957,8.491233817631484,Suburban,No,361041.9010249247
1600,4.0,2,1950,9.837399976917492,Rural,No,327366.55336189794
1758,3.0,1,1957,,Suburban,No,325612.8902417786
1523,2.0,3,2004,3.4362096914369236,Suburban,,367646.50478692824
2061,1.0,2,1958,8.387766246634932,Suburban,No,378857.5084490392
2812,4.0,3,2000,,Urban,No,561047.4127224401
2161,2.0,1,1965,5.64572995915297,Urban,No,445438.5357990634
1873,4.0,1,2002,8.167595744172461,Suburban,No,411204.40367009427
1854,1.0,3,2008,3.850469494038984,Suburban,Yes,448939.78454595804
1218,4.0,2,1994,1.2347482984215459,Suburban,Yes,297663.49607182835
2441,2.0,2,1986,7.4633007074061215,Suburban,Yes,524029.53939518804
1961,3.0,2,2015,9.119567078158614,Urban,No,523709.3918722875
1909,1.0,3,2013,9.350996034650986,Rural,No,432845.1103012409
3596,2.0,2,1985,8.19019165006084,Suburban,Yes,654174.3675596544
2149,5.0,2,1999,9.416285722845686,Rural,Yes,533196.9236256387
1624,5.0,2,2002,8.385904831323833,Rural,Yes,430725.2088890779
1786,5.0,1,2006,1.2708914375187041,Rural,No,400918.62411597755
2574,3.0,2,1968,4.1468988290759805,Rural,No,448607.1027229968
2056,4.0,3,1975,4.024956946380639,Suburban,No,422202.1756213727
1280,4.0,3,2017,2.9724791361418337,Rural,No,299279.5047213594
2459,4.0,2,1992,8.181433270818134,Suburban,Yes,510393.41094017064
1665,3.0,3,2007,5.680808609689912,Suburban,No,428466.45456307847
2936,5.0,3,2008,8.526604456991574,Suburban,No,640712.8682794061
2540,4.0,2,1995,6.412143611204894,Urban,No,544958.7944861293
1776,3.0,1,2017,6.315484110695172,Suburban,No,417990.83088168106
2640,3.0,2,1989,4.457336079661565,Suburban,No,544558.1781340742
2033,2.0,3,1962,8.106426288011319,Suburban,No,433755.5212290487
2426,4.0,3,1958,7.147824967594401,Suburban,No,462215.2982163828
2242,5.0,2,2015,4.04876663371184,Rural,No,467963.5703883716
1576,,3,2002,9.942159784601627,Suburban,Yes,400000.9853859141
1678,3.0,1,1953,5.165102786042504,Suburban,No,352497.84430579795
2514,2.0,2,1963,3.8493117542462536,Suburban,Yes,452163.96464268415
1832,1.0,3,1957,7.1901375050279706,Rural,No,317298.6064134839
1798,3.0,1,2011,3.005266870648036,Rural,No,369241.68356982415
1522,2.0,3,1994,8.475796652153079,Urban,No,368324.1086328676
2211,4.0,1,2016,7.123272204586223,Urban,No,531394.4651053936
3031,2.0,3,2011,8.83058818363759,Suburban,Yes,597493.8001585733
1466,,2,2019,3.9614622662823162,Urban,No,433788.062533365
2012,4.0,3,1985,8.689830066397537,Suburban,No,431759.78397946584
2706,5.0,2,1950,5.508380284934255,Rural,No,463387.7520921945
1960,,1,2009,1.5324064898016139,Suburban,No,429724.62895526335
2226,1.0,1,2023,2.7475234064906413,Rural,No,440961.32714111893
1468,4.0,3,1962,2.958842487602116,Suburban,No,307170.17279146303
2214,4.0,2,1961,7.911918786750584,Rural,Yes,454105.12859821995
1906,5.0,2,1966,2.828128724150377,Rural,Yes,420856.9118012567
2492,2.0,1,1996,6.057255291315105,Urban,Yes,547515.0697521671
2593,1.0,1,2002,6.87287828901421,Urban,No,560187.0468980597
3294,5.0,3,2016,7.964716346485497,Urban,No,685599.8042778568
2289,2.0,1,1959,8.054921961890937,Urban,No,476591.6525350031
2162,1.0,1,1995,7.45843470512447,Urban,No,466462.05095941294
2097,1.0,2,1953,2.918654159254641,Rural,,357400.7995488097
1823,3.0,2,2006,5.8912238158406645,Suburban,No,415146.3126911146
2169,1.0,2,1987,3.6115262340617442,Urban,No,424273.3264431364
1852,2.0,1,1961,7.97587802009995,Suburban,No,378175.4393400736
2084,5.0,3,1980,7.732835297876239,Urban,No,514970.31074891984
2658,5.0,3,1951,3.0668281000702597,Suburban,No,489782.8760842345
1496,3.0,1,1950,6.772084495414672,Suburban,Yes,352724.88055003906
2569,2.0,3,1974,1.5258511210588184,Urban,No,498232.8407920162
2658,1.0,1,1954,7.916935753612514,Suburban,No,506771.17998548195
1940,3.0,3,1997,8.0218185794065,Suburban,No,443221.1253368142
939,4.0,1,1963,4.123107196944239,Urban,No,280369.04329186346
1696,,2,2001,8.256308915884734,Suburban,No,389857.1476806904
2648,3.0,3,2023,8.72467794886202,Suburban,No,582530.4389769603
1988,5.0,2,1970,2.7105202402406134,Urban,No,440082.6715240401
1500,3.0,2,1974,4.158055929879551,Suburban,Yes,321738.61367898004
1747,4.0,3,2016,3.349726089666356,Suburban,Yes,445485.1099544375
2420,2.0,1,1999,4.3692249688168925,Urban,No,512677.6311562795
2273,3.0,2,1982,5.02213742933826,Suburban,No,488454.4360609867
1880,,2,1966,5.589718714423287,Rural,,331074.75133641163
1816,2.0,1,2019,1.3159333176693306,Suburban,No,343839.345407611
1804,3.0,1,1983,1.496497142070663,Rural,No,377742.10492087936
1538,3.0,3,1975,6.897111698986341,Rural,Yes,334824.2808979998
2807,2.0,3,1991,4.984672501488762,Suburban,Yes,558680.494075416
1838,5.0,1,1980,1.8076384095937175,Suburban,Yes,370652.6362647587
2608,1.0,2,2000,4.47606923099104,Suburban,No,491798.9390354077
2760,,1,1985,5.279454051901064,Urban,No,558841.1397833346
2499,1.0,3,1962,6.720310927034797,Urban,Yes,491448.4691571096
1784,1.0,2,1962,2.064970583574427,Urban,No,346119.89744763076
2201,2.0,2,1981,9.95323883110508,Suburban,No,423220.43513152876
1987,3.0,3,1954,5.2723498204514145,Urban,No,454236.0550796999
1548,5.0,2,1961,7.12711516720489,Rural,No,316457.28677952016
6486,1.0,1,2008,9.1739635495379,Suburban,No,435465.88707610423
1410,1.0,3,1990,1.2864102766426606,Suburban,No,253392.39374620662
2593,3.0,2,1986,6.412230803727884,Urban,No,528514.2161824326
1767,2.0,3,2017,5.863201673325578,Suburban,Yes,452007.74396706035
2100,5.0,2,1997,1.5166612117568783,Urban,No,501682.85211263876
2141,1.0,1,1992,7.237249703472029,Rural,No,406137.4415153536
1870,1.0,3,1990,2.987041424341046,Rural,No,332008.374223926
2293,2.0,2,2005,7.31693428085588,Urban,Yes,522687.2194941847
1762,,1,2018,4.263662575333129,Suburban,No,402902.20014084136
2435,,1,1960,7.931135808982812,Suburban,Yes,506499.20373748924
1327,3.0,1,1958,9.475852989161458,Urban,No,341588.48708221427
2063,1.0,2,1977,8.744613561571079,Rural,,429652.8103119603
2969,1.0,2,1971,5.34316213678767,Rural,No,491893.1001434511
1499,5.0,1,1955,3.02745613688115,Suburban,No,293750.42317966005
1661,3.0,1,1975,9.93181167755393,Urban,Yes,419944.3900272563
2256,4.0,1,1965,6.935488033633012,Suburban,No,451146.7181050908
2089,5.0,1,1963,4.56357373724642,Suburban,No,440297.8009141545
2175,4.0,1,1984,5.333713727312845,Suburban,Yes,466516.5293613686
2244,5.0,2,1991,2.1524976231865054,Rural,Yes,458804.38390427607
2317,,3,2002,5.54762826914181,Urban,Yes,564147.0933158265
2554,1.0,3,1971,2.558480566297482,Suburban,Yes,445924.0394226969
2204,4.0,3,2002,4.291709450266862,Rural,No,503900.2100498951
1879,3.0,2,2015,5.425902615181302,Suburban,,454851.9878530402
2336,4.0,3,1962,9.530188652259305,Suburban,No,446747.14535226586
2949,3.0,3,1960,,Rural,No,524759.5363274311
1933,5.0,3,1961,4.347011629530043,Rural,No,341558.065454041
1512,3.0,3,2002,,Rural,No,318004.1454442434
2553,5.0,1,1958,7.724697292723136,Suburban,No,491664.1886862731
1939,1.0,2,2020,5.201676057534196,Rural,No,453486.88401166326
913,5.0,3,1966,1.6133964008605504,Rural,,222770.88111707196
2423,2.0,1,2010,6.9118715797613675,Urban,Yes,546149.178267123
1732,1.0,3,1959,4.150948438135794,Rural,No,291872.8244933744
1954,3.0,3,1987,4.635021530508565,Suburban,,460743.60198160086
2165,3.0,3,1988,8.549684407214091,Urban,Yes,523950.9362330527
2095,2.0,3,1979,2.2357741547036722,Rural,,386493.1943070753
2354,3.0,3,1983,4.063373835580505,Urban,No,485618.72225223726
1782,1.0,1,1982,4.273013316726836,Suburban,,331970.3121727308
2256,1.0,3,1981,1.0299642279054921,Urban,,451356.93952551833
1870,5.0,1,1961,8.60796024734107,Suburban,No,393682.37572516646
2369,4.0,3,2014,8.517813113706069,Suburban,No,526066.1027507667
2307,3.0,2,1959,6.956526781079186,Urban,Yes,517390.2688462958
1532,2.0,1,1968,9.09046832349521,Rural,Yes,315520.14118912205
2542,1.0,3,1972,3.455979475030991,Suburban,No,466066.9003779224
1732,1.0,1,2006,2.9856725256661933,Urban,No,383457.4226124955
2404,1.0,3,2008,1.616687203739796,Rural,Yes,466612.6422543113
2183,4.0,3,2003,6.328115313583337,Suburban,,484061.8335647582
2919,4.0,1,2023,5.467199095552189,Suburban,No,595765.3600102006
1888,3.0,3,1951,8.293566841237531,Rural,No,394347.0845659325
1825,2.0,3,1997,5.331583337797992,Suburban,No,422876.93562130205
1990,4.0,3,1955,,Urban,No,388279.4079424331
1848,5.0,3,1992,8.286372257087052,Urban,No,423272.88256609964
2399,4.0,3,1966,5.0990911491947095,Suburban,No,500673.02380731516
1191,1.0,3,1985,9.602471985342913,Suburban,No,303872.0875513541
1473,2.0,1,1973,5.810242756680795,Urban,No,348685.7324026872
1466,3.0,2,2010,2.0506504086123707,Rural,No,357665.5644038789
2475,4.0,3,1978,8.65921999687922,Suburban,Yes,514389.03042165673
2855,1.0,1,2007,8.905693475128745,Urban,Yes,611218.7284763096
1947,5.0,2,2015,5.008883878321785,Suburban,Yes,477285.21518885414
1915,5.0,1,2002,1.233937084089276,Rural,No,422661.9785443918
2035,3.0,2,2019,1.2675112285848078,Suburban,No,441302.51943970844
2580,3.0,2,1958,4.160343278868314,Urban,No,498854.9546099251
1536,4.0,2,1991,7.44608998065982,Rural,Yes,361193.6328040977
2119,3.0,1,1988,3.9794663291504615,Urban,Yes,483846.8868236994
2487,1.0,2,2018,1.069569304650913,Suburban,No,478076.57296290353
2250,1.0,3,1989,8.63713926377317,Suburban,No,429742.2824237372
2094,1.0,3,2008,9.718591883903521,Urban,Yes,512476.9819409336
2500,4.0,2,1993,4.117325095911095,Urban,Yes,500445.8370902832
648,4.0,2,2014,1.657672504215364,Suburban,No,262408.8821048247
2338,,3,2023,3.622705471211924,Suburban,No,485842.03663134057
1672,4.0,1,1960,8.191051980825055,Rural,No,355490.6523345842
1084,1.0,1,1954,5.880327467285381,Suburban,No,247570.14159336864
2255,2.0,3,2023,4.455870754410627,Suburban,No,504998.22520356305
2686,1.0,1,1998,4.008042103400957,Urban,No,571767.1286615104
1931,2.0,1,2000,2.0385542928361557,Urban,Yes,431288.142936643
2476,3.0,2,1985,4.055623822934316,Suburban,No,496020.7039781341
2806,5.0,1,1965,5.230975926755399,Suburban,No,537514.2696808161
2657,4.0,3,1956,7.0582695925127545,Suburban,,514727.2798912547
2819,4.0,1,1993,3.3587051918862185,Urban,Yes,595518.7036058995
2371,1.0,2,1975,9.076409928786722,Urban,No,478220.81820615137
2037,1.0,3,1985,5.363197573253598,Urban,Yes,470253.8497365535
1199,2.0,3,2002,4.646451341599914,Suburban,No,301702.87569891615
5628,4.0,3,1993,6.345583688893409,Rural,No,434664.07312263764
1578,3.0,2,1961,2.508613717818752,Suburban,No,320722.82901641814
3085,1.0,3,2017,1.959268655219799,Suburban,No,588405.9293305308
1912,4.0,2,1972,4.118863337905736,Suburban,No,411805.93314768205
2061,5.0,2,1979,1.3594005250686658,Urban,Yes,461645.1727248509
2275,2.0,1,2012,4.398248807362282,Suburban,Yes,450291.10145636834
2021,1.0,3,1952,7.0433673173638285,Urban,No,444223.77074591425
2847,1.0,1,1983,8.309100737200463,Rural,No,541745.3754211742
1688,,1,1998,6.217867979302116,Rural,Yes,378425.38811124826
2097,1.0,2,1993,7.221962413976575,Rural,,402464.5979930011
1628,4.0,1,1990,8.49816808241104,Suburban,No,350575.57354913105
1339,4.0,1,1997,7.958170883758095,Urban,No,390782.91085421696
1694,4.0,1,2020,3.879837237927499,Rural,Yes,378730.4954035478
1981,5.0,3,1957,,Suburban,,425923.55066651973
1785,5.0,1,1956,3.3836783923869156,Urban,No,394000.45025851595
1653,1.0,2,1986,6.187004050556363,Rural,No,329992.8276872696
1296,5.0,3,2004,4.834012385324981,Rural,Yes,348121.38065697363
1958,5.0,2,2020,,Suburban,,466096.6854257683
1247,3.0,3,1999,2.6520754969454234,Rural,Yes,277528.5652477754
2380,5.0,3,1970,6.055777406699166,Suburban,No,516668.22859495314
2041,,3,1983,7.563843830861335,Rural,No,400679.7879560602
1271,2.0,2,1998,6.1415173387498125,Urban,Yes,357969.8923921846
1845,2.0,1,1976,1.6230400140882164,Suburban,No,333867.75173799915
1623,1.0,3,1957,9.318942667384281,Suburban,No,349790.4725563909
2159,4.0,2,1983,1.0494194458482036,Suburban,No,435263.1874581483
2670,3.0,3,1967,8.965521222912248,Urban,No,515262.0053697322
1062,1.0,1,2000,7.89465993777418,Urban,No,326842.49525936984
2057,4.0,3,1961,1.8690155564352744,Rural,Yes,430592.67728435394
1919,3.0,2,2000,3.129079436355785,Urban,Yes,455102.33233699657
2335,3.0,3,2012,4.140704706083175,Suburban,No,463969.4810417055
2106,3.0,2,1989,9.192708181967182,Urban,No,478390.215769629
1624,2.0,1,1971,9.819335922221775,Urban,No,365154.3787619851
1840,2.0,1,1957,,Suburban,Yes,363043.19430198794
1601,2.0,3,1977,4.572389216089891,Suburban,No,339029.124956609
2538,3.0,1,1999,2.3435367152189577,Urban,No,529638.9393655248
2010,3.0,2,1996,3.505929043928615,Urban,No,484394.3033509954
2950,2.0,3,2005,9.829632707526237,Suburban,No,608535.9988384886
1969,3.0,2,1981,9.859835009112034,Urban,No,441682.2875679715
1645,2.0,3,1960,,Urban,No,361347.9018867045
1243,2.0,2,1970,2.6482486051544614,Urban,Yes,312601.71831063577
1098,2.0,3,1975,5.923167339347914,Urban,No,282375.6052809197
1207,4.0,2,1963,3.8861668681527446,Suburban,No,300470.2811476961
2133,3.0,2,1963,9.359477561158705,Urban,Yes,499145.0370558665
2254,1.0,3,1952,8.363928765893089,Suburban,No,403552.7935901251
1209,2.0,2,2006,3.7795659921242457,Suburban,No,298425.2195855744
2447,1.0,1,1956,1.164781866877315,Suburban,No,427203.6179110204
1758,4.0,2,1988,9.982437720806193,Urban,Yes,473932.9382528555
2073,3.0,3,2006,7.150095869490187,Suburban,No,472968.0461454502
2806,2.0,1,2014,4.831547702227255,Rural,,530567.331111639
2448,2.0,1,1974,3.5961015162812275,Urban,No,469969.6970593226
1865,2.0,2,1980,1.0398199464451237,Suburban,No,339955.5843926487
1554,1.0,2,1959,2.3856346860087676,Urban,Yes,326218.34063642874
924,4.0,2,2021,1.0528420139556895,Urban,No,295670.01982478076
1640,3.0,1,1958,6.37825987175768,Urban,No,422027.7601464608
1894,4.0,1,1957,6.970089443926128,Urban,Yes,460133.5100234526
1506,2.0,1,1968,7.901165281557289,Suburban,No,346715.2953754595
1934,4.0,3,1979,2.68299419977752,Suburban,No,432948.1326177197
2038,1.0,3,1958,1.8637378315927013,Rural,No,372717.6166552098
1887,5.0,2,1996,6.8541319276624435,Suburban,No,426382.0218822847
1674,5.0,3,1995,5.499047071404463,Urban,No,452870.903065003
2084,3.0,3,1950,8.881173100667041,Rural,Yes,413649.08528532577
2220,3.0,2,1952,5.7993942123314355,Urban,No,430588.849903277
1454,4.0,2,1983,5.0033909782195645,Suburban,Yes,371208.8508278987
2705,3.0,1,1974,,Urban,No,548184.6154860754
1950,1.0,1,1979,8.040895465040206,Suburban,No,387664.3112035742
2009,2.0,2,1950,1.1647467918295558,Urban,No,393164.8415790005
2354,2.0,2,1967,9.263902991530886,Rural,Yes,461519.76362704876
2116,4.0,3,1982,7.427701382309372,Rural,No,441531.7043217171
2476,2.0,3,1958,,Suburban,No,507753.4212406133
2143,4.0,3,1956,9.636390949987206,Suburban,No,471120.5065438305
1693,3.0,2,1979,3.03403319047732,Urban,Yes,353283.6621653585
2180,3.0,2,1962,6.2050671385874265,Urban,No,434656.01485619706
1428,1.0,1,1962,5.374393534558634,Suburban,Yes,298381.80486793414
2054,2.0,3,1991,,Urban,No,490910.8361083385
1983,1.0,1,2023,1.4256026402893225,Urban,Yes,408230.8233109617
1895,5.0,2,2012,9.22587200750839,Suburban,Yes,486645.42232656927
1935,1.0,3,2018,9.592157642638355,Suburban,No,459626.0208057693
1059,4.0,1,1985,7.166118805389671,Suburban,Yes,302355.3932768914
1725,,2,1984,3.324498757475742,Suburban,No,365129.85124241654
2046,1.0,1,1995,8.084857847071873,Urban,Yes,452266.3649210653
2079,3.0,3,1994,7.577618351827253,Suburban,No,424689.51072294463
1486,5.0,1,2005,6.17131267425498,Urban,No,431928.14442277956
2632,1.0,1,1954,2.532155469655523,Suburban,No,445933.4041603791
1566,3.0,2,1993,2.8106101195153976,Urban,No,410437.30451854155
2484,1.0,3,1977,6.304644413312964,Suburban,No,488661.0817421599
2213,2.0,1,1991,2.1594231493562486,Suburban,No,410797.1109887631
1676,4.0,2,1980,7.515366814138606,Urban,,395134.3634738708
2887,,3,1956,2.9134007484573514,Suburban,No,538704.0962906228
1403,2.0,2,1956,9.194318311542865,Suburban,No,348623.35774214176
2459,5.0,3,1953,9.09752620001197,Rural,Yes,514309.22508289263
2500,3.0,2,1981,3.64243476650954,Suburban,Yes,496705.1501155535
1664,,2,1977,1.7504816140570805,Urban,No,372023.5335725278
2696,2.0,2,2005,6.502742237925037,Suburban,No,577473.1984366389
1874,4.0,1,1953,5.035730265575999,Urban,No,408207.2855359724
2144,3.0,1,1957,2.293380085635497,Rural,No,352571.7738289585
2130,1.0,2,1963,5.783333261074886,Rural,Yes,388332.64050906873
1932,2.0,3,1979,9.934518186019217,Suburban,No,392306.73911350284
2405,,2,1952,,Urban,No,458457.1453144714
2396,4.0,1,1951,3.375058471940835,Urban,,482849.15801978996
1125,3.0,3,1959,5.8475285653056535,Suburban,No,282320.6191935791
2652,1.0,1,2019,8.1402515430282,Suburban,Yes,540834.7718969964
1168,3.0,2,2020,1.1688500799315444,Suburban,No,317681.2761247049
2516,4.0,1,1965,7.594840061654038,Suburban,No,509189.5158846395
2563,2.0,1,2019,2.258951886663132,Suburban,Yes,517646.94317632663
1454,2.0,1,1971,8.476115293114557,Urban,No,363847.38795854145
1794,5.0,2,1984,7.229584313703239,Suburban,Yes,420345.4922430992
1447,,1,1998,5.108602221915218,Suburban,Yes,348436.42108373257
1892,5.0,2,1951,8.394249471488337,Suburban,Yes,439589.4266343944
1845,5.0,2,2015,7.597438159287539,Suburban,No,444978.87117155443
2389,,1,1968,7.832656009271306,Urban,No,507476.4732113721
2655,4.0,3,2018,3.610663641055234,Suburban,No,561940.556523447
2697,2.0,1,1953,6.574769668827886,Rural,Yes,478618.74382468464
1718,4.0,1,1990,2.269954473425979,Suburban,No,387666.9262282156
1895,1.0,1,2005,8.387746862862276,Urban,Yes,456433.0203744469
1158,4.0,3,2004,5.740679088853371,Urban,No,359448.5643922878
1597,4.0,3,1980,8.423952835882737,Suburban,,396307.8735067117
2482,5.0,2,1971,2.900411932531227,Urban,No,503192.7360325968
2807,4.0,3,1997,2.1730736193055264,Suburban,No,584745.3635644229
1382,5.0,3,1953,7.200718924533949,Suburban,Yes,369977.6607390262
1703,5.0,1,1970,1.5255777394016434,Rural,No,351701.15411760006
1986,3.0,2,1990,3.195873509953519,Urban,,416210.77820070554
2140,1.0,2,1994,9.178422826272122,Urban,No,499096.32271598204
1595,5.0,3,1957,2.194821718117569,Rural,Yes,353021.7677894101
2212,4.0,3,1958,4.38000300222235,Suburban,Yes,443321.4870301371
1763,5.0,1,1967,9.510246076240056,Suburban,No,421957.9674086372
1992,,3,1980,1.1800289432265147,Urban,Yes,467564.2018807317
2273,5.0,3,1984,5.007836021054056,Urban,No,483510.98365135625
2003,2.0,2,1979,8.078132994515919,Urban,Yes,454047.7568382506
1781,2.0,3,1967,9.180823648707726,Suburban,No,402773.90856679
1945,2.0,1,1990,7.620192252614698,Suburban,No,419767.3610475875
1955,2.0,2,1973,8.995525598115908,Suburban,Yes,390203.9966442724
1814,3.0,2,1997,1.3093140916502966,Suburban,No,385866.3216384232
1870,5.0,3,1963,1.8988856137150902,Suburban,No,382579.472645418
2799,3.0,1,1968,7.639539218317156,Rural,Yes,496366.8127161924
2280,4.0,2,2009,7.779954270244398,Urban,No,530912.0679328495
1852,1.0,1,1971,6.447443002077595,Suburban,No,380895.9399996119
2348,3.0,1,1979,7.572488526261573,Urban,Yes,493743.27292265656
1833,2.0,3,1964,8.722478083146028,Urban,No,421722.94120677584
2586,2.0,1,1970,5.909342591268433,Urban,No,506872.0990658535
2184,4.0,2,1975,9.525919253751999,Suburban,Yes,518406.8083095364
1946,5.0,3,1961,,Suburban,Yes,454797.8050327079
2223,1.0,2,1956,5.247838767180961,Suburban,No,389636.0077770682
1214,3.0,1,1984,4.793663113510689,Suburban,No,336793.2485011526
1436,5.0,1,2017,7.751501160052808,Suburban,No,369994.25955842517
1403,,3,1951,6.674222958668663,Urban,No,373621.32080395747
2071,3.0,3,1969,8.356990315947844,Suburban,Yes,443314.73754955095
2866,3.0,2,1996,8.02887636377773,Rural,No,578648.427392951
3115,3.0,2,1961,5.717824261799922,Urban,Yes,599171.0368435463
2319,3.0,1,2002,9.511316112654644,Suburban,Yes,511093.1711510502
2250,2.0,3,1966,,Urban,No,493679.8955627308
1099,5.0,1,1967,2.8075562894901847,Suburban,No,258080.91558444433
1728,5.0,1,1973,6.566384562369136,Suburban,Yes,403660.25668750826
1606,2.0,2,2021,2.8163175028840186,Urban,Yes,435611.89882268105
1689,5.0,2,1986,6.029643656796776,Suburban,Yes,405607.9100843437
1915,3.0,2,1979,8.109410070644035,Urban,Yes,425793.17032069684
1763,1.0,3,2001,8.312548080568355,Suburban,No,391079.4825788674
1010,5.0,2,1972,6.857425163655275,Suburban,Yes,294664.7521856868
2373,1.0,3,1986,8.049755547643283,Urban,No,492443.3018169338
1463,1.0,1,2023,5.250120815720298,Urban,No,395634.6743186538
2119,2.0,3,1973,5.955902605651262,Suburban,No,404295.37046258483
3037,4.0,2,1999,8.91646281498011,Suburban,,633037.8955541339
1540,5.0,3,1969,5.4377258528946815,Rural,No,354379.55895554717
734,2.0,3,1996,4.158361797760937,Rural,No,210625.72557915933
1856,2.0,2,1967,8.172933124826198,Urban,No,449316.66070558585
2550,1.0,2,1975,1.4542632793969013,Urban,No,467995.8301210701
2979,5.0,1,2020,9.62521315610844,Urban,Yes,680464.3874775936
1385,2.0,3,1992,4.0605867204459285,Urban,Yes,343259.56122455426
2248,3.0,1,1996,6.6665454402226345,Rural,Yes,511206.0043487209
1767,2.0,1,1992,7.169097270488167,Suburban,Yes,417558.4575725707
1947,3.0,3,1981,2.233703507484887,Rural,No,366776.04653136845
3322,4.0,1,1956,8.405742220834735,Urban,No,652410.2819638968
1248,3.0,3,1981,6.149016628232691,Urban,Yes,393262.2054117823
2126,3.0,1,2014,3.9513575578336004,Suburban,No,464005.0701253085
2233,1.0,1,2007,8.656172850922841,Urban,No,473079.54779024847
7626,2.0,3,2002,6.6257234044929785,Urban,Yes,579603.2526844656
2048,4.0,2,1983,8.072003530015559,Rural,Yes,428776.99270929577
2154,2.0,3,2018,9.93078798991902,Suburban,,521539.0606023502
1804,3.0,2,2005,2.1724876779295057,Rural,No,361712.86875899875
2134,3.0,3,2015,7.746368354168834,Suburban,No,497212.04221707874
1828,,3,1981,7.819039082063996,Suburban,No,400011.84151215974
2310,4.0,2,1999,8.872206976662063,Suburban,No,477997.5230827951
1815,4.0,2,1973,4.672589072542542,Urban,No,414561.5413059454
2188,1.0,3,1995,8.826861827418028,Suburban,Yes,482857.6460164809
1985,3.0,3,1952,6.758949139591671,Urban,Yes,466880.68897635455
2563,3.0,3,1959,1.618949550915076,Suburban,No,447359.96685906313
1974,1.0,2,1955,1.2836507527309324,Suburban,No,349307.88060035364
1113,2.0,3,2001,5.333368724269349,Suburban,No,302251.7045283978
2630,3.0,2,1999,8.07248864830553,Suburban,Yes,529042.568873168
1547,2.0,1,2007,4.4580837306418655,Rural,No,388028.6017275493
1673,4.0,2,2001,8.666489367519175,Rural,No,374824.20965708763
1702,5.0,1,1962,5.429098147776366,Urban,Yes,406593.977905133
2687,1.0,3,2008,1.2365962613163906,Urban,No,554281.4981841374
932,3.0,3,1988,9.762985540512343,Suburban,No,302696.7394263537
3568,1.0,2,2002,,Rural,No,672629.011556484
2528,4.0,1,2007,6.851223793016548,Urban,No,554114.2017251418
2111,4.0,3,1969,2.7936029406750134,Urban,Yes,485243.32072849426
1972,4.0,3,2012,3.6759759886240593,Suburban,No,443287.262296722
2142,4.0,1,1959,5.358560471683446,Suburban,No,434272.47277977964
2260,5.0,3,1975,8.705702825605806,Suburban,No,498412.4263035996
2322,2.0,3,1968,1.9175880249387616,Urban,Yes,444815.2490247534
2277,2.0,2,2010,8.023057246904656,Suburban,No,481059.09346007626
2044,5.0,3,1983,6.214157076120758,Suburban,No,439078.3405112177
1901,2.0,1,1993,5.4969874675696255,Rural,Yes,403257.8478435661
1924,4.0,3,1967,8.8892911810388,Suburban,No,425301.04909276863
1902,2.0,2,2021,2.0630811981895816,Suburban,Yes,448408.9539839091
2566,1.0,3,1965,9.916787295151597,Rural,Yes,519545.7764405394
2296,2.0,1,1975,8.691700983230529,Rural,No,415252.8471565249
529,1.0,3,2014,3.931632371178944,Suburban,No,188875.9913152995
2327,3.0,1,2015,5.064188082255101,Suburban,,486535.60144740494
2097,1.0,2,1976,1.2250297874108522,Suburban,No,402806.2258441818
1990,1.0,3,1953,,Suburban,Yes,360263.76927568624
1805,4.0,3,2000,5.929476141894434,Urban,Yes,507745.7604156528
2562,4.0,2,1952,9.339181583277036,Suburban,Yes,537974.5976047209
2473,4.0,1,2015,4.4913310783615925,Rural,No,504818.0665807141
1613,1.0,1,1965,6.135561582174761,Suburban,Yes,363120.1101357083
2203,5.0,3,2023,7.665556100185646,Urban,No,552679.04613762
1514,4.0,1,1977,6.476647943091982,Rural,Yes,313272.47108798835
1310,4.0,1,1993,2.4055649053843173,Rural,Yes,336396.4913722499
1686,1.0,3,1967,2.546337339331811,Rural,No,324859.1561717057
2431,,1,1951,2.245055516262166,Suburban,No,443245.8704054769
2476,3.0,1,1993,2.9595606539529107,Suburban,No,494265.44993571733
2256,2.0,3,1969,3.954967961177114,Urban,No,449436.60571576166
2362,3.0,3,2005,7.657006592134486,Urban,No,508251.25502958416
2258,4.0,1,1972,1.548332290683521,Suburban,Yes,401311.85183102894
1679,5.0,3,2009,8.384004640180445,Suburban,No,398665.78384599317
2215,2.0,1,2020,,Suburban,No,463557.25274710543
2400,5.0,1,1994,6.520813228305105,Rural,Yes,478255.9531086538
2377,5.0,1,1996,5.97491519740303,Suburban,No,475731.13773988007
2594,4.0,1,1986,2.3862001281609184,Suburban,No,479018.06373348244
2354,1.0,3,1957,3.5856745158111987,Rural,No,403860.44049393036
2175,1.0,3,1954,3.6632883634434092,Rural,No,392122.3488687815
2535,1.0,2,1972,6.614473126380501,Rural,Yes,516710.14011209813
1986,3.0,3,1959,8.096504461267779,Urban,No,479839.7303062152
1559,1.0,2,1976,9.966597497104,Suburban,No,342591.73405530135
1918,4.0,1,1950,1.8630751049162244,Suburban,Yes,352957.83484173374
1627,3.0,3,2020,9.448001115944766,Suburban,No,440409.15445129585
1662,1.0,1,1957,6.053734825092654,Rural,No,298018.77090043045
1927,5.0,2,1960,4.210910322807944,Suburban,No,398833.676372081
1603,4.0,3,1977,3.5611729897239783,Rural,Yes,349543.70503792656
1846,4.0,3,1983,2.881364575372188,Urban,Yes,432175.00477918755
1053,2.0,3,1992,6.013671761105735,Urban,No,329545.11049893167
2106,4.0,3,1977,9.514152404373148,Suburban,No,484199.0533973632
2000,5.0,1,1998,2.6394031380037184,Urban,Yes,479143.96565322555
1591,4.0,3,2010,4.925503440030914,Suburban,No,405418.9303341261
2329,2.0,2,1986,2.8346331740413815,Suburban,Yes,449748.61548278574
2468,4.0,3,1952,,Suburban,No,454256.2820594212
1196,4.0,2,1958,8.800676702315059,Urban,No,320675.76207980857
1618,2.0,2,1951,3.3576628972839058,Urban,No,349710.70039192523
1615,4.0,1,1972,3.231746512651898,Urban,No,373201.49313516595
1530,3.0,3,2000,9.188130614904196,Urban,No,425873.0914143481
2414,4.0,2,1966,4.47436256415441,Suburban,No,456680.4529231132
1903,1.0,3,1974,1.0784500915678077,Urban,Yes,445827.58886696724
1867,1.0,1,1976,7.490670863074945,Suburban,No,373695.4537231508
998,3.0,1,1969,5.653108053252541,Urban,Yes,266825.35785446875
2317,4.0,3,2022,7.96718255975127,Urban,No,585900.2373049735
1380,5.0,2,1985,,Urban,No,352816.04277517623
2029,4.0,1,1977,4.161404844271103,Suburban,Yes,415627.3530719777
2138,1.0,2,1978,1.5990786080384978,Rural,No,378722.9823139095
8040,2.0,2,1991,8.793429607689067,Suburban,Yes,540918.4763205537
1345,,3,2007,2.8637618906232953,Suburban,No,332712.43248173775
490,2.0,1,1981,,Urban,No,220852.33760149087
2091,5.0,3,1961,,Rural,No,398936.85022944014
2900,4.0,3,1979,8.44332041017346,Urban,No,574742.7320777182
2619,5.0,3,2009,8.098733852360573,Urban,No,622382.4929025845
2104,2.0,2,1960,5.16472420198083,Rural,No,385913.68001597864
1754,4.0,3,1960,4.615334786972131,Suburban,No,374460.61747433833
2403,5.0,1,1999,7.329337256019536,Suburban,No,516988.5138898557
1513,1.0,2,1950,5.756972604458525,Suburban,Yes,299407.8883173518
2238,,3,1976,6.6876234111707475,Urban,No,478171.45604394475
2252,3.0,1,1981,5.231939131562385,Urban,Yes,518851.10398821253
2530,1.0,3,1955,6.014391640918408,Rural,,451734.9356566433
3379,1.0,3,1990,2.702350363195508,Rural,No,622582.3645720846
2196,2.0,3,1985,1.4985672006344875,Urban,Yes,464373.5845960566
1745,1.0,2,1988,4.203313450853448,Urban,Yes,400808.22453080316
1987,1.0,3,1979,5.192757547769038,Urban,Yes,467471.4582366187
1115,2.0,1,2006,9.154266459043555,Suburban,No,298020.8238283663
1652,1.0,3,1960,4.725455625572135,Urban,No,363042.7542168818
1795,1.0,3,1952,4.905268781291072,Urban,Yes,402477.6151242008
1737,3.0,2,1997,7.073482684661351,Suburban,No,429684.3734759259
2076,1.0,3,1955,2.8610757200723227,Suburban,No,359058.77289510856
1588,1.0,1,1956,8.844756475846305,Rural,No,303563.16856920894
2560,3.0,1,1993,4.848768823917286,Urban,,536331.6599495029
2000,2.0,3,2010,9.377082915076516,Suburban,Yes,438472.75122571515
1995,1.0,1,2003,3.4414154958809835,Suburban,No,389139.24572980293
1836,5.0,1,2000,5.190331498045033,Suburban,No,435571.12036948174
2077,2.0,3,1997,8.00345067845261,Rural,No,461985.2262950756
2412,2.0,1,2010,6.003341169319131,Suburban,No,498378.25077861425
1566,1.0,1,1989,6.951209456270024,Suburban,Yes,340410.9173630407
1670,3.0,3,1952,3.5262667284128972,Urban,No,351286.57510181156
1848,2.0,2,1979,3.956132730339791,Urban,Yes,388952.47954062116
1327,3.0,2,1973,5.568521399517158,Suburban,No,336235.88714792125
1590,5.0,3,2016,2.8223185905059314,Suburban,No,426497.0007362366
1761,3.0,2,1951,2.1367555423671165,Urban,Yes,354397.927676569
2437,4.0,2,1993,8.594221593191534,Suburban,No,551663.4367733198
2131,3.0,2,1989,7.973689120614162,Rural,No,454611.63466496515
2096,2.0,2,1968,9.388512535527772,Rural,No,409259.1671587509
2425,3.0,3,2012,6.278966263610436,Urban,Yes,543769.1681725396
1931,3.0,2,1973,4.782387583501769,Urban,No,416784.8127781425
2195,4.0,2,1999,1.9271891441592879,Suburban,No,465098.7993734421
1948,,3,1969,8.654207189715509,Rural,Yes,406844.4121417993
2132,1.0,3,2006,5.106332762361557,Urban,Yes,476593.99419335945
1708,2.0,2,1999,6.050204472861647,Suburban,No,362303.6728608236
780,1.0,1,2007,3.8217099769949154,Suburban,,240292.39376043915
1932,4.0,3,1980,5.714856454308302,Suburban,No,405712.9419401011
2711,3.0,3,1986,8.035770791619493,Rural,No,526270.5574059663
2463,4.0,2,1953,7.410337760004655,Suburban,Yes,506110.75432030496
2482,5.0,1,2007,9.900303778658639,Urban,No,592467.8781734068
2618,3.0,3,1959,5.460840722486354,Urban,No,555092.690392351
2044,1.0,3,2012,5.767297598439969,Suburban,Yes,465353.86165534164
2098,3.0,3,1985,1.474534190655473,Urban,No,448802.2140283242
1691,5.0,1,2004,4.504445252666756,Urban,No,466252.073482621
1841,4.0,3,2006,9.298938907357396,Rural,No,435723.84181328095
2307,2.0,3,1992,4.154285843224816,Suburban,No,457605.3549029304
2601,2.0,1,2014,7.8950065073561415,Suburban,No,530040.0978034991
1930,2.0,3,1961,9.798394727976588,Suburban,No,435094.7373197365
1774,4.0,1,2011,2.1416375287347744,Suburban,Yes,412475.94580282865
2000,2.0,1,1973,4.0059375176635665,Suburban,Yes,401012.7239440891
2300,5.0,1,1951,,Suburban,No,459127.25044493144
1278,4.0,2,1996,3.1363749114251855,Rural,No,294453.46296212217
851,2.0,3,2005,1.1119272996419427,Rural,Yes,238810.0876442006
1724,1.0,3,1965,5.217437286573146,Suburban,No,333626.88286072476
1389,4.0,3,1983,5.829545587899575,Urban,No,375241.54365285573
1745,4.0,1,1967,6.628910069756884,Urban,No,407544.74395555
1926,3.0,2,1978,8.444935874519249,Suburban,Yes,428488.29181737377
1773,2.0,1,2003,3.277382933264554,Suburban,Yes,413351.77027586754
2726,1.0,3,2000,1.5493246173866297,Suburban,No,528679.5183506942
2163,5.0,1,1963,1.8085139076191952,Urban,No,491154.3497607205
2150,4.0,2,2007,5.476685454880704,Urban,No,472243.6636521333
2311,5.0,3,1984,9.300128311475762,Suburban,Yes,512901.29058093607
1430,5.0,1,1958,9.839897356350718,Rural,No,329485.8875327088
2519,5.0,2,1986,2.8454616263823382,Urban,No,543870.1147620821
1962,3.0,1,1961,2.367706504308428,Urban,Yes,445033.5422887797
2335,5.0,1,1960,4.181246287266383,Urban,No,451208.95701389725
1464,2.0,3,1976,5.175007010136184,Suburban,No,347621.8442814638
1223,2.0,2,1992,8.272587546874263,Suburban,Yes,318378.2437262521
2408,1.0,1,1999,7.971461392104704,Suburban,No,464264.10604192666
6564,1.0,2,1969,9.3039948445366,Rural,No,417941.63799502276
1548,5.0,3,1962,8.722906648519276,Rural,No,351246.6698896832
1565,,3,1996,4.949132280024577,Urban,No,474756.2578493076
2562,3.0,3,1957,1.1712054983989126,Suburban,No,476493.6015082315
1405,,2,2018,3.1293059673101937,Suburban,No,390194.8554027895
2821,5.0,2,2020,6.490489906032938,Urban,No,630389.0512305968
1549,5.0,1,2013,5.513449373145035,Rural,No,374143.1271746137
2319,4.0,2,1993,3.161442105516113,Urban,No,479448.95858236455
1835,4.0,3,1961,,Suburban,No,380987.37390119705
2301,3.0,1,1953,2.944109201209555,Suburban,No,389441.23835976515
1727,3.0,2,1989,3.337704260226366,Suburban,Yes,368152.1886923295
1918,2.0,3,1968,8.80561593975239,Rural,Yes,402525.81489787926
2020,3.0,3,2003,7.392357452031342,Suburban,Yes,461821.431477482
1498,2.0,1,1950,5.970992122902691,Suburban,Yes,298838.6825714337
2370,5.0,3,1962,1.1884691959777518,Urban,No,477890.619199307
1743,3.0,2,1999,8.390767268154733,Suburban,No,423561.866171921
1885,3.0,3,2002,5.972172686079891,Suburban,Yes,457368.02002585
1502,3.0,1,1991,6.6460639187921435,Urban,Yes,375971.171807414
718,2.0,3,1974,1.5908201429836626,Suburban,No,205215.80692257275
1904,2.0,3,1993,8.333650437448453,Suburban,No,442756.1369666866
3206,1.0,2,2010,8.488252996215296,Suburban,No,665378.1452085007
2392,2.0,2,1970,8.950078079023658,Urban,No,514034.8358802278
1990,2.0,2,2000,5.752805437016641,Suburban,No,385655.8704696158
5604,4.0,2,2001,4.546400408807838,Suburban,No,437617.37429276336
2011,3.0,3,2012,1.6574169874795204,Urban,No,489126.0899474579
2273,,2,2003,2.744965569186376,Suburban,No,480248.7700431512
1409,3.0,3,1959,3.030120014040725,Suburban,No,328652.6131557853
2557,3.0,2,2008,1.5642096779064025,Suburban,No,536979.1664053221
2357,4.0,2,1957,2.3893765497518054,Rural,No,422929.5888747703
2359,3.0,2,2000,8.981231706011485,Suburban,No,512585.69626156654
2219,,3,1954,,Urban,No,437228.6736240729
2009,3.0,2,1991,7.88042156482821,Suburban,No,420339.8503816219
2336,1.0,3,1961,3.475214470728834,Rural,Yes,401053.58764024643
2295,1.0,2,1973,2.211383186591521,Suburban,No,436945.57186112774
1822,4.0,2,1994,4.359284481587008,Suburban,No,392093.1190978538
1713,2.0,1,2002,8.13686671333636,Suburban,No,399286.544703063
6150,4.0,2,2002,3.675981768222835,Suburban,No,458459.98992911004
2774,1.0,3,1966,2.840814029574597,Suburban,No,503616.681399885
1380,2.0,1,2014,1.201573981456495,Urban,No,380652.58348758693
1266,3.0,3,2007,,Urban,No,384473.17597145523
2082,2.0,3,1986,4.922395917253924,Suburban,Yes,446621.6831783119
2025,,1,1991,3.3288110969657128,Urban,No,498816.1297950626
2086,2.0,2,2019,5.677787387272445,Urban,No,472821.9229276736
2121,3.0,1,1989,7.305615990319639,Suburban,No,449562.9441797514
1888,5.0,3,1972,3.227201324348928,Urban,,447201.5124187034
2744,4.0,2,1972,6.478935570047691,Suburban,No,545466.3914386806
1199,2.0,1,1998,3.341375745263294,Urban,No,328426.22638667916
1585,4.0,3,1956,9.879947810961493,Urban,Yes,386540.3504266702
1948,2.0,2,1986,7.59151243754207,Rural,No,367882.41320050176
1178,1.0,3,1965,6.4239233077482165,Suburban,No,250259.40197911233
1912,1.0,2,1987,2.550976916953195,Urban,Yes,422126.12364699016
2830,3.0,2,1989,6.277545007389544,Rural,No,510859.04310518695
2010,1.0,1,1978,8.204104703408184,Suburban,No,374289.4722944877
2115,5.0,2,1966,7.633966418380735,Suburban,Yes,448589.4263495177
1369,5.0,3,1969,8.0022267824265,Suburban,No,341570.61981462396
1691,,2,1974,3.860196355691512,Suburban,No,330554.39858799207
1812,4.0,3,2009,3.9543721236330307,Suburban,No,435678.9388385789
1841,5.0,2,1987,5.849955649152035,Suburban,No,433386.2545991242
2640,2.0,2,2012,3.507922361166909,Rural,No,536357.8746322244
2278,4.0,1,1988,,Urban,No,493660.2800688291
1444,1.0,2,2013,5.150096959393838,Suburban,Yes,342282.128383254
2123,2.0,2,1970,,Suburban,Yes,413821.5138144408
2249,4.0,3,1981,7.8468246886574065,Rural,Yes,477595.476483126
2570,3.0,3,1977,7.747182273425735,Suburban,Yes,547273.9505899799
2790,3.0,3,1961,5.967242935323465,Suburban,Yes,550767.8580476573
1492,5.0,2,1972,7.7285709490272465,Suburban,Yes,386770.1380681825
1594,4.0,3,1964,6.620754337065464,Suburban,No,386975.59816546505
1371,3.0,3,1961,7.277097813595515,Urban,No,376536.2944150662
1882,5.0,2,1953,1.5819025074195383,Urban,No,387678.38231404405
2233,2.0,3,1984,8.931389126915038,Suburban,Yes,461848.3484283983
2493,2.0,1,2010,,Suburban,No,483914.8206214307
1962,4.0,1,1976,6.495677337053113,Suburban,Yes,444811.8713694659
1840,4.0,3,1982,4.485168672073935,Rural,No,364524.15609486564
2075,4.0,3,1962,1.2532187123417422,Urban,No,425680.0992904099
1582,4.0,3,1986,9.113155604514578,Urban,Yes,452856.4241546976
3044,3.0,2,1993,9.870987042153267,Suburban,Yes,650712.0749808835
1196,3.0,1,1951,8.270079793030458,Urban,No,298302.12465805106
2092,5.0,1,1987,9.235352472534707,Urban,Yes,551136.6498456498
3011,3.0,3,1986,2.088616991192816,Urban,No,588130.3216158338
2003,2.0,3,2008,2.158076856813236,Urban,Yes,503319.9360724264
1904,5.0,2,2018,8.91645609802974,Urban,No,486727.8174346359
1821,3.0,2,1967,1.5175533139199588,Urban,No,389622.518482708
1909,4.0,1,1997,1.8388317173583193,Suburban,No,401733.3819924769
2686,3.0,2,2015,8.351626636135688,Urban,Yes,630953.565255956
894,1.0,1,1998,6.012772015756206,Suburban,No,237670.8355092241
2766,5.0,3,2007,4.525543660811256,Urban,No,624190.617626196
1288,3.0,3,1984,5.981035911496826,Urban,No,363323.29063832806
1866,3.0,1,2007,8.908729248071282,Rural,No,448214.25842470065
1785,2.0,3,1956,7.814190774684908,Suburban,No,343326.9712909342
2294,4.0,2,1958,7.224466070476278,Rural,No,449034.2898703843
1200,4.0,3,2018,9.791970309973545,Rural,No,384694.8217923416
2231,2.0,3,1953,5.691760887072354,Suburban,No,435335.8440025855
3012,2.0,1,1981,1.056916670086864,Suburban,No,559423.0293466324
1318,1.0,2,1954,4.861295895164591,Suburban,No,244897.80585865892
2094,5.0,2,2005,1.8691474790607883,Suburban,No,428972.39370701206
1669,4.0,3,2005,2.048084054852968,Rural,No,385632.4598333627
2212,2.0,3,1993,3.2941082083674837,Suburban,,461586.71808839287
2009,2.0,2,2021,4.432304807183613,Suburban,Yes,435262.22478279297
1679,5.0,2,1962,5.334396246109627,Suburban,No,366144.46169138374
2243,2.0,1,1953,2.5283805903533807,Suburban,No,390747.4923186159
2902,,3,2001,3.80548341277278,Suburban,No,550451.8657424933
1904,5.0,3,1964,,Urban,Yes,441704.2587088164
2359,1.0,2,1950,4.287227066885897,Urban,No,446401.44091385085
1353,3.0,1,2014,1.971914992409559,Suburban,Yes,376700.9514093038
1521,4.0,2,1960,4.5760686088129185,Suburban,No,346964.664566348
2236,2.0,3,2010,5.989154385361403,Rural,No,450234.7594536673
2742,5.0,3,2012,1.8725331079759833,Urban,No,636845.8503072308
2177,1.0,3,1987,5.68693205372202,Urban,No,463824.3037993648
1843,4.0,3,2018,7.8032157166412945,Suburban,No,460505.4269336337
1999,4.0,1,1994,1.074157196594996,Rural,No,394387.5582320867
1374,2.0,3,2023,,Rural,No,316195.94645490666
2302,4.0,2,2019,5.198268612931107,Rural,No,488351.0831554226
2441,2.0,1,2017,8.85499799684842,Urban,No,518239.6309704056
1773,3.0,1,1953,9.980098415008468,Suburban,No,363402.3920953726
1764,2.0,3,2020,1.840544355990825,Urban,,492479.940394896
2132,1.0,1,1997,1.1650776306056916,Suburban,No,413781.4645310956
1781,4.0,3,1958,3.058929298888755,Urban,No,392399.4038498998
1966,4.0,1,1996,5.207232170580362,Rural,Yes,447150.546093774
3049,4.0,1,2009,6.146163205798819,Suburban,Yes,618140.0938380671
1876,2.0,2,2001,9.76136420638732,Suburban,No,444370.41602713306
1820,5.0,2,1982,8.996173228193696,Urban,No,489467.40369985
1676,2.0,2,2007,6.058888275603072,Urban,Yes,438775.17734149937
2372,1.0,1,1997,4.25542459086976,Rural,No,404916.68312200275
1909,2.0,2,1954,3.891674067378591,Urban,No,381007.318195919
1675,4.0,2,1976,6.153622049745907,Urban,No,418476.67066422635
2660,3.0,2,1990,7.492175571236778,Suburban,No,546978.5886833495
2709,1.0,1,1950,5.334992410715079,Urban,Yes,527828.972305673
1699,3.0,3,2000,3.7395890172150397,Urban,No,387818.244834679
1066,1.0,2,1965,6.518488221456504,Urban,Yes,300797.9984190663
2503,1.0,1,1981,6.021477834972271,Suburban,No,466242.02014577
1657,4.0,1,1996,4.8463150777660635,Suburban,No,379993.69038213807
2395,2.0,3,1972,7.7352020942082405,Rural,No,441251.63227256
1014,4.0,2,1964,3.539990250363719,Rural,Yes,267179.08334733464
2446,4.0,1,1975,5.364325014125294,Urban,No,521380.7791100693
1394,4.0,1,1986,9.463055731636407,Urban,No,400150.29292294435
2365,3.0,1,2004,7.505458186308606,Rural,No,501708.869558249
2007,1.0,3,1951,4.491747034506573,Suburban,No,352512.72298174666
1523,5.0,2,1968,5.915599594180778,Suburban,No,375136.25364894967
1796,2.0,1,1981,4.649337074612012,Suburban,No,388535.9249296452
2343,4.0,1,2018,2.012932151030605,Suburban,Yes,505001.15865603863
2052,1.0,1,2004,4.014434810278735,Suburban,No,436804.4761050573
2292,2.0,1,2005,8.743988215303242,Suburban,No,484836.3825772587
2988,5.0,2,1978,5.150817961985552,Urban,No,578491.3537785239
1217,5.0,2,1985,6.2617375043646,Rural,No,315811.5683797074
2808,4.0,1,2020,2.633020834087174,Suburban,No,551718.6126969652
2052,5.0,1,2002,4.206081930622629,Suburban,Yes,470243.95669052954
1550,5.0,1,1988,9.362844864048881,Suburban,No,421891.6285105704
4002,2.0,3,1960,3.828209458537887,Suburban,No,281993.3143384936
1905,2.0,3,1979,3.255049585274392,Rural,Yes,411161.76648485597
2460,4.0,3,2021,1.5030983519544616,Urban,No,543450.5893521922
1936,1.0,1,2002,1.8750773651307076,Suburban,No,396267.8669460989
2755,4.0,3,2023,6.263104042773152,Suburban,Yes,613719.7195757669
1274,3.0,2,1957,6.940295189043042,Suburban,No,289781.7735625481
1993,5.0,3,1969,6.774224317549247,Suburban,No,433711.63436584774
1373,1.0,1,1961,5.858463905815264,Rural,No,241124.0423392144
2181,2.0,2,2016,5.4187416786657705,Suburban,Yes,495869.87521136116
2443,3.0,1,1999,1.649268258504749,Suburban,No,500150.76151881187
1789,3.0,2,1961,8.566257981611558,Suburban,No,335264.84451967455
697,5.0,3,2003,5.617726829858571,Rural,No,267784.79819865146
2099,2.0,3,2003,2.187232023854409,Rural,Yes,407026.7269032964
2218,1.0,2,2023,2.2226451016444493,Urban,No,507160.53142241493
2202,2.0,2,1968,5.616608695287575,Suburban,No,406175.5101597231
2617,5.0,1,1963,3.2011894043715103,Urban,No,530187.4349275613
1464,3.0,2,2001,,Rural,No,321587.2764947241
2340,5.0,1,1971,5.490540379293518,Suburban,Yes,474591.5540911376
2596,,2,1953,9.80576669849974,Suburban,No,535815.0923128761
1110,3.0,2,2008,7.607428316735356,Urban,Yes,379260.9112935706
2159,5.0,3,1983,8.29629000619502,Rural,No,473995.6647294309
1747,1.0,3,2013,4.499908859510498,Suburban,No,392044.11115248146
1959,1.0,1,1967,2.206187016670412,Rural,No,340548.01336811594
2173,1.0,1,1980,7.20726697741975,Suburban,No,456967.6572723568
1756,4.0,1,1991,4.663640807713392,Suburban,,390153.09654234897
1662,2.0,2,2023,9.539936638719599,Rural,Yes,415314.3870078018
2017,1.0,2,1952,2.7426901798921888,Suburban,No,380405.55719409557
1456,4.0,1,2004,6.638531035397936,Rural,No,349888.30590650137
1457,1.0,2,1959,8.794550634972781,Urban,No,333495.32739373023
2339,4.0,3,2020,4.625461445025232,Urban,Yes,558826.1746273346
1425,1.0,2,1971,9.583008573611389,Urban,No,349155.8164555137
2333,2.0,3,1972,1.6895492489434232,Urban,Yes,458665.9184688141
2231,5.0,1,1962,6.282331740493509,Urban,No,450736.9396362434
1137,1.0,2,1989,7.996480483357036,Urban,No,318859.1786171475
1661,5.0,1,1962,2.8162622341280987,Suburban,No,357476.5616555967
2597,1.0,3,2000,1.520717069143092,Suburban,No,509131.76297294523
1509,2.0,1,2013,1.7190785070527828,Urban,No,352188.5766403505
1767,5.0,3,1962,3.873063157366752,Suburban,Yes,426109.62086450553
2231,4.0,3,1978,3.0085453281117336,Urban,Yes,461231.49877835216
2391,1.0,1,2020,3.0150113973657215,Urban,No,523973.54903889477
1874,1.0,3,1996,5.126688728650469,Urban,No,428413.7673650543
1701,4.0,1,1975,1.7644040132532606,Suburban,,365752.9727946511
2711,2.0,1,2019,9.959505664049443,Rural,Yes,544186.9639355844
2869,3.0,1,1972,7.26226865762379,Suburban,Yes,555176.5347908097
2489,1.0,3,2005,1.2726402146794409,Suburban,No,473762.1416800346
2042,4.0,3,1968,7.227137533760376,Urban,Yes,501444.2154975416
1595,3.0,2,1999,8.126450042987823,Urban,No,405057.13236070547
1584,1.0,1,1984,2.7168601686810447,Urban,No,338122.71791919426
2261,5.0,1,1998,8.562491187064396,Suburban,Yes,528298.6999723848
2209,4.0,1,1995,6.505885089526686,Suburban,No,467105.4459360646
2700,5.0,1,2019,8.387701582366422,Urban,No,601016.8279765428
2325,2.0,1,2002,7.450242969338243,Suburban,No,445994.558077682
1248,3.0,1,1980,7.341657532439737,Urban,No,373546.16120176273
2525,4.0,1,1971,2.4241693847173096,Rural,No,461040.8411913982
1500,1.0,2,2016,3.8421720206903216,Suburban,No,381297.6889744842
1808,1.0,2,1957,5.709208658304185,Urban,Yes,396365.66581046995
2125,3.0,1,1968,2.012919456523777,Suburban,,420905.7125912798
2997,5.0,1,1980,5.306437419660306,Suburban,No,615656.395919422
3554,5.0,2,1981,5.007881425059202,Rural,No,669139.324507042
2303,,2,2004,3.0873099558278123,Suburban,Yes,532006.9248002968
1908,4.0,1,1980,2.7974601259211433,Suburban,No,424696.7441836248
2267,5.0,1,2016,3.2263673673018776,Urban,No,509771.9574809967
2443,4.0,2,2000,6.44596086043353,Suburban,No,516541.4845610143
1839,5.0,2,2023,4.734571344063924,Suburban,Yes,493325.39925576805
2897,3.0,1,1976,4.725631841223196,Urban,No,556570.9553901507
2115,4.0,2,1997,2.63559889862305,Suburban,No,447736.3780576117
2248,5.0,1,1992,8.086294817345156,Suburban,Yes,508884.0806227454
2332,4.0,3,2000,7.303414497441743,Suburban,No,510398.6997043493
2210,1.0,1,2018,4.861675564108669,Urban,No,495704.4531471893
2419,1.0,1,2020,2.279817273181436,Urban,No,508867.35062725807
1691,2.0,1,2021,,Urban,Yes,439835.0099468072
1720,5.0,2,1999,9.089599078477551,Suburban,No,441262.23230538104
1449,2.0,1,2010,2.604357355537717,Suburban,No,333104.66995693307
2219,,1,1990,6.423943840151284,Suburban,Yes,519890.2207448358
2389,4.0,2,2000,4.818779218937472,Suburban,No,499659.6682104415
2228,5.0,3,1973,1.788853235582657,Urban,No,493308.6203427001
2837,1.0,3,1979,7.532443084026896,Urban,No,562795.9444730757
1997,4.0,2,2001,1.640324953522947,Suburban,Yes,405803.3734498432
2334,1.0,1,1999,,Suburban,Yes,497656.2079839118
1454,4.0,3,2006,3.5303760483912843,Urban,No,431658.5643688576
1806,5.0,3,2011,6.090937773364324,Rural,No,430451.93196305516
2347,5.0,2,2002,2.444084578577437,Urban,No,538868.2361277805
2424,1.0,3,2017,4.338071828770165,Suburban,No,500728.7781243082
1853,3.0,3,2018,1.9368053955841036,Suburban,No,420574.71116397314
1964,5.0,2,1980,5.205732590264227,Suburban,Yes,475740.401770479
1241,3.0,3,1979,2.9196163213834736,Suburban,No,309969.9458031244
1821,4.0,1,1959,2.691374305814686,Suburban,Yes,370689.1070537042
2445,3.0,2,1993,1.9643717649716765,Rural,No,442735.5729931754
2287,1.0,1,1955,7.888906080848519,Rural,No,439858.656864872
2250,2.0,1,1976,6.755678895723666,Urban,No,476111.99850506167
2024,2.0,2,1969,2.412135709205267,Suburban,No,402975.2331361085
2003,1.0,3,1969,5.251864489466405,Suburban,No,368616.4576292969
1669,2.0,2,1961,6.947961538975546,Suburban,No,301872.11672527355
2349,1.0,3,1998,8.90261816710742,Urban,No,501511.94811043516
2210,5.0,1,2001,1.5361493899245762,Urban,Yes,522835.3233010454
2246,3.0,3,1959,,Urban,Yes,465478.1925801355
1736,2.0,1,1954,6.543579205034909,Suburban,Yes,334454.6188098165
923,5.0,1,2013,1.1405569632368167,Urban,Yes,327528.0137207828
2548,2.0,1,2007,3.1917379304691575,Urban,No,529114.375771122
1760,4.0,2,1957,7.704104814692184,Suburban,Yes,413557.2126521511
1568,1.0,3,1979,4.201629087324365,Rural,No,307705.4692081836
2346,1.0,3,1966,1.7604526562619462,Urban,,478591.83750561334
1803,5.0,3,2016,6.63935791973391,Suburban,Yes,488959.6337878504
2529,4.0,1,1970,3.2504751413955435,Urban,No,493665.67680455185
2308,3.0,2,1965,7.314886838594815,Rural,,473234.92825849785
2341,4.0,3,1976,9.10157384563321,Suburban,No,528067.5360372307
1317,4.0,3,1955,5.750731665102186,Suburban,Yes,319400.22962497035
2605,3.0,2,1991,6.392294732408551,Suburban,No,545496.0211129658
2130,3.0,3,1965,5.629653458658865,Urban,No,496752.58675472357
1815,4.0,2,1994,8.356978811182618,Suburban,,442891.5104747533
2071,2.0,2,1952,3.1754317391288582,Suburban,Yes,394925.7315874292
1111,2.0,3,1989,4.613894509920489,Suburban,No,284665.22254114883
2204,4.0,2,1969,,Suburban,No,443319.67753327516
1485,2.0,2,1956,7.512814205582914,Suburban,Yes,353140.1865511639
1323,3.0,3,2008,3.8807726704480743,Suburban,No,354480.34272042924
1238,,1,1960,8.493690461804126,Suburban,,300495.7951642168
2556,2.0,3,2001,3.149417895480306,Suburban,No,480575.80727993377
1685,3.0,3,1952,6.7076141742320825,Suburban,No,325285.9834899021
2766,1.0,1,1970,9.60811261663938,Urban,,534423.3414343479
1732,3.0,2,2002,6.172398819349373,Suburban,No,403789.01960603584
1146,4.0,3,1979,8.195203114184586,Suburban,No,331385.7625876011
1441,5.0,1,1960,7.618876701402469,Rural,No,343844.83778304723
2617,2.0,1,1974,8.791489278105786,Suburban,Yes,535979.8587637017
1922,2.0,3,1999,9.71887761458422,Suburban,Yes,480849.6574194875
1725,3.0,3,1958,1.2008490134997274,Suburban,No,341036.6194413399
2080,3.0,1,1994,1.2508279423810325,Suburban,No,416550.38526663027
2250,5.0,3,1978,6.3498006904307305,Suburban,No,485405.9858926828
2558,5.0,1,2011,9.588208155428742,Urban,No,570123.7870001202
2724,4.0,3,1964,5.3711476538171095,Rural,No,526060.7023339098
1820,1.0,1,1968,8.558016075487124,Rural,No,336682.9079798188
1336,4.0,3,1964,,Rural,No,299367.64154001756
1793,2.0,3,1988,5.484270465872441,Urban,Yes,428561.6773698834
2130,3.0,3,1984,,Rural,No,461834.70317245607
1518,,2,1962,4.924300713377344,Urban,Yes,362710.44580458663
1521,3.0,3,1965,3.2697885252575354,Urban,Yes,371091.6117643242
2171,3.0,1,2016,8.728410416053265,Urban,No,519356.7043556437
1975,4.0,1,2004,2.88613123962258,Urban,,452751.03200215765
2016,4.0,2,2014,9.162284950158037,Rural,Yes,491107.07262823515
1620,5.0,2,1984,4.237548486476536,Suburban,No,350353.55896133446
1884,1.0,2,1965,1.2384757583571777,Suburban,No,369689.1102972563
1537,5.0,3,1950,2.5154022467510737,Urban,No,359045.70987658633
2445,1.0,3,1999,8.990422879014243,Suburban,Yes,523404.5619890353
2517,4.0,1,1963,2.1560008796626917,Suburban,No,490968.89116922417
1076,1.0,1,2011,7.648963036119612,Urban,No,347732.05572590476
1535,2.0,3,1956,2.645323379885252,Suburban,No,293697.3578453053
1251,5.0,1,1972,5.490396067299516,Urban,No,304215.8127489008
1674,5.0,3,2012,2.8468630964686583,Suburban,No,413182.69546740496
1958,5.0,2,1978,3.9984889399153563,Suburban,No,418959.5395126464
1275,,3,1971,2.1234000196107874,Suburban,No,276190.74986151035
1539,3.0,3,1955,6.004020485100926,Suburban,No,337409.00799052534
1498,4.0,3,1978,4.292426890463739,Urban,No,388627.7139882126
2103,,1,1951,4.2893578078802275,Rural,No,377728.7161494344
2034,3.0,3,2013,1.3471674834353955,Rural,Yes,440487.92334985186
1639,5.0,3,1985,,Rural,No,379710.23680668103
2088,3.0,3,1969,7.367774370630221,Urban,Yes,512580.51209575066
1726,1.0,2,2004,3.6308825168361776,Rural,No,336979.09909558715
1864,5.0,3,1986,4.978622358024417,Rural,No,427557.14820210246
2836,3.0,3,2001,,Suburban,Yes,589439.7338204602
2670,4.0,3,2018,5.002816947700861,Suburban,Yes,565448.7243368562
1350,3.0,1,2019,3.0304812830592716,Suburban,No,355165.44766994816
2414,2.0,2,1971,5.948418188198785,Urban,,475538.7975156077
2405,3.0,2,1964,8.210854054468882,Suburban,Yes,459836.74131511984
1425,5.0,3,1996,6.396776951851076,Suburban,No,372028.25782979146
2409,3.0,3,2020,4.7816312404623265,Urban,Yes,554266.3706228251
2768,4.0,1,2018,2.1306206567698003,Suburban,Yes,577883.0693745238
1438,1.0,3,2001,3.2384185734797892,Rural,No,310860.3009508376
1541,2.0,1,1988,9.515069899947253,Urban,Yes,422562.07679649646
2508,5.0,3,1951,7.9462724273568055,Rural,,449394.95961169206
6405,,1,1994,1.7881469886808645,Suburban,No,433131.66857813904
2275,2.0,2,1973,1.0496314531788347,Suburban,Yes,398958.2011688856
2170,3.0,3,2010,2.578774071166466,Rural,,466391.4587360431
2195,2.0,1,2014,9.49501664456793,Suburban,No,503693.0421634384
1336,1.0,1,2002,6.220350259436384,Suburban,No,313624.27145456674
2523,,3,1970,8.547937788242349,Suburban,No,485201.1190237346
2584,2.0,1,2016,5.187025116979136,Urban,No,532418.8304680291
1885,3.0,3,1950,8.439725374248757,Suburban,No,415480.0453167211
1978,3.0,3,2008,1.3052477598230525,Rural,No,423927.77912605595
1234,5.0,1,1996,4.841375023122661,Suburban,Yes,360573.06072686816
2257,3.0,1,1967,4.398350353182028,Suburban,No,447280.62495942775
2286,2.0,1,1982,9.833917651626205,Urban,No,504478.57462840603
1968,1.0,2,1964,3.7042815909116857,Suburban,No,409201.3196659045
2562,3.0,3,1973,4.752251636189063,Urban,Yes,557078.6917873478
1832,5.0,3,1985,7.829207637289014,Urban,No,453988.2361575631
2282,5.0,2,2009,8.926417895008512,Suburban,No,493630.92640470207
1490,2.0,2,1983,8.90549356826227,Suburban,Yes,315959.06845983537
1988,3.0,1,2000,4.550597835951232,Urban,No,449749.2491974176
1912,3.0,3,1989,9.5369945776172,Urban,Yes,495627.9043991525
2112,5.0,2,1971,6.881579886381954,Suburban,No,471257.19796324224
1815,3.0,2,1965,8.660219933988937,Suburban,No,386683.8307202805
1934,2.0,3,1991,9.336495047258014,Suburban,No,411383.0392365328
2413,1.0,3,1965,,Urban,,440445.40610325977
1781,2.0,3,1954,5.492786367173977,Rural,,333317.81284231483
1196,3.0,1,1955,6.2901756620139215,Urban,No,303842.10806527967
2874,2.0,2,1991,8.221939237433942,Suburban,Yes,530040.918435784
2690,,1,1979,4.6104912736112755,Suburban,Yes,535892.0541927238
1353,4.0,3,1981,2.894042551854395,Urban,No,371702.64120371576
2344,3.0,3,2002,7.6891108024112045,Rural,No,489990.5316537571
1748,3.0,2,1968,6.331010370533958,Suburban,No,371866.8387206888
2131,,1,2000,9.084690517210888,Urban,No,485500.50727785175
2147,,1,1977,6.895269825270535,Urban,No,468298.8506988999
1882,1.0,1,1996,1.151443006398686,Rural,No,335556.8342920161
1608,3.0,3,2021,9.699862600903973,Urban,No,485406.98651397676
1654,3.0,2,1950,6.337996242526366,Rural,Yes,346052.19124426035
1541,5.0,1,2017,6.362895386351607,Suburban,No,405754.35832832684
1584,1.0,3,2006,9.183352552012902,Rural,,366250.5193493182
1966,3.0,3,1971,6.974279508730744,Rural,No,388203.56212186004
1642,4.0,1,2007,5.3138906487000215,Urban,No,453699.88014969963
2341,5.0,2,1962,1.9655680093687249,Urban,Yes,524357.2443235709
2743,2.0,2,1988,,Suburban,Yes,563672.8256653929
1709,5.0,1,1976,1.70638640092039,Urban,No,406934.75493370485
2119,2.0,3,1988,2.5326980668746675,Suburban,No,466812.32248785906
2249,4.0,3,2021,,Urban,Yes,580213.9804703143
2236,2.0,1,1961,5.413647955481116,Rural,No,371397.29977272364
2037,1.0,3,1973,2.6044163496603225,Suburban,Yes,415645.48939106474
2371,2.0,3,1967,3.5754572046686652,Suburban,,427944.62904141785
2241,,1,1964,9.946129546370795,Urban,No,456053.2248004662
1381,5.0,3,2009,6.256181205868283,Suburban,No,380723.89718874457
2434,4.0,1,1965,4.614520943498185,Urban,No,503126.33655419986
2443,2.0,1,2023,8.885957115382631,Urban,No,580636.8944050169
1618,1.0,1,1996,5.317271587681372,Suburban,Yes,405640.12145488535
2018,5.0,3,1973,3.7714191489005207,Suburban,Yes,448541.3142236884
2341,4.0,1,1994,2.4780014666188177,Suburban,Yes,493755.13452239585
1895,4.0,3,1968,7.700222933856495,Suburban,No,429391.3863416631
2536,3.0,1,1990,6.366007836921669,Suburban,Yes,505969.9187714435
3181,,2,1980,1.8311860312956396,Suburban,No,539066.7337422256
1607,5.0,3,1965,6.324759306483329,Suburban,Yes,377770.72433459223
1309,5.0,3,1972,2.435057687975875,Urban,No,343787.7647612639
2151,,3,1972,9.83547801807413,Suburban,No,419036.16792016476
2360,4.0,2,1990,3.337381924930647,Suburban,No,473523.21386684413
1884,2.0,1,1967,7.264145617671955,Suburban,No,390906.3681471499
2726,1.0,2,1985,6.904405627940573,Urban,Yes,574997.1059073599
1330,5.0,1,1961,7.222163118445756,Suburban,Yes,325581.91593004356
2346,1.0,1,2018,4.869954221134313,Urban,No,492609.8168476548
1697,4.0,1,2000,1.6689861880099017,Urban,Yes,391757.66049427725
2859,3.0,1,1981,9.820066397987226,Rural,Yes,567640.6177722209
2996,3.0,1,2020,2.723732510564403,Suburban,No,593418.4139419602
1616,2.0,2,1985,7.927482610984709,Urban,No,384617.9831553764
1725,2.0,3,1989,2.238161502089282,Urban,,359538.5325895876
2429,4.0,2,2019,3.530773130578446,Rural,No,510989.14794653666
1806,2.0,3,1987,6.038979838209227,Suburban,No,400886.94662479375
1977,3.0,3,2003,4.721224260304361,Suburban,No,422572.863383792
2012,,3,1953,9.624398557591206,Urban,No,436114.83933871426
1040,4.0,2,1995,8.629166751884497,Rural,Yes,344615.33494426595
1993,4.0,1,2012,,Suburban,No,470981.95252643357
1655,1.0,1,2023,6.766269073768559,Suburban,,372632.54229584493
1753,2.0,3,1999,2.970241370955734,Suburban,,392871.80557257927
2721,,1,1979,5.666494852905837,Urban,No,544576.217657806
1371,3.0,1,2022,7.88980056595755,Suburban,Yes,387560.2801883523
2406,2.0,2,1965,1.5824639858045773,Suburban,No,442456.0732823472
1860,3.0,1,2001,8.768053624191106,Rural,Yes,427699.1708461281
1860,2.0,1,1953,6.682158250958733,Urban,No,389980.18800909765
2395,5.0,2,1975,7.512143210145661,Suburban,No,493224.9658962747
2170,3.0,1,1978,7.248658968237844,Suburban,No,435225.6064455302
2285,5.0,3,1960,8.629861470724881,Suburban,No,508780.28802438005
2484,3.0,2,1973,1.7876885395441193,Suburban,No,451099.11687848414
1834,1.0,1,2000,4.393395546341139,Urban,Yes,421297.25889212615
1693,1.0,1,1991,5.523549368516222,Urban,Yes,364690.6635053949
1457,3.0,2,1988,5.91937490929534,Urban,No,412881.47831485956
1587,3.0,3,1956,9.48299646084967,Suburban,No,353386.646914841
3474,5.0,2,1967,1.3821745623114603,Urban,Yes,677252.1699519212
2622,4.0,3,1952,,Suburban,No,547960.0232954624
1324,3.0,2,2012,5.967109647893621,Suburban,No,338572.5509365192
1338,2.0,1,1969,,Suburban,Yes,288760.0171379204
2240,2.0,2,2022,3.882972890664402,Rural,Yes,482136.2723403323
2273,2.0,2,2023,,Rural,No,483452.1280431922
2274,1.0,3,2019,6.817718148842726,Urban,Yes,571075.2607092406
1872,5.0,2,1966,2.7036457665797267,Urban,Yes,440432.24802063516
1937,1.0,3,2008,,Suburban,No,443602.64661131287
2163,,2,2003,3.400356891800249,Suburban,No,447696.11081142066
2042,3.0,1,1962,7.1990799946232205,Urban,No,422888.35670792224
890,2.0,2,1991,6.507486963273052,Suburban,No,228535.1406696767
1885,3.0,1,1993,7.4435678195881385,Urban,No,463218.56481548207
1574,5.0,3,2016,1.1772981940421041,Urban,Yes,418806.09585516655
2087,4.0,3,2021,2.1282905767923954,Urban,No,511203.57333484164
3492,3.0,3,1969,8.561805903174776,Urban,No,681725.4280609253
2183,1.0,3,1996,4.4265093521564065,Urban,No,468915.1782747353
1843,2.0,2,1973,8.530465190077503,Urban,No,415652.0120873552
2460,2.0,2,2000,1.5640683294170654,Urban,Yes,507371.22941366903
2241,2.0,2,1967,7.924342190347726,Suburban,,465947.8711836662
2210,3.0,1,1972,1.7539033092391616,Rural,No,390089.86773722287
2303,5.0,2,1950,5.214939785192176,Suburban,No,451519.09602216416
3028,3.0,1,2015,9.438162775691106,Urban,No,680042.0787605303
1434,1.0,1,1954,1.6991026253884163,Urban,No,303574.14692752174
2236,2.0,2,1967,4.1559591659163315,Urban,,448495.7368763113
1536,3.0,1,2023,5.665137387827623,Suburban,Yes,394704.8011032419
2277,2.0,3,1984,9.095115789490023,Urban,Yes,508755.4836534987
1540,1.0,2,1974,3.993464745937882,Suburban,No,298184.52161304984
1791,4.0,2,1973,8.263374502435095,Rural,No,391435.6732630908
1852,,1,1962,7.4635572952010545,Suburban,Yes,374900.0513933395
2487,4.0,2,1970,3.763606341056848,Urban,No,520377.1148212089
2459,2.0,2,1988,4.067319189791357,Suburban,No,513319.8107996225
1377,3.0,1,1983,2.7191096648186286,Suburban,Yes,344354.2114698856
2027,2.0,2,1968,7.2366613133149595,Rural,,366356.96401911956
1645,5.0,2,1977,6.067921504281082,Suburban,No,425429.04117057164
1370,3.0,2,1960,2.3945689622891613,Urban,No,332952.2302088634
1891,1.0,1,1998,6.580632488040885,Suburban,No,377444.1828400933
1845,4.0,2,1984,5.487846805079643,Rural,No,358962.7841178544
3213,3.0,2,2006,1.8333095743625143,Urban,No,624477.6376880278
2216,3.0,2,1977,9.58333090025275,Suburban,No,468453.56563484867
1311,4.0,3,2015,8.51280196252574,Suburban,No,389435.0356773289
1717,1.0,2,2014,1.6392171512441298,Urban,No,389651.2620899442
2510,2.0,1,2022,9.381411440928428,Suburban,No,531869.903668857
3044,2.0,3,1971,9.250100448794155,Urban,No,615854.9797504896
1207,3.0,1,2000,1.3796471505976051,Rural,Yes,274309.5582757884
1060,4.0,2,1958,2.8133105122850153,Suburban,Yes,268886.731060938
2935,5.0,2,2020,7.321675480629843,Suburban,No,642645.9377253939
2194,1.0,2,1985,9.411162175206188,Suburban,,450065.0466877957
1565,2.0,3,2003,8.408032495808804,Suburban,Yes,427586.6873415309
2267,1.0,2,1987,3.5370806854982826,Rural,No,412754.27796381724
682,1.0,1,2015,1.3009470086959336,Urban,,219449.6503789323
2001,1.0,3,1992,5.255986730347574,Suburban,No,452130.1023736879
2163,4.0,1,1954,1.8276557014890304,Urban,Yes,462067.143713488
2462,4.0,1,1986,3.207666088955745,Suburban,No,488167.94145386247
1493,4.0,1,2007,6.760873504649666,Rural,Yes,375870.77363537566
2042,3.0,1,2012,5.455170540270329,Suburban,No,434508.60489756684
1537,4.0,1,2000,4.390473313912988,Rural,No,349069.8375965595
2127,3.0,2,2021,9.369660937144028,Urban,No,514227.6035343754
1552,2.0,1,1992,2.7366955756124964,Urban,No,388231.16456641455
1795,2.0,1,2016,5.387304188370333,Suburban,No,415792.4145101698
1502,2.0,2,2016,6.161456618680056,Urban,No,406249.87322216685
2325,2.0,3,2014,3.8974783308243213,Suburban,Yes,492611.2545309093
2429,2.0,2,2011,,Suburban,,514462.959083924
1882,4.0,3,2012,8.805508082419646,Suburban,No,436559.0549667814
2019,5.0,1,1979,5.8733103568869085,Rural,No,428441.6142848195
1275,4.0,2,1987,8.032032488029948,Urban,Yes,373607.90222029935
1850,5.0,3,2000,1.5486548025308942,Suburban,Yes,422109.8407531211
1974,4.0,3,1987,2.3840430667996966,Suburban,No,456878.0304109421
3310,2.0,2,2016,5.15822975962595,Suburban,No,651763.1565399565
1444,1.0,2,1997,9.289178702437923,Rural,,306768.38535935036
2732,5.0,2,1961,5.784323110613293,Urban,No,580880.8499415875
2498,1.0,2,1969,4.890719058616404,Suburban,No,422841.1566733882
2140,2.0,2,2021,6.4009681314348095,Rural,No,436809.7569210483
2879,5.0,1,1951,,Rural,Yes,521428.5797291155
2186,1.0,1,2004,6.883125695962844,Suburban,No,451124.8297581173
2194,4.0,2,1955,1.8461903014364927,Rural,No,380457.14039430406
1973,2.0,2,2011,6.191139847327719,Suburban,No,443137.14817953104
2611,4.0,1,1998,7.4295103702465255,Urban,No,561159.9029187964
2548,4.0,3,2003,,Suburban,No,537459.154840904
1687,2.0,1,1959,9.19812454171964,Suburban,No,362578.24544205
1340,5.0,2,1973,2.3682884015829124,Rural,Yes,339291.680173551
1898,3.0,3,1978,2.538626242618545,Rural,No,381500.78641580016
1599,3.0,2,1955,5.652229685059651,Suburban,No,329848.6162180775
1968,2.0,3,2007,9.384898364796207,Urban,Yes,507546.3272312407
2618,3.0,2,2006,4.516287426677582,Suburban,No,496252.7737418019
1771,1.0,1,1952,9.337598899852933,Rural,Yes,375128.22074894217
1978,5.0,2,1973,7.241274027185895,Urban,Yes,486852.45791587414
2029,4.0,1,1968,8.042997045238423,Rural,No,471359.02830799046
2424,4.0,3,1958,9.440836339633638,Suburban,Yes,514735.53773751715
876,2.0,1,1979,6.1509550349187405,Urban,No,272555.0979490745
1696,4.0,3,1993,6.774876373404618,Rural,Yes,370632.565218664
2105,1.0,2,2002,6.21091392712173,Urban,No,454100.3480548779
2600,1.0,1,2017,8.0637270350009,Urban,No,562334.8894426135
1754,,3,2009,3.4606566505353724,Suburban,No,386611.61371007113
1061,4.0,3,1972,8.092430527650265,Urban,No,362396.77674174623
2309,3.0,3,2010,7.421910681424587,Suburban,No,513446.51465998834
1682,3.0,3,1956,6.418595594220746,Suburban,No,351836.75158694794
1405,5.0,2,1993,1.349125698557534,Rural,No,332846.1139397006
1687,2.0,2,2004,7.970895746651417,Suburban,No,390183.3391445709
1907,5.0,2,1988,2.1918335769528072,Suburban,Yes,441069.5059051154
1697,3.0,3,2008,9.657747307435896,Suburban,No,400842.31161496526
897,3.0,2,1954,1.7334379109154563,Rural,No,217162.96799456704
2448,3.0,3,1991,7.482480218045667,Suburban,Yes,533450.4709106707
2637,5.0,3,1963,,Rural,Yes,519174.12858955114
2325,2.0,3,1976,7.62121352903475,Rural,No,437577.1700457243
1431,1.0,1,1965,5.670574398694221,Urban,No,342242.3560678275
1899,1.0,2,1951,6.6655470778068295,Urban,No,363082.9169404095
1996,3.0,2,1968,1.678930665486932,Urban,No,405904.0212364673
2299,2.0,1,1972,9.698311831303025,Suburban,No,468323.6060731948
2334,2.0,1,1990,1.0346182820244472,Suburban,No,438866.57787439413
1632,4.0,1,1963,9.47043505422167,Suburban,No,349985.854590329
2040,4.0,1,1996,6.114251726998943,Suburban,No,443414.7529202329
2228,5.0,3,2012,3.324431337929707,Suburban,No,487930.2220515609
2727,4.0,2,1957,,Suburban,No,506459.4857217255
2352,5.0,2,1976,7.056074218154292,Suburban,Yes,539437.7219718158
2394,1.0,2,1989,,Suburban,No,462047.79097349313
2041,3.0,3,1977,1.147939789480528,Urban,No,412117.28750684764
2705,2.0,2,2017,9.845041634058916,Suburban,Yes,565872.0658990683
2204,1.0,1,2010,6.561216412072029,Suburban,No,449036.0066231659
1569,1.0,2,1987,4.397825781010124,Suburban,No,336936.3516271011
2701,5.0,2,1973,6.135853450985227,Suburban,No,546841.7937029452
2348,3.0,3,1977,2.6057964038450026,Suburban,Yes,507857.5770554606
1778,5.0,1,1990,3.2253989569325694,Urban,No,387827.35051357024
1760,1.0,1,1967,1.7720155273330218,Suburban,No,300189.09289621765
2148,2.0,1,1998,8.913102825064158,Suburban,No,445562.16823939217
2231,4.0,2,1975,3.264401036157547,Urban,No,460717.3928992952
6294,5.0,1,1952,7.657394229524457,Suburban,No,401561.14003341016
2155,1.0,1,1987,3.467788145318936,Urban,No,442574.6680565224
2849,4.0,2,1963,2.3138978454193264,Urban,No,590370.104674187
2535,4.0,3,1950,1.973210235531557,Rural,No,462503.5362811942
2095,1.0,2,1960,8.742199156514822,Suburban,Yes,403680.4377432025
2470,3.0,3,1989,2.0776310627449233,Rural,No,462820.2479373187
1483,1.0,3,1953,1.784342646947072,Suburban,Yes,291707.0032049896
2198,2.0,1,1983,1.0841930699976121,Urban,No,452292.21868128236
2904,4.0,1,2014,4.297960444248423,Rural,Yes,579798.0955999142
1890,2.0,2,2005,9.484184714881295,Suburban,No,426427.9780473812
1576,5.0,3,1959,9.177848731724376,Urban,No,443077.9190182136
1673,4.0,2,2020,2.0354743516371645,Rural,,374904.5419765051
1455,3.0,1,2013,1.1124525295038228,Rural,,326542.8476271263
1607,1.0,3,1962,7.7590677022649945,Rural,No,348881.8637954255
1814,5.0,1,1971,3.758295615675905,Urban,Yes,435836.06777320715
1297,2.0,1,2005,8.512092817775022,Urban,No,372991.93071435206
2007,5.0,1,2014,2.938864948519816,Urban,No,516396.8525101116
2451,,3,1962,5.429877405833585,Urban,Yes,520798.9629512555
1546,1.0,3,1950,1.2965143484131136,Urban,No,300023.51973171404
2759,5.0,1,1987,9.052433450340429,Urban,Yes,626300.2697229042
2255,2.0,3,2007,2.601783959329714,Suburban,,436582.5782765216
2515,5.0,1,1974,3.652327295485015,Urban,No,571062.9821973774
1671,1.0,1,1991,5.317303569222316,Suburban,No,327623.0402505689
2427,5.0,1,1982,3.4414195817496465,Suburban,Yes,502805.20148288447
1454,2.0,3,2006,1.3614710141882793,Urban,No,373692.0176923054
2445,1.0,2,1986,1.2617751681030998,Urban,No,431418.40090465883
2085,3.0,2,2006,9.596919365329684,Rural,,441982.6508189346
2276,3.0,3,2011,3.929466918240715,Rural,No,502422.3775702705
1412,4.0,3,1952,4.009524346610824,Suburban,Yes,348555.99917443946
1552,5.0,1,1979,9.30609972994923,Suburban,No,414208.23153092293
2298,2.0,1,2016,8.525383118337313,Rural,No,471420.3195658355
1525,5.0,2,2012,7.182474448102561,Urban,No,462055.3084682688
2231,1.0,1,1972,6.926551816044669,Rural,No,417946.1230662166
1316,4.0,2,2021,8.20977162597701,Suburban,,377177.40929381305
2424,2.0,2,2022,2.5198790493424323,Rural,Yes,506127.7772103258
1383,5.0,3,2015,6.9784737168976525,Suburban,Yes,412029.39319296804
2276,2.0,3,2010,1.8855873303813313,Suburban,No,476708.41699582443
2312,1.0,3,1951,2.1386145956020632,Urban,No,409202.5918370978
1651,4.0,2,1976,3.1848049069617117,Suburban,,376981.5838867051
2291,2.0,3,1997,7.3882340564128715,Urban,No,469367.79301373515
2130,1.0,2,2012,9.032906746308017,Suburban,Yes,468197.0154163048
1730,3.0,3,1954,7.217076586456599,Urban,No,362792.3595861458
1495,2.0,2,1950,4.749607242283432,Urban,No,370332.8310791027
1018,4.0,1,1971,5.622950968732794,Urban,No,374016.53723148006
2174,2.0,1,2023,7.410932191432773,Suburban,,520685.59357901145
1217,2.0,2,1973,6.519537018587963,Urban,Yes,357683.2661597774
2047,1.0,2,2008,5.765207809012289,Suburban,Yes,429883.40413699014
1868,5.0,1,1999,3.131132310812215,Rural,No,378267.95559466863
2339,5.0,2,1972,6.552648312287025,Suburban,Yes,504507.2130940015
1848,2.0,2,1967,1.168013580114731,Rural,No,325762.1904276801
1835,4.0,1,1971,6.040485820134778,Suburban,Yes,387867.6468139061
2365,4.0,2,1993,8.38670570553641,Suburban,Yes,523915.4795052452
2167,1.0,3,1993,2.617754947785752,Urban,Yes,431801.8368095979
2158,2.0,1,1986,2.027893799747065,Suburban,Yes,416103.6151174364
2234,2.0,3,1956,9.732116396750628,Rural,No,405701.13824622927
1232,5.0,2,1973,8.591170033677995,Urban,No,372312.500494826
2378,1.0,2,1990,3.718010443420448,Suburban,Yes,445953.4422024074
2306,3.0,3,2019,2.8771548477719793,Suburban,No,485819.24327686965
1491,4.0,2,2020,4.006354267914378,Urban,No,404975.2495963665
1877,4.0,2,1967,4.881024741620186,Suburban,No,399061.32930095715
1980,2.0,3,2021,8.389746174748028,Suburban,No,470129.8684286626
1932,1.0,2,2009,3.152833580407109,Suburban,No,392678.30951372674
2166,3.0,1,2001,7.487605570212428,Suburban,Yes,494360.7271580592
2715,4.0,3,1998,9.363618834516043,Suburban,Yes,568978.7136168516
2540,1.0,3,2016,4.415609886603285,Suburban,No,499368.9078549749
1343,3.0,3,1994,,Suburban,No,311355.9212536592
2311,2.0,3,1958,8.448547800584926,Rural,Yes,476692.8447684435
2664,5.0,1,1975,7.375724667553147,Urban,No,591816.1291231068
2193,4.0,3,1975,2.3416282345331316,Suburban,No,398978.251377237
2545,4.0,3,1979,6.372150018142175,Urban,No,558683.4558237598
3006,3.0,2,1976,,Suburban,No,584123.1364813857
2511,5.0,3,1953,2.6292863063504743,Urban,No,519521.9988874725
2124,1.0,2,2000,3.0061168599166495,Suburban,Yes,419265.05997500534
2522,2.0,3,2019,2.8160339290519216,Suburban,No,571905.4781388927
2072,1.0,3,1959,9.9775139800383,Suburban,No,402388.4101890563
2011,,1,1985,3.0656945641110056,Rural,No,388541.08445132634
5472,4.0,2,1995,3.402265539535188,Urban,No,479938.68103137537
2781,4.0,1,1955,1.4313310192514481,Urban,No,521637.4603771117
1590,1.0,2,2019,9.849506066697764,Suburban,No,385488.5082527781
2766,2.0,3,1952,3.2207874842185555,Suburban,No,506871.5296514137
2249,3.0,1,1999,,Urban,Yes,517899.52004505025
1300,2.0,2,1991,1.2373168000851198,Urban,No,324553.94276301935
2183,3.0,2,2003,8.050626926429489,Rural,No,433917.5629731925
949,2.0,1,1988,7.755494425654324,Suburban,No,244335.33032152473
2312,1.0,2,2004,1.7573753862812715,Rural,No,434580.9223176893
2442,5.0,3,1960,2.103416538049576,Suburban,No,461568.9751295337
1703,3.0,2,2023,3.65598348511428,Suburban,No,381771.80529015564
2061,1.0,3,1979,4.1920113942695885,Rural,No,372473.19069324667
2977,4.0,2,2005,8.051497460556611,Suburban,Yes,616742.7545721924
1747,4.0,1,1978,1.5507008135859013,Urban,Yes,408226.41969034716
1470,2.0,3,1966,6.852156040301139,Suburban,No,327066.58267305064
2740,4.0,2,1982,3.0568054819483046,Urban,No,569561.4703020685
2981,5.0,3,1970,4.442223176104149,Urban,No,581522.4884829415
2001,3.0,1,1959,1.0198355660531595,Urban,No,381277.17996573483
2505,2.0,2,1988,3.6201127950860883,Rural,No,440833.63035065855
2670,3.0,2,1996,2.5420416092477205,Suburban,No,505738.65601485403
1628,3.0,3,2001,5.535749433555235,Suburban,Yes,389879.2636628867
1757,1.0,1,1990,2.423731027517811,Suburban,No,323305.06452880317
2615,4.0,1,1996,8.522358563956239,Suburban,No,581295.3590169911
2842,3.0,2,2022,8.946151122927294,Suburban,No,606272.126551208
2281,5.0,3,2020,8.607606832461851,Rural,No,504948.13040331623
1560,5.0,2,1992,9.836225398202647,Suburban,No,396955.61191013
2993,4.0,2,1986,9.231817672521592,Suburban,Yes,615206.5777980405
1734,4.0,3,2022,3.518091213025464,Urban,No,451307.1205125239
1832,2.0,1,2013,3.830149205641088,Urban,No,419236.7433471293
2171,,2,2020,5.793935166251465,Rural,Yes,491232.3157060831
2777,2.0,2,2009,4.464618797787081,Urban,No,578985.7213872488
2426,4.0,3,1974,9.729199230094954,Suburban,,525781.470854963
2207,3.0,3,1971,4.055780052543366,Urban,No,498246.97266077227
2231,1.0,2,1992,7.660741433096978,Urban,No,530955.0879028649
2021,2.0,1,2020,6.178255321235912,Rural,No,430647.63768423646
2279,1.0,3,2019,9.608326326994701,Suburban,No,510742.51594193163
735,5.0,2,1985,7.700658567513632,Urban,No,261619.18837927055
1851,4.0,1,1995,3.732812554442229,Suburban,No,408126.1050939163
2120,5.0,3,1971,2.7736152117184942,Rural,No,439462.7945625489
1424,2.0,3,1984,8.69156426793155,Suburban,Yes,320333.45748778543
2193,3.0,2,1996,9.199129948024442,Suburban,No,449918.0019557602
1897,2.0,3,1982,8.479848506153463,Urban,No,488734.0675312078
2877,1.0,2,1962,7.637046120320093,Suburban,No,504452.9033357697
2786,2.0,3,2005,3.895570371252857,Suburban,No,556920.3097017742
1767,3.0,1,2016,5.548358242682738,Urban,No,451724.0365234843
1924,3.0,1,1962,9.241326301345035,Rural,No,394086.129685424
1963,4.0,3,1999,2.214077186368923,Rural,No,423715.7082621483
1774,4.0,2,2006,5.454272823716502,Suburban,No,436085.3909700406
2097,,3,1977,4.1995841952519495,Rural,No,406772.1252498879
1620,3.0,2,2014,7.097406178534831,Urban,No,424917.2127426302
1434,1.0,3,1973,6.706628379879656,Suburban,Yes,310232.0351229449
2311,2.0,1,2016,,Urban,No,500749.6684472568
2314,4.0,2,1956,3.5165406489835385,Suburban,Yes,446095.06550520647
1597,1.0,1,2023,2.4359522036306,Suburban,No,346398.60444358306
2447,2.0,1,1973,8.05904520469509,Rural,No,461258.61900185945
1684,4.0,1,1958,9.925743708937183,Suburban,No,379029.5094488101
2126,1.0,3,1964,2.521846618612445,Suburban,No,364028.3735436448
2410,5.0,2,2005,1.6821306155413862,Suburban,No,486536.4170896603
1983,5.0,1,1966,7.711577660921864,Urban,No,463110.53791157773
2227,,2,1968,4.094701804873821,Urban,No,435735.3027230088
1741,1.0,2,1958,2.9170322368859565,Rural,No,305595.7975305943
1901,2.0,1,2013,5.726130896018451,Urban,Yes,455453.0425078145
1897,2.0,3,2006,7.076930804530912,Rural,,410635.3736252343
1626,1.0,1,1987,2.9336413032685438,Suburban,No,347241.1370111943
1911,5.0,1,1957,9.950532123661036,Suburban,Yes,423913.2334974679
1225,1.0,2,1955,3.9540176588667295,Urban,No,276427.1262881671
1754,,3,1998,3.834577206402985,Urban,Yes,438190.94527093886
1857,5.0,2,1994,4.8070078236857965,Suburban,No,429482.4732183547
1871,2.0,3,1970,7.705263612775287,Rural,Yes,351111.82636578527
1879,4.0,1,1983,8.8593157816692,Urban,No,446492.41398188105
1969,3.0,3,1961,3.9158749954548067,Suburban,Yes,399005.4647276165
2239,1.0,2,1988,2.068726618896346,Suburban,No,429429.0599150742
2437,5.0,1,1955,3.3051773921667604,Urban,No,515088.38144375227
1675,1.0,3,1981,1.7585165609011595,Suburban,Yes,330249.71431115153
1398,4.0,3,2009,,Rural,No,359211.972903219
1478,4.0,2,1957,7.666265492157203,Suburban,Yes,378230.6433771569
1756,3.0,3,1987,,Suburban,Yes,399392.23963894654
1824,3.0,1,1968,9.575155433670753,Suburban,Yes,424874.55465207517
1615,5.0,3,2004,7.547714415371511,Urban,Yes,457039.3739152553
1351,3.0,2,1958,4.4169298394032666,Suburban,No,291477.9525434109
1771,5.0,3,2001,1.919924717133869,Suburban,No,392003.89611205633
2090,2.0,1,1977,5.443336944148961,Rural,No,409712.4699875764
2297,5.0,1,2011,5.534519836603412,Urban,No,543579.9157184312
1721,3.0,3,1997,5.955282707862518,Suburban,No,368128.66104109195
1793,1.0,3,1988,7.142045320724843,Suburban,No,399011.2359853062
1536,3.0,1,2002,3.3794443061059622,Suburban,Yes,372160.79056484485
1984,4.0,2,2012,1.022360197326172,Urban,Yes,480393.9886638848
1575,3.0,1,1968,8.315602658495749,Suburban,No,300635.98315513215
2286,2.0,3,1982,8.411830247088961,Suburban,Yes,480585.9780665149
1107,5.0,3,2013,,Rural,No,302437.97516467655
1820,4.0,2,1975,9.721329758582481,Urban,Yes,479115.4189884447
2150,5.0,1,1994,2.4325429856444982,Suburban,No,480764.4828535517
2091,5.0,1,1950,4.184845048967196,Urban,No,440264.1861658875
3346,3.0,2,2015,8.662233107036272,Suburban,No,703332.3062001469
2174,1.0,1,1984,9.405994510842728,Rural,Yes,421591.22861973144
1497,4.0,2,1994,1.1307657965937254,Suburban,Yes,381681.15667912026
1952,2.0,1,1982,4.487805781560063,Urban,No,423449.53982034256
1111,2.0,2,2018,2.0204730441989653,Suburban,No,283492.7853966934
1959,1.0,2,1980,8.096124393613147,Rural,No,419804.8424215417
1583,1.0,2,2013,7.7241736588203755,Rural,Yes,400334.03253478947
2457,3.0,3,1964,7.788724350430799,Suburban,Yes,504037.6089341552
1725,2.0,3,1995,4.512116518002448,Suburban,No,368284.98441787064
1941,,3,1997,4.656228100062062,Suburban,No,429060.2790940592
1682,,1,2017,3.3567820244288455,Suburban,Yes,361841.7977989041
2869,1.0,2,1989,4.248041840268295,Suburban,Yes,523187.3833692392
1839,1.0,1,1950,9.84773388072507,Suburban,Yes,359121.06734122615
2916,4.0,1,1969,1.419118851233392,Rural,Yes,554529.1957316233
2407,2.0,2,1971,3.916068174484786,Suburban,No,445359.3652832624
2241,4.0,3,2003,8.109306650436391,Suburban,No,505940.0683412385
2184,4.0,1,2014,4.441113837232312,Urban,Yes,492146.1085629416
2196,3.0,1,1964,9.549859752608635,Suburban,No,473394.68094408093
1036,1.0,1,2010,3.9892972388742214,Rural,Yes,240013.7110915649
1860,2.0,3,1963,,Urban,No,458759.1575751442
2422,3.0,2,2018,8.3358536648462,Urban,No,580192.3316361977
1975,3.0,2,1998,1.0828686355531858,Rural,Yes,404774.264610409
1297,5.0,1,1955,4.626901846782248,Urban,No,335269.5010733406
1973,1.0,2,1990,3.5257359106769615,Urban,No,420652.10731327167
2852,2.0,3,1980,5.316476945326324,Suburban,No,530480.8211121495
2623,2.0,2,2013,5.16493958599252,Rural,Yes,542363.0016608569
1968,2.0,1,2000,9.149765489212935,Urban,No,475913.8333423512
2475,,1,2008,2.6522321326082707,Rural,No,446819.8784927029
1816,2.0,2,2004,2.639720100098819,Suburban,No,439833.62720356387
1148,4.0,1,1998,1.9726006577506487,Suburban,Yes,301908.4904202962
1537,4.0,3,1989,7.6478607101432345,Suburban,No,379539.29370886704
2781,1.0,3,1964,9.260742905411364,Urban,Yes,527853.1537876959
1863,2.0,3,2019,4.316535264573087,Urban,Yes,468878.6548555691
1878,5.0,3,2014,1.556402468863076,Urban,Yes,526264.9351312151
1850,5.0,1,1956,2.404193566148354,Suburban,No,381638.63882849395
2952,5.0,1,2011,1.9214579006481562,Suburban,No,605329.013604705
8436,4.0,2,2003,6.33106033087523,Suburban,No,575697.4799757622
3109,5.0,1,2001,,Suburban,Yes,631399.192731417
1920,,2,2000,,Urban,No,492596.4824117075
2147,2.0,1,1953,2.460544557267605,Suburban,Yes,421741.1256406817
1241,5.0,2,1950,9.37140397620411,Suburban,No,305859.7566491899
2738,3.0,2,2015,3.9946495062036336,Rural,No,536478.7088485328
1416,5.0,3,1984,8.805751888781945,Suburban,No,389738.07164484786
2108,3.0,2,1959,9.540962993982731,Rural,No,400107.8263208285
1451,1.0,2,2016,9.877272255974901,Urban,No,405009.4969626003
1705,1.0,2,2017,8.232340319626335,Urban,No,425888.804484992
1581,2.0,2,2014,1.915178874909972,Rural,Yes,355699.9648991705
1696,4.0,2,2000,1.4984085311500093,Suburban,No,390631.754123282
1730,2.0,3,1979,7.657561219055508,Rural,No,360024.3464696251
1725,2.0,2,1988,9.073357316201358,Urban,,452900.50228566345
2416,4.0,2,1959,2.4945122827354034,Rural,No,451551.5601323828
1447,2.0,2,1993,9.469607008115839,Urban,No,397355.25813190744
2110,4.0,1,1981,6.492050113946313,Rural,Yes,448071.75485633535
2608,2.0,1,1993,2.1160837740265945,Suburban,No,504101.3580993194
1743,1.0,3,2012,2.503302998538341,Suburban,No,402350.02949661843
1641,3.0,2,2010,1.5935993197625655,Suburban,No,341405.68070519815
1884,2.0,2,2014,2.2889375674710726,Rural,Yes,387584.4726183693
2589,3.0,1,1990,7.589115436446617,Suburban,No,510214.5561558177
2097,5.0,2,1961,2.968897136590075,Suburban,No,398842.8039154682
1734,2.0,3,1951,6.054887308293649,Urban,No,368021.10897900164
2241,1.0,2,2022,7.489731487072208,Suburban,No,490152.97044693225
1448,4.0,3,2009,9.057499249133214,Rural,No,372454.046356085
2340,1.0,1,1974,6.30934181890125,Rural,No,416399.29204186104
2204,3.0,3,2010,6.1274565396873655,Rural,No,483917.48491459043
1846,4.0,3,1971,9.215407405185422,Suburban,No,427723.8811316328
1580,1.0,3,2005,3.6541439352993423,Suburban,No,347226.827380565
1556,1.0,3,1970,2.833314321677234,Rural,No,281738.65895263443
2267,1.0,3,2004,8.855163686139297,Rural,Yes,464419.83914870274
2614,,3,1989,1.6707066463636249,Suburban,No,557174.0387495258
1681,1.0,3,2000,2.7071390435025644,Suburban,No,339951.3277935316
2229,1.0,3,1971,4.701277431562385,Suburban,,431955.95948893984
956,3.0,3,1977,4.251255214449578,Rural,No,195780.37591099716
1707,1.0,1,1953,7.354828057516575,Rural,Yes,315473.7382477201
1984,1.0,3,1975,,Urban,Yes,386469.7781738357
1545,5.0,3,2009,5.294420354785523,Rural,Yes,386264.39906120626
1531,4.0,2,1972,8.27699436887894,Rural,Yes,366311.973048235
1666,5.0,2,1990,7.150091834528176,Suburban,No,387945.728883573
2146,3.0,2,2007,6.684841561624895,Suburban,No,448333.5219228702
1906,5.0,3,1957,3.1542387870327318,Suburban,Yes,425881.1523848269
880,2.0,1,2000,4.54269451363114,Urban,No,289843.746364392
939,4.0,1,2010,2.6265115057863895,Rural,No,260675.64735782542
1696,1.0,2,1950,5.580325484368118,Suburban,Yes,298682.35584217624
2228,5.0,2,1979,6.257514528538184,Suburban,No,482196.3803464081
626,5.0,3,1966,6.680630320269481,Rural,No,226219.80605163894
1750,1.0,1,1972,8.883601664001478,Rural,Yes,348563.23742933734
1736,1.0,1,1973,1.5564683742778795,Suburban,No,291662.8383860962
2694,3.0,2,2018,4.494812504282759,Urban,Yes,597892.8760345806
1807,5.0,1,2001,6.318736488785964,Suburban,No,447649.1298400207
2191,5.0,2,2020,6.131105573368738,Suburban,No,516125.36135199503
2070,2.0,2,2007,1.1953370975139603,Rural,Yes,410073.2015344123
934,2.0,3,1971,2.703781660742739,Urban,No,264239.8597256493
2384,5.0,2,2008,8.611703040475629,Rural,No,539927.1171148448
2107,2.0,3,1993,5.638526401912655,Suburban,No,431473.3141855065
2254,5.0,1,1986,4.722030390764399,Suburban,No,486387.14417310094
3963,4.0,1,1983,9.101577392830087,Rural,Yes,727652.8424323349
957,3.0,2,2006,1.6745686213564963,Suburban,Yes,297429.28693311784
2862,2.0,2,2006,9.3007934437009,Suburban,No,580454.6801558738
1856,5.0,3,1989,1.2500498347052036,Urban,No,418824.40151756606
2143,2.0,3,1969,6.0640325016688745,Suburban,No,376311.3687478878
1977,3.0,1,1966,5.995819988818793,Urban,No,416329.3170294026
1787,4.0,1,2001,6.75161436225998,Suburban,Yes,433801.0855688951
1715,1.0,2,1953,1.2666364559811558,Urban,Yes,366672.7615388871
2164,1.0,2,2012,5.774670078329171,Suburban,No,427627.295216327
1241,2.0,3,1999,2.022526357683005,Rural,Yes,279376.25296648947
2375,5.0,2,1999,2.4038119624175405,Suburban,No,471493.11517135764
1791,3.0,3,1965,2.9381938614700345,Urban,No,360490.470775956
1434,4.0,1,2021,6.518593634893202,Rural,No,384928.80314132094
1774,4.0,1,2010,4.510797897602897,Urban,Yes,461255.5103943799
2628,4.0,2,1993,1.7680367903903225,Rural,No,531547.8357933342
1732,1.0,3,1967,3.6011193232257526,Urban,No,354540.24530670646
2179,3.0,2,1999,1.6895919474270649,Suburban,No,457999.0178970477
1634,1.0,2,1979,6.977147307726331,Urban,No,351638.7743352244
2378,2.0,3,1998,6.01718708089932,Rural,No,491025.02340700815
2342,4.0,2,1970,4.6691754987842256,Suburban,No,442677.72323080775
2924,3.0,3,1971,9.349091100068792,Suburban,Yes,576051.1606947765
1912,4.0,3,1996,5.668525798542684,Rural,No,413421.1318503999
2334,1.0,2,1974,8.987820050891479,Rural,No,450449.76316685986
2049,1.0,3,2005,6.211765419678619,Rural,Yes,447520.0984964341
2647,,1,2013,4.3911360375255635,Suburban,Yes,544258.166706641
1640,4.0,1,1977,5.8509718775631026,Rural,Yes,373461.53622502467
2372,3.0,1,1982,2.366761698265846,Urban,No,496560.1316783764
1902,3.0,1,2015,7.072780803206479,Urban,,466379.21333654295
1967,2.0,2,1953,9.839198620419559,Suburban,Yes,424609.01568908966
2045,4.0,1,1961,3.2269430365683545,Suburban,No,389994.1624034398
2126,2.0,1,1966,3.908778830484569,Urban,No,423134.59078695107
1941,2.0,1,1985,4.654823514548349,Suburban,Yes,404096.60055404296
2107,2.0,1,1965,5.351343331884068,Suburban,No,385795.39235803054
2789,2.0,2,1972,7.471927036497782,Urban,Yes,584769.1423491815
2492,1.0,1,2021,2.230058245231592,Suburban,No,505795.40401695046
2434,,3,1958,3.7221898824680215,Urban,No,479920.3346164805
1772,3.0,3,2004,5.848034545583502,Suburban,No,386069.58302890265
1555,,2,2022,6.306196641924893,Suburban,Yes,422977.9383572196
2477,1.0,2,2013,5.829671992080011,Suburban,No,494853.58903105505
2438,5.0,2,1996,4.919400059847028,Rural,Yes,522006.4131345684
2736,5.0,1,2016,7.403275513018586,Urban,No,628919.8650176316
1698,5.0,2,1959,2.840272512967285,Suburban,Yes,400603.88045003224
1885,4.0,1,1953,3.5445490763563625,Rural,,365749.08207454253
1180,3.0,2,1979,5.000351360179746,Urban,Yes,339672.49923532165
1803,1.0,3,1960,7.259526674261341,Urban,No,426342.7015485088
2498,5.0,3,2000,1.7411575031763835,Suburban,,506614.069319188
1766,1.0,1,1968,2.0410389203859074,Suburban,No,354224.2100237772
2320,1.0,2,1962,8.041675015232215,Suburban,Yes,466524.15512256307
1904,4.0,3,2006,3.348594619969829,Rural,No,439006.90248295816
2162,5.0,1,1952,9.67138104112044,Urban,No,449270.5716222021
1426,2.0,3,2023,9.652644334824483,Urban,No,404226.26036320283
2042,1.0,2,1987,7.173504876085671,Suburban,No,400297.0367852149
504,5.0,1,1976,7.451858989605798,Suburban,Yes,204993.04588357706
1906,1.0,3,1959,6.859002023533832,Urban,No,423023.5460693605
1184,4.0,2,2002,2.5959784336936336,Suburban,No,311995.22070455167
2602,4.0,1,1976,5.5041008813389585,Suburban,Yes,491801.61295005656
2388,2.0,3,1956,8.137145901242963,Rural,No,405854.1307001076
2233,4.0,3,1962,7.972102930804698,Urban,No,490379.5527458451
2760,5.0,1,2021,9.088935965198418,Urban,Yes,654533.2337578121
1525,4.0,2,2009,9.107183569306565,Rural,No,350591.1583869215
2873,2.0,1,1963,3.3533689299132576,Urban,,521829.6665490892
2466,3.0,3,1993,7.4954846023928905,Suburban,No,564034.7325827935
1881,1.0,3,2019,6.862059438215941,Urban,No,466507.017594253
2567,1.0,3,1977,8.97247157144687,Urban,,512860.7774588241
1446,5.0,2,1972,2.651269538256552,Urban,Yes,386251.91929603333
1587,2.0,3,1961,7.658133188502934,Urban,No,368516.5639512223
1695,2.0,3,1973,4.809988994599534,Suburban,No,343478.3178740242
1735,2.0,1,2000,4.550369653939267,Suburban,No,364248.4122068078
1471,1.0,3,1971,1.3221188371959958,Suburban,Yes,290106.5395610352
2611,4.0,1,2011,9.65314373719044,Suburban,No,572220.1904883387
1870,1.0,3,1975,7.081916879337883,Suburban,No,385485.03188524937
2176,1.0,1,2007,6.3163206289367295,Urban,Yes,483321.6954018738
1714,1.0,1,2020,3.2604923856549703,Suburban,No,392449.54808268603
1089,4.0,1,1964,6.926008626102493,Suburban,Yes,297932.76116592804
2135,3.0,1,2017,9.510425126213821,Rural,Yes,464479.72972388315
1043,5.0,2,1955,2.4695897995251386,Urban,Yes,293906.9716072156
1965,3.0,3,1951,9.854277560070663,Suburban,,416162.105628738
1315,3.0,2,1980,4.846864066946159,Urban,No,353531.3246328615
2993,1.0,3,1973,9.804062070550193,Urban,No,576023.5869022695
2455,3.0,1,1984,6.7048080159258445,Urban,No,501070.4361113453
2052,1.0,3,1996,3.916961076050337,Suburban,No,404932.5595879037
2631,1.0,1,1980,4.369995752078363,Urban,No,531722.4177843673
1576,5.0,3,2021,3.6149934440644516,Suburban,Yes,414391.3791870516
2271,2.0,1,1951,4.012993370048001,Urban,No,412798.52546298486
2099,1.0,3,2008,6.818822791314731,Suburban,No,470763.1388952029
2132,3.0,3,2012,1.1494459516738356,Suburban,No,425340.9497794462
2636,5.0,3,1966,9.708680428833864,Suburban,No,536256.3441205987
2366,3.0,1,2003,7.916752494979869,Suburban,Yes,487496.8617665158
2144,2.0,3,1970,9.469083655492637,Urban,No,479819.50209702825
1172,4.0,1,1971,7.457887546261707,Suburban,No,295815.4653271643
1519,2.0,2,2004,5.3293029266536385,Suburban,Yes,379572.89691004774
1938,5.0,3,1978,2.707547099920386,Suburban,No,401780.3091438959
2046,2.0,1,1970,5.646893927873012,Rural,No,411039.4816787146
1434,2.0,1,1951,7.405259947814702,Suburban,No,291772.98071646324
3205,5.0,1,1991,8.687644275845178,Suburban,No,653736.5543097735
2758,5.0,2,2001,3.9171798206138635,Urban,,590425.0708771234
2301,3.0,1,1987,5.594327170690556,Suburban,No,456340.3196793496
2036,1.0,2,1952,6.579827766235237,Suburban,No,384135.8670741337
1893,4.0,2,1974,6.297335336022589,Suburban,No,450447.5084478278
4572,4.0,1,2011,1.4713549909965904,Rural,No,345446.28922550747
2038,4.0,3,1964,5.350544492884207,Urban,Yes,454152.70789124246
2128,2.0,2,2019,8.2812817651565,Urban,Yes,543066.6916239471
1379,5.0,1,1959,8.220734551374353,Urban,No,323661.47910958814
2167,5.0,2,2022,5.564279757101288,Suburban,No,555889.6918746601
1922,5.0,1,2018,9.57120744162194,Urban,No,519114.57759153197
1046,1.0,1,1993,8.43607250136018,Suburban,No,258749.37732790154
1569,5.0,2,1990,7.6359421467338136,Suburban,Yes,393138.297199885
1793,5.0,1,1969,5.6404070106854824,Urban,No,425148.54615463736
2943,2.0,2,1986,6.316087103253579,Urban,No,553048.9455441878
2278,3.0,1,1988,,Suburban,Yes,487955.0838693668
1332,4.0,3,2019,5.791662421397827,Suburban,,391741.2549184512
2243,2.0,3,1957,5.734196312252187,Suburban,No,441255.57100568805
1226,2.0,2,1992,,Rural,Yes,276180.37555212306
2541,2.0,2,1959,9.56033472782736,Urban,No,575905.583716151
1764,4.0,2,1990,3.202769340401198,Rural,Yes,367874.0191732429
1953,2.0,2,1953,1.9380022393613183,Urban,,389188.8887605021
2662,3.0,3,1953,5.203082868681892,Urban,No,496686.31918511505
1356,5.0,2,1973,7.174661841261909,Urban,Yes,389360.1739027347
1301,3.0,1,1970,,Urban,No,301822.53984392784
1708,5.0,1,1959,2.6460242183347367,Rural,No,339122.12847441743
2519,,2,1995,3.3532329302935646,Suburban,,552170.5008549548
1240,2.0,1,2019,3.724456492398148,Suburban,Yes,352492.46808128245
583,2.0,2,1993,3.21580047503984,Urban,No,216750.82513904432
1774,4.0,1,1982,5.2362878994360385,Suburban,Yes,401698.3642346102
2275,1.0,1,1985,1.164367946104489,Urban,Yes,451208.2608563985
2600,3.0,2,1974,1.7876502467788065,Rural,No,479303.62363239186
1768,4.0,2,1962,7.5642802515334004,Urban,No,392644.8953844723
1794,4.0,3,1988,4.71105942213364,Urban,Yes,483006.8728577329
2576,3.0,2,1987,4.242854728232581,Urban,No,541557.0481458422
1065,3.0,3,1979,1.0940030350063257,Urban,Yes,268450.5175154618
1805,5.0,2,1963,3.6839608916732005,Suburban,No,376994.05051382724
2095,1.0,1,1999,8.390677378678513,Rural,No,377707.10443077615
2224,2.0,3,2017,4.063305382212537,Urban,No,505538.36869337
1745,,1,1950,9.673241081615355,Urban,No,365776.5234454806
2017,1.0,2,2010,4.509630491887851,Suburban,No,389084.0834607786
2265,2.0,2,1952,5.177160111561389,Suburban,No,216863.23713226357
1670,1.0,2,1999,8.217185229779048,Urban,No,447890.1931949378
2226,4.0,2,2010,9.847218729272408,Suburban,No,508734.93751707714
1508,4.0,3,1985,,Suburban,No,351801.6495296888
2029,2.0,3,1953,2.079424996315874,Rural,No,352349.22090178163
2223,2.0,2,1992,5.7075156802793146,Rural,No,430815.9702188672
1828,3.0,1,1963,,Suburban,No,364710.57948420045
2085,3.0,3,2016,9.635108227525002,Rural,No,500651.5924182902
1518,1.0,1,1956,4.725302639627381,Urban,No,327971.2019025107
1896,1.0,2,1957,1.8172935824381107,Urban,Yes,383994.3680953798
2305,,3,1993,,Suburban,Yes,506312.2967165846
2078,1.0,3,2013,1.1900091297078106,Rural,No,410101.1550763949
1706,5.0,3,1956,4.828764496315039,Suburban,No,373404.8316523633
2112,4.0,1,1997,4.686819691235515,Suburban,No,435317.19368735974
2357,1.0,2,2011,3.293371776694229,Rural,No,456169.8878392847
975,1.0,2,1974,9.678781506556794,Suburban,Yes,287601.3277785432
2579,3.0,3,2017,4.6306757313097915,Suburban,Yes,543534.4523941398
1831,5.0,3,2013,9.052364032265277,Urban,No,515691.3017788534
2212,1.0,2,1967,5.635994929268728,Suburban,Yes,440980.9418008269
2598,4.0,1,1953,8.384825505444002,Suburban,Yes,530262.183949129
1314,1.0,3,1966,5.062557003943217,Urban,Yes,323504.71206653875
1645,2.0,1,1996,9.923834678165074,Suburban,No,370167.69966193073
1855,,1,1994,6.760261580729761,Urban,,483686.66840321536
1608,1.0,2,2007,2.403523035447046,Suburban,Yes,378981.0330420198
2867,5.0,2,1952,1.0578773988291987,Suburban,No,555913.8622862026
1571,1.0,1,1961,9.360103299633357,Rural,No,283654.6337589808
1722,4.0,1,1966,7.181207471915664,Suburban,No,378110.3536708665
2102,4.0,2,1971,,Urban,No,459077.66634597495
1398,,3,1988,7.691382575090865,Urban,Yes,430234.7205166296
1802,3.0,1,1988,3.044337438413021,Urban,Yes,400885.41011713643
2158,,3,1965,8.283073525637544,Urban,Yes,504687.4346995803
1833,2.0,1,2000,6.489304042633674,Suburban,No,373769.5136813748
1953,3.0,2,1978,2.112939805043581,Rural,No,345043.2732902802
1735,5.0,3,2020,1.638542163253494,Rural,No,431081.05579769483
1242,3.0,2,1990,5.195062002284674,Suburban,No,294694.4524061026
2160,2.0,1,2006,9.432041122081467,Suburban,No,492592.4412414535
2877,1.0,2,1977,,Suburban,No,533506.1730759348
2009,3.0,3,1970,7.831979790118865,Urban,Yes,491946.2094208439
2112,5.0,2,1953,5.225259813046142,Urban,No,446831.83231070807
2346,5.0,3,1964,4.456725352488549,Suburban,Yes,479858.46634600405
1365,2.0,2,2002,8.399867493738299,Rural,,353998.63182340795
2851,2.0,2,1995,5.170478944825453,Urban,No,604549.7725008109
2101,4.0,3,1956,2.273884368379877,Urban,No,460212.93418590794
2815,4.0,3,1967,3.4706844215116694,Rural,Yes,513374.87885457836
1633,4.0,3,1970,6.052450703866185,Urban,No,440457.8152973864
2909,1.0,1,1957,4.623194238148877,Suburban,No,478972.6717403465
2387,5.0,2,2008,4.297536192840328,Urban,No,542860.1224683734
2276,4.0,3,1969,7.018878066966362,Urban,No,522690.1546268015
2117,5.0,1,2016,6.726883653009088,Urban,Yes,545312.9100556928
1875,,1,2004,3.8262349873244683,Suburban,Yes,445622.13443406555
2600,1.0,3,2011,4.234839443945384,Rural,No,495240.33841426775
2070,2.0,3,1967,7.768597995361548,Rural,Yes,434045.02869925246
1016,5.0,3,2005,9.291588237109018,Suburban,No,317754.03793975426
1441,4.0,1,1971,3.917932748776166,Rural,No,283313.20964575344
1907,2.0,1,1957,3.626898124434732,Suburban,No,345762.93260263733
2154,3.0,2,1960,3.387520178677101,Suburban,No,387576.0974647831
1971,1.0,1,1961,2.2735620962090994,Suburban,Yes,346448.55206481606
2609,5.0,3,1997,4.39456802946474,Suburban,No,541434.0113388743
1024,4.0,2,2012,5.644055048036222,Urban,No,346399.33206675976
2071,2.0,2,1976,5.836899298855162,Urban,No,447222.92873055924
1091,1.0,2,1984,7.219273032388745,Urban,Yes,333454.6809535328
2379,4.0,2,1951,1.472966517546007,Urban,Yes,477166.39611923695
1952,2.0,3,1957,6.0526786403943,Urban,Yes,401665.53606412606
2209,5.0,2,1969,3.294900657026046,Urban,No,468907.31136363785
1568,3.0,3,1957,3.1521114694013117,Urban,Yes,380967.9520169397
2639,3.0,1,2012,,Rural,Yes,552657.2568813732
2520,5.0,3,2017,2.381295188887938,Urban,No,545306.5702002917
2291,1.0,2,1980,3.961901338080736,Suburban,No,411258.11527725135
1935,5.0,1,1981,6.738745212135237,Suburban,No,420994.81138233317
2289,2.0,1,1962,6.785860330133549,Suburban,No,448769.6987736193
1646,1.0,1,1975,1.4327914266237318,Suburban,No,306523.4420277705
2427,3.0,2,1978,1.6530296530644673,Urban,No,500868.92883651715
2824,2.0,3,1967,6.898269272739143,Suburban,No,548530.6316296412
2535,4.0,3,2018,9.578359690299578,Suburban,No,582431.530429198
1635,4.0,2,1961,9.986528022310022,Suburban,No,384356.16685906716
2180,4.0,2,1951,9.883988509505476,Rural,No,390484.99205577734
1353,3.0,1,1991,4.164221920311113,Suburban,No,298821.0300068996
2286,5.0,3,1956,3.1762922672909717,Suburban,No,456674.0484417865
2225,1.0,2,1996,1.8878441877712469,Suburban,No,412680.98619484267
1065,3.0,2,2003,3.932441467268556,Rural,No,270040.59664273186
1419,2.0,3,1964,3.4916828035325795,Suburban,No,324493.4416141316
1858,2.0,1,2007,6.191165902087598,Urban,No,420156.23073341756
1849,4.0,1,1982,4.31906947283637,Suburban,Yes,416143.82295085356
1395,1.0,1,2016,3.083769165250267,Suburban,No,352106.19514489855
2194,4.0,3,2012,6.512904295952234,Rural,No,440146.88356764027
2125,2.0,2,1997,3.907608997130617,Suburban,No,419683.47306655365
1902,2.0,2,2015,,Suburban,Yes,419744.4816767392
1622,5.0,2,2014,6.3859647827842325,Urban,No,457671.9845800782
2524,5.0,2,1985,2.0639670423902645,Rural,No,478016.028205954
2827,5.0,3,1966,7.968242374653119,Urban,No,605884.0872925798
1758,4.0,1,1951,9.688909696938042,Suburban,No,355303.47174088063
1693,1.0,1,1982,5.417439234864951,Suburban,No,338759.8987678406
2245,5.0,1,1955,6.0387302808399905,Urban,Yes,482118.51705274824
1820,3.0,1,1992,4.461786385426894,Rural,No,371749.90122901555
1930,5.0,2,1960,9.61046415802123,Suburban,Yes,445946.03200759884
2369,,2,1954,2.196500599881279,Urban,No,456909.54511304
1045,1.0,3,1979,8.32169674455236,Urban,No,303708.6758916732
2659,5.0,1,1959,6.853832456877973,Urban,No,550251.2213296215
2036,1.0,2,1973,8.123466453604685,Rural,No,346399.3327909973
1794,3.0,2,2008,9.554136188759918,Suburban,No,439241.91975607077
1955,2.0,2,2016,5.465370796204696,Suburban,Yes,453118.4468116426
1981,1.0,1,2010,,Urban,Yes,500316.67693184264
1134,5.0,2,1975,8.015604753497522,Rural,No,299210.9877336362
2747,4.0,1,1988,,Urban,No,584347.6636605065
2020,4.0,1,1952,7.1762971187585185,Suburban,No,432700.11909602385
2221,4.0,3,1987,8.64101443492001,Suburban,No,476786.5545858573
2475,4.0,3,1991,7.572945794584518,Rural,No,488433.27788484836
1489,1.0,1,1997,9.617257184403432,Rural,Yes,341739.5061404484
2236,4.0,1,1962,6.136129298912834,Suburban,Yes,468800.3127800213
1866,2.0,1,2005,4.424260718819071,Rural,No,421605.51567405683
2423,3.0,2,2008,7.124684321844861,Urban,No,552600.5192109087
936,1.0,2,2012,1.6220291430962255,Urban,Yes,289652.24739553226
1950,1.0,2,1992,5.485516390737595,Urban,Yes,436445.861575795
1698,4.0,3,2006,7.960604583658961,Rural,No,369275.3128870559
2216,4.0,1,1970,2.520674651766797,Suburban,Yes,412053.5317556422
2235,1.0,2,2003,4.6036638499306415,Rural,No,430841.6972710935
1646,4.0,2,2002,4.152580295560172,Suburban,Yes,389397.3807129832
1643,4.0,3,1994,4.014721314396959,Urban,Yes,430596.045683328
1944,4.0,3,1985,6.855639301721772,Suburban,No,423971.34218814527
1551,4.0,1,2012,5.477464692941552,Urban,No,400421.3849731081
2420,4.0,1,1950,8.175837743465088,Urban,Yes,487948.6405199551
1815,5.0,2,2016,1.5206446522249588,Suburban,No,411328.3605663402
546,5.0,2,1982,5.0851830945582845,Rural,Yes,256109.11383004222
1812,5.0,2,1981,1.1259884946722245,Urban,No,410753.67217858316
1480,1.0,2,2007,2.9877383308872005,Suburban,No,327972.96862319694
1184,3.0,2,1975,7.978382830117928,Suburban,No,300496.31217424554
1381,1.0,3,2010,,Suburban,No,339477.34039084753
2054,5.0,1,1966,1.9502135563876015,Rural,No,395033.00559958356
7992,1.0,3,2022,4.612945819782664,Urban,Yes,581015.838402348
2156,3.0,1,2018,7.992474620978256,Suburban,No,482011.8707775652
1696,4.0,1,1978,6.742205887419738,Rural,No,353240.75793149864
2227,2.0,1,2012,8.035797522239523,Urban,Yes,489710.17748276953
1770,5.0,3,1955,1.4459358567319023,Suburban,No,350878.5337074259
1652,5.0,2,2008,6.073531371357465,Urban,No,481422.5667693159
1422,3.0,1,1970,5.079633988059299,Urban,Yes,387245.41289514623
1124,4.0,1,1994,9.064191963599535,Suburban,,301925.6208189232
1805,4.0,3,1994,7.636053841768207,Rural,Yes,403293.23285122
2079,2.0,3,1984,4.819069435208625,Suburban,No,462377.33915170433
1951,4.0,2,2001,,Rural,No,400780.65145365905
1792,3.0,2,1995,4.823499811718067,Rural,No,347303.46827828564
1527,4.0,1,2015,4.97032255708165,Urban,No,397760.21832431963
2304,3.0,3,2006,6.706741256409537,Urban,Yes,541386.9088584947
1341,5.0,2,1991,2.948813094179217,Suburban,Yes,362239.8013221244
2388,5.0,2,2022,3.9986546720847467,Urban,Yes,554150.6970160909
1498,5.0,2,1965,3.5124303525350418,Urban,No,383226.92652316455
1623,1.0,3,1954,8.207221629507124,Rural,No,300134.05299529695
1266,,3,1950,9.477491593217351,Rural,No,298014.11248896964
1749,3.0,3,1971,4.728705376714887,Suburban,No,401490.7561463741
2487,2.0,3,1997,1.6939105078093761,Rural,No,499717.0944606458
2257,,3,1975,1.8419588436034378,Urban,,491152.5427177261
2489,5.0,1,1983,4.596300580048675,Suburban,No,510086.47807095473
2261,1.0,1,2007,4.5548602776722635,Rural,Yes,416739.7910788739
1448,1.0,3,1956,2.315407551072096,Suburban,Yes,326396.0027932545
1834,3.0,1,1974,8.26411075632149,Suburban,No,397167.1164147747
1609,2.0,3,2006,,Suburban,No,382417.2693695483
2665,5.0,1,1961,1.9815387607919053,Urban,No,524037.4803351863
1401,5.0,1,1980,1.8884818765248808,Suburban,No,322051.74376841466
2446,1.0,2,1976,5.013680355503788,Suburban,No,409295.9237993749
2446,3.0,3,1983,2.0515281692565583,Suburban,,459636.42230605514
2914,1.0,1,1983,6.050765082813381,Urban,No,558694.3144406707
1795,1.0,1,1986,4.46514071376886,Suburban,Yes,361261.9545671705
2356,2.0,2,2007,9.277069081002805,Rural,Yes,495412.4346481442
3140,3.0,1,2009,4.770190919028732,Rural,No,566841.916003306
1691,2.0,2,1975,6.529871467651869,Suburban,No,357976.7709472383
1232,3.0,1,1994,8.30218735951647,Urban,No,349660.79602088727
1059,5.0,2,1994,3.7258851805619675,Urban,No,332843.5890464791
2356,4.0,2,1981,,Suburban,Yes,534228.4259304121
1058,4.0,3,2018,2.088459872355089,Urban,No,354063.3791408336
1813,3.0,3,2020,4.894924579274016,Suburban,No,423148.127506454
2218,4.0,1,1972,4.382391914438486,Urban,Yes,515362.89437951957
2092,1.0,3,2014,4.853701655161679,Suburban,Yes,446378.82988875854
2212,5.0,3,1988,1.9666922112624192,Suburban,No,476512.72361776175
2111,5.0,3,2016,4.585606138768469,Suburban,,522592.3821781715
2639,4.0,1,1994,8.832401443097488,Suburban,,525761.3663468949
1523,3.0,1,2016,9.43349584724337,Urban,No,426439.323350535
1661,1.0,3,2012,3.175546082087069,Urban,No,393647.45976436796
1613,3.0,3,2019,3.704511589216998,Suburban,No,406017.51586793625
2415,4.0,1,2003,1.0860084487598756,Rural,Yes,476358.44512372895
2450,5.0,3,1976,2.0402284987430734,Suburban,No,478526.40591592726
2225,5.0,2,1985,4.106076803383441,Suburban,No,441796.453778634
2591,3.0,1,1954,7.165978724504361,Suburban,No,500231.047762363
1410,2.0,1,2016,3.6298380911447237,Suburban,No,328986.3516323778
2833,3.0,2,2000,1.6785752747814637,Suburban,No,519895.9311948965
2761,2.0,3,1981,7.577809691956083,Urban,No,558888.5668186853
2367,3.0,2,1970,,Urban,No,491736.5666350022
2890,2.0,3,1966,5.672774862997226,Urban,Yes,571032.7271132622
1171,2.0,3,2022,3.934225746417321,Rural,No,272749.1741669534
1737,2.0,1,1975,6.5173977123668445,Suburban,No,362630.80424468237
1632,2.0,1,1971,9.01701401671618,Rural,No,308069.44514110533
2360,1.0,3,1990,5.983826232560385,Urban,Yes,495947.3942924594
1474,2.0,2,2008,6.287646304280302,Suburban,No,342870.50499793474
2378,2.0,1,1959,4.362062636690416,Rural,No,440774.3193773042
2685,5.0,3,1954,1.7436771311242478,Rural,No,486052.3152079475
2347,1.0,1,2004,4.856872940941313,Rural,Yes,459988.68462243665
2141,2.0,1,1975,9.321753763094478,Suburban,No,443714.5555889173
1506,4.0,1,1953,7.1219354540624344,Urban,No,374402.17980676447
1576,1.0,2,1976,5.411978067185295,Suburban,,285732.0616596116
2624,5.0,2,2007,6.587949571118017,Suburban,Yes,573403.269037136
2389,3.0,3,1952,6.026831276477149,Urban,No,475325.68530135753
1980,5.0,2,1999,9.21162811307226,Suburban,No,458331.239161161
1791,5.0,3,1975,3.0146300477916146,Suburban,No,376240.45685678296
987,1.0,3,1967,8.998176951703135,Rural,No,190196.39977983266
1464,1.0,1,1956,,Rural,No,265580.8771582383
2955,4.0,1,1994,2.1497177813823614,Urban,No,594004.9556365309
1359,4.0,2,1962,4.3471421687055996,Suburban,Yes,321515.07326305396
2094,1.0,3,1955,,Rural,No,353595.65440952807
2503,1.0,3,1984,1.7464026465476938,Suburban,No,466871.41402589803
1372,1.0,1,2002,5.987792888056967,Rural,No,309104.0340358658
2092,3.0,1,2017,3.3342754473755623,Urban,No,473171.5423062803
2468,5.0,1,1991,5.123149515824097,Rural,No,492664.3969122961
2006,4.0,2,1953,4.948911704406596,Rural,Yes,397353.57140137424
3434,4.0,3,2009,5.695067524168257,Suburban,Yes,680256.5894664549
1165,2.0,3,1994,8.615865339345586,Suburban,No,323273.4212349599
2529,3.0,3,2021,8.026850793802247,Urban,No,559307.9141852736
1913,1.0,1,2015,,Rural,No,384691.34146216884
2385,1.0,2,1971,6.1511267244096794,Suburban,No,445597.65741190856
2220,3.0,2,1961,6.542245795612837,Suburban,Yes,471743.2157114477
1633,4.0,1,2000,4.87437811397308,Urban,No,412535.35942275834
2114,1.0,2,1966,,Suburban,No,405462.33045136055
1071,2.0,2,1985,2.844057741074164,Suburban,No,229261.5415056416
2301,4.0,3,1998,5.276652925612508,Suburban,No,512805.7993648754
2149,5.0,1,1965,7.427558236470198,Suburban,Yes,479330.52944696415
2319,3.0,1,1993,8.000910201784066,Suburban,No,456096.7915183558
2529,4.0,1,1971,3.231547928608239,Suburban,No,502579.9691842371
2183,5.0,1,1957,2.633938320870914,Rural,No,387814.80382070993
2074,2.0,3,1967,3.596806425594815,Rural,No,381804.5524914201
1559,3.0,2,2021,9.281400259355157,Rural,No,423183.88680796383
1643,1.0,2,1987,2.162083930632437,Urban,No,337754.5584330703
2593,1.0,3,1978,9.577856422828912,Urban,No,538748.0239393243
2718,5.0,2,2022,9.953313453770251,Suburban,No,592532.1017728047
1880,4.0,1,1951,8.050998792561888,Rural,No,331775.5723746024
2023,2.0,3,2008,7.8438029220177246,Suburban,No,443439.59459139983
1547,5.0,3,1991,9.579578775405958,Urban,No,408469.20013689314
2586,2.0,1,1970,3.614817965856743,Urban,No,500060.18234259763
2332,2.0,1,1951,2.1608398511541362,Suburban,No,430426.72049459355
2970,2.0,1,1954,8.407903374661963,Suburban,No,534220.6494860135
1560,3.0,2,1966,2.5383704460995316,Suburban,Yes,311920.04660803254
1810,5.0,1,1973,1.4086892323759193,Rural,No,331366.8356132779
2115,3.0,3,1957,2.7681533877199476,Rural,No,392805.04818699975
2323,4.0,2,1979,4.941159273016365,Suburban,No,495588.23793936445
1892,4.0,2,1999,5.455920369835332,Urban,Yes,484993.9108360194
1563,1.0,3,1971,1.5625152853911008,Urban,No,287929.1688724018
2440,1.0,2,2008,4.9905492370083,Urban,,496104.5185482789
2360,1.0,1,1973,6.438768356909008,Urban,No,480570.7343374382
1541,4.0,1,1975,9.386258298427505,Suburban,No,415133.7541164002
2677,2.0,1,2010,3.0458762005897744,Rural,No,455312.6989061576
2585,2.0,1,1957,2.8987335202899875,Suburban,No,470535.184416664
2067,5.0,2,1961,4.504825697488005,Suburban,,422828.8767361746
2039,4.0,3,1963,9.85289068723144,Urban,No,464352.1961510663
2277,1.0,2,1979,4.026023027178859,Rural,Yes,422424.3955881183
1569,4.0,3,2004,1.3948106222571384,Urban,No,419740.080413409
2015,2.0,3,2010,3.3905336913614708,Urban,No,469549.04921735433
923,2.0,1,2011,6.024714261551497,Rural,No,243981.9139110908
2438,3.0,2,1980,4.712893530881573,Suburban,Yes,483956.17259302875
1219,3.0,1,1976,7.968007518992758,Urban,No,334704.638624832
2751,,2,1950,6.4654442857252805,Rural,No,504862.37929858675
1834,4.0,2,1990,6.035114862798207,Suburban,No,395890.95041880675
1894,3.0,1,1963,3.9069455636629544,Urban,No,419192.14668171614
1686,3.0,2,2023,5.96661437168337,Suburban,No,450759.70395966445
1855,4.0,1,1999,6.540316473761154,Rural,Yes,428849.7613435864
2709,2.0,3,1991,2.612842838572302,Suburban,No,519417.67899272166
756,5.0,1,2020,7.622811275870693,Suburban,Yes,335527.6614267793
2638,5.0,2,1989,,Suburban,No,543423.9804826019
2169,5.0,2,1963,7.6804813908469685,Rural,No,424314.09277720586
1396,3.0,3,1960,2.5993952275254917,Suburban,No,336305.65425000875
1462,2.0,3,2012,6.908687007338179,Suburban,No,371056.14330509346
2838,,3,1998,1.2419492087700377,Suburban,No,567813.3643570419
1527,,1,1986,2.430692127224371,Urban,Yes,404476.6131142675
1423,5.0,1,1959,9.020088062826211,Suburban,Yes,368754.3370796706
2568,1.0,2,2003,5.153247603052796,Suburban,No,486369.10097385274
2169,2.0,3,1956,5.57076550666286,Suburban,No,424016.6256382115
1531,,3,1961,9.168200378467926,Urban,No,366395.9235682956
2108,2.0,1,2004,5.364400660302626,Suburban,No,454103.40940744604
1487,4.0,2,1985,6.891296971824886,Suburban,No,372028.3268180375
2550,3.0,3,1956,2.9975956488190545,Suburban,No,458244.41995859705
2530,3.0,1,1973,1.7341583038381594,Suburban,Yes,497821.43302294373
2266,2.0,1,1983,4.1801658872623495,Suburban,Yes,443064.6092879074
2180,5.0,3,2014,8.188115202418437,Suburban,No,517445.8945513156
2880,1.0,3,1978,5.021535793144813,Rural,No,511490.49902335275
1999,4.0,2,1975,,Suburban,Yes,409725.45302264264
1409,5.0,3,2023,5.905882261546186,Suburban,No,438862.5159245846
2224,3.0,1,2014,3.3745632467302453,Urban,Yes,498952.37610892917
3043,5.0,3,1994,9.52001026266861,Rural,No,573047.6996773734
1492,1.0,3,1966,6.19671376594754,Suburban,Yes,348921.83624943683
1819,,2,1985,,Suburban,No,408540.4820623965
2208,2.0,1,2022,1.3876550723410108,Rural,No,462268.97421591525
1973,4.0,3,2012,1.104036311965856,Rural,Yes,428460.710987834
1508,4.0,1,1972,5.293860214343914,Suburban,No,338476.56240632175
2560,3.0,2,2015,8.757995382958931,Suburban,No,606538.1077383959
3160,2.0,1,1991,5.719662525548068,Rural,No,565635.1015752669
2098,1.0,3,2020,,Rural,Yes,470397.9576012176
1547,,3,2020,2.175094598082484,Suburban,No,408297.21957348805
1225,3.0,2,1992,7.293945563513613,Urban,No,354931.01798509434
2128,4.0,2,2004,6.938896124281143,Suburban,No,473021.1403734729
2551,2.0,2,2005,5.9046743324496305,Urban,No,539372.1208537577
2237,1.0,1,1980,4.645943145883885,Urban,Yes,450843.05254475283
1998,2.0,1,2005,6.8236150742869865,Urban,,469153.50554522505
1705,5.0,1,2023,5.950830531687576,Urban,Yes,493476.02188199613
1453,2.0,1,1997,3.4536307551855643,Rural,Yes,341249.3153782066
2417,2.0,2,2001,1.9415388374152767,Rural,No,439839.599693748
2456,,1,2021,4.479837984889495,Suburban,Yes,564459.3125924953
1227,2.0,1,1950,5.611925053750104,Suburban,No,272004.2517681231
2794,3.0,1,1951,5.576638377796777,Suburban,No,495295.69102218375
2287,4.0,1,1991,4.8302416192856,Rural,Yes,480772.1219850355
2699,4.0,2,2023,3.9461965209459615,Urban,No,623714.9871743668
1328,5.0,2,1958,4.15444667688905,Urban,No,342753.04952928674
1317,3.0,3,1980,3.3926075509738993,Suburban,Yes,323884.82630704215
1925,2.0,3,1951,6.219174394423096,Suburban,Yes,373150.1596534273
2251,5.0,1,1973,8.648986997370038,Suburban,No,471473.41567477863
2898,3.0,1,1992,8.917207417319375,Suburban,No,575025.4126274369
2353,5.0,2,2019,9.94352460433544,Suburban,No,525187.3150583082
1878,1.0,3,2021,1.799364437428241,Suburban,No,386174.0101123857
1486,2.0,1,1992,2.9283243613052448,Suburban,No,338388.3098431363
2615,5.0,3,2000,7.571862743478515,Urban,No,584533.2725324793
1517,1.0,3,1995,6.80716470096867,Suburban,No,314192.0810116442
2814,2.0,3,1950,2.2047914950284793,Suburban,No,478839.95022011944
1857,5.0,2,2016,6.679162265829715,Suburban,No,448919.4963832372
2795,5.0,1,1950,4.658156733132479,Rural,Yes,514880.3955101049
2339,5.0,1,2012,9.611735365475385,Suburban,No,542507.8008890054
1931,5.0,2,2011,8.69718531541115,Urban,No,515428.86115026986
1740,4.0,2,2010,1.659180517910709,Rural,No,373176.96307800454
1829,5.0,2,1989,1.8099066872784402,Rural,No,377834.923505191
2214,4.0,3,1978,4.753511248099743,Urban,No,463962.09660268435
2038,4.0,3,1984,1.0753404983435275,Suburban,No,409601.9323638349
1703,,1,1960,1.849482224025919,Suburban,,292156.1381817944
1917,2.0,1,1960,9.39336089977947,Suburban,No,400387.0632068855
2039,4.0,3,2012,8.131886489607009,Suburban,No,528085.5904680054
935,3.0,3,2018,7.054380820905124,Urban,No,346241.7480984286
2229,4.0,2,2005,8.47213509989826,Urban,No,554654.7852876621
1510,3.0,3,1956,,Urban,Yes,373347.9062953457
1423,1.0,1,2000,7.530102663101563,Urban,No,336478.34677314
1156,3.0,1,1988,6.540104398024966,Rural,No,279399.62758728716
1103,1.0,2,1991,8.637826746416032,Suburban,Yes,281710.492891817
1322,1.0,2,2021,3.5441868781162285,Urban,Yes,341430.97196662007
1645,1.0,1,2002,7.873442177782193,Suburban,No,393000.46208270633
2976,3.0,3,1970,8.673862636553144,Suburban,,619382.9486995143
1737,3.0,3,1979,5.941061872208927,Urban,No,347119.29014905833
2088,,1,1950,4.724067150914475,Urban,No,389273.54331857705
2200,1.0,3,1973,9.537873187842603,Urban,Yes,493971.0530271308
2065,2.0,3,1955,2.5207265429309897,Suburban,No,374742.7054392005
1961,1.0,1,1955,1.3264573880109163,Suburban,No,344404.95433819416
1402,5.0,1,2018,2.6122623741043967,Suburban,No,369196.7843481836
2725,2.0,2,2011,7.151085695812743,Urban,No,592601.8702151561
2903,2.0,1,1984,8.100513451233553,Suburban,Yes,586312.142422221
1158,2.0,2,1984,7.451448128255047,Rural,No,286187.2543509924
1487,5.0,2,1997,4.778798985601149,Urban,Yes,412607.4461039179
1860,2.0,3,2021,9.708161901881224,Rural,No,452894.639011758
1517,2.0,1,1992,4.998717289428095,Urban,No,333123.54096809344
2252,3.0,3,1984,9.831744439490475,Urban,No,535623.1434208093
1635,3.0,1,1954,,Urban,No,377556.5979915715
3082,1.0,1,1980,4.664300072740442,Urban,Yes,578994.3312037988
2595,1.0,3,1980,2.449077754705098,Rural,No,432671.5713981387
2106,4.0,2,1957,1.808536685300961,Suburban,Yes,438516.4095365311
2513,5.0,1,1955,5.7832745700849895,Urban,Yes,525266.360054134
2552,3.0,2,2002,7.86887164651546,Rural,Yes,505967.84088263765
1718,1.0,3,1993,2.584429258844532,Suburban,No,338686.41133090144
1591,,3,1998,3.8638984467489923,Suburban,No,381380.3019136617
2039,2.0,1,1957,6.674783240215165,Suburban,No,416500.02635455824
2430,5.0,3,2013,5.147814443789249,Urban,No,584534.6785397211
2069,3.0,1,1953,6.434810001239558,Suburban,No,407678.99884053844
1211,4.0,1,1981,7.0873082689287425,Suburban,No,309122.5701997122
1598,3.0,1,2002,4.426255845884642,Suburban,No,338323.6785640482
1963,1.0,1,2016,8.073696679255606,Suburban,No,491007.514515921
1962,1.0,1,2012,7.325785769944869,Suburban,Yes,432388.9030522851
2986,5.0,3,2009,7.187979057307421,Urban,Yes,661012.4983387763
1307,3.0,1,1982,,Suburban,Yes,310595.14407881815
2252,,2,1971,5.268120373088616,Suburban,,458205.9686291574
2744,2.0,1,1980,6.194556256080049,Suburban,No,519110.1813846661
3135,2.0,1,1973,3.0374759633255017,Urban,Yes,592601.6244822533
1797,4.0,1,1952,7.827103803349033,Suburban,Yes,352887.99910460896
2245,5.0,3,1982,2.0897262424875165,Rural,No,438250.518079298
2284,1.0,2,1975,2.3487174535011492,Urban,No,449755.5424431525
2097,4.0,2,2000,4.719873660170999,Suburban,No,442831.6851711652
1950,2.0,2,1979,2.218103209697989,Rural,No,371293.2182881348
2217,4.0,3,1984,1.104795567145098,Suburban,No,432541.39847742586
733,4.0,3,1974,4.702617366548539,Rural,No,197466.50777403478
2341,,1,1977,6.836969258928348,Urban,No,476711.14467181615
2063,,3,1975,5.456244695575929,Rural,No,373113.68481311307
1888,1.0,2,2022,1.4696172782042922,Urban,No,428064.837244466
3023,5.0,2,1957,3.092188033499518,Suburban,No,560518.8813211946
1662,4.0,3,1964,5.71913763869107,Rural,No,334689.1058474769
1798,4.0,3,1998,7.642834954612472,Suburban,No,440904.3533885548
2995,5.0,2,1957,8.145252678737243,Rural,No,535585.4128247878
1583,2.0,2,2004,5.6743162984460875,Urban,No,382719.8751483465
1724,3.0,2,2007,6.815147084260119,Suburban,No,397661.47371941304
1926,2.0,2,1952,9.130756197428703,Suburban,No,391643.3460284624
2420,5.0,2,1958,1.5867886663655932,Urban,,498420.5633575951
2103,4.0,3,1963,1.892552981982215,Suburban,No,396049.3187801469
1353,4.0,3,1969,5.1207407563326806,Suburban,No,314944.4861060049
1733,1.0,1,1953,6.4876117887055536,Urban,No,356346.0732018562
1696,1.0,1,1973,1.041707673449769,Urban,Yes,385981.26975847495
1961,4.0,1,1977,5.0729349765035225,Suburban,,424696.0537940133
2212,4.0,3,1980,2.554848000529278,Urban,No,454068.99110843724
2209,1.0,1,2016,6.80594178389638,Suburban,Yes,501698.8029619417
1111,1.0,1,2013,3.4096201367380594,Rural,No,237462.5033903697
2531,2.0,3,1966,9.11744314824007,Suburban,No,514650.17496066046
2126,4.0,2,1955,1.5746269667287314,Suburban,No,410161.9726991898
2692,,3,2009,8.282854475349886,Rural,No,546691.4602246609
2222,5.0,3,1960,,Suburban,No,463632.48258120887
2550,2.0,2,1987,8.714445272552677,Urban,No,542619.8955218253
2233,,1,1983,8.336103472232029,Urban,No,493949.3328920114
2673,3.0,3,1996,3.153634252820204,Urban,No,543213.8574375995
2261,3.0,3,1981,1.4551098696656546,Suburban,No,443091.12994762266
1951,1.0,2,2006,7.25969270270551,Suburban,Yes,406565.8608947122
3136,3.0,3,1995,2.839550959767564,Suburban,No,552120.0729228905
2444,5.0,1,1984,9.374563942251138,Urban,No,562932.7787927687
2286,1.0,2,1971,1.6050755100095757,Suburban,No,413234.21257382515
1361,1.0,3,1965,3.915820491839035,Urban,No,307984.9098852924
1355,3.0,1,1954,1.1138410675163528,Urban,Yes,320790.4192790386
2146,1.0,1,1975,3.8531764523628684,Suburban,Yes,415228.9781101031
2072,2.0,3,1973,5.871328122925809,Suburban,No,428645.9451111583
1692,2.0,1,2016,6.893763017851487,Urban,Yes,459420.99341832334
2070,3.0,2,1981,7.5379044374846,Suburban,No,398622.32778948825
2794,5.0,1,1972,8.501051721901144,Urban,No,532884.1919149949
2347,1.0,2,1998,1.9970571576892535,Suburban,Yes,466410.14047267265
1429,4.0,2,2011,7.856853762201286,Urban,No,417246.4068371388
1944,3.0,2,2015,3.505318987440309,Rural,No,411451.7700756444
1597,,3,1960,2.24422136309708,Urban,No,318688.52332924097
1806,3.0,1,1967,3.390896283752056,Urban,,385970.4340266666
1793,3.0,3,1959,8.721937714212466,Urban,No,412570.3706745859
1761,5.0,3,2009,6.646525155092369,Suburban,Yes,446792.4529405662
1372,4.0,2,1957,6.376433426973662,Suburban,Yes,344851.7791184466
1936,1.0,3,2020,6.261732259754323,Suburban,No,440151.04991116317
1719,3.0,1,1997,4.677647870399488,Rural,Yes,377332.04952283925
535,3.0,3,1990,4.753041094581832,Suburban,Yes,244052.42625477287
3026,1.0,3,1957,2.334920120719134,Urban,No,559501.587235472
2544,3.0,2,1986,3.9935169577131355,Urban,No,529507.4917920122
1811,,2,1986,5.608289272598304,Suburban,No,376552.7923411438
2009,3.0,3,2013,6.454159264533391,Rural,No,458862.28174439166
1414,2.0,2,2008,1.6447484663954528,Urban,Yes,385188.18575264054
2847,2.0,3,1994,4.0042921622269745,Suburban,No,537188.7942674101
2948,4.0,1,1965,4.054786953963566,Urban,No,577763.0627374338
2078,5.0,1,1975,5.635631795978996,Suburban,No,415781.60731046787
2511,1.0,2,1980,7.390310554962911,Urban,No,470669.4594226199
2087,5.0,1,1976,6.717093857580355,Suburban,Yes,476907.6326292014
1331,5.0,1,1992,6.137966835225064,Suburban,No,338958.8618166096
1794,2.0,3,1964,3.622767992923495,Rural,No,314843.3544430362
2065,4.0,2,2007,8.551508046754918,Suburban,No,484641.5463624781
1772,,1,1998,8.067633175635216,Urban,No,445447.1888055982
1890,5.0,2,1974,2.652515129569599,Rural,No,376625.1495215748
1954,3.0,2,2017,6.896184122151691,Rural,No,390140.6384360227
1959,1.0,2,1985,9.159891238280588,Rural,Yes,407990.70999546774
2026,4.0,1,1996,4.920411626069951,Rural,No,437498.89817581
1469,1.0,2,2008,9.322923441866532,Suburban,No,355621.55951241724
1641,2.0,2,2001,1.1976739852837839,Urban,No,392097.06125136564
1357,5.0,3,1989,,Rural,No,353244.707582951
2488,5.0,3,1992,3.3064302636266505,Urban,No,551370.1309169004
947,1.0,3,2005,3.3594165712174466,Rural,No,251417.6136504751
2576,2.0,3,1952,8.897924783401475,Urban,No,502234.4607100258
2693,3.0,2,2020,3.8034952167518483,Suburban,No,557552.671338703
1848,3.0,3,1961,1.2099810710802972,Urban,No,377000.5948911981
698,5.0,3,2014,5.857198183995286,Rural,,252992.4679813743
1819,5.0,1,1992,9.73776738643525,Urban,No,460680.57997706195
1967,4.0,3,2019,1.7118594269725278,Rural,Yes,464502.2541859135
1494,1.0,3,1995,3.5766990883636436,Rural,No,325864.4897192032
1742,5.0,1,2009,5.225528592414974,Urban,No,412999.9848714428
2765,2.0,2,2010,8.474320993097319,Rural,No,568913.3129525123
2332,1.0,2,1998,3.420056329308718,Urban,Yes,527880.7117282995
1537,4.0,1,1974,4.093167266272223,Suburban,No,338982.75192163256
1201,3.0,1,1952,4.460454769313212,Suburban,No,262938.21069165255
1836,4.0,2,2017,4.416707131731316,Suburban,Yes,461048.64608200255
1893,1.0,3,2012,2.803107245120961,Rural,No,417225.1869211841
2248,3.0,1,1979,9.240992934681282,Suburban,No,443771.378967342
1732,2.0,1,1953,8.136192706122076,Urban,No,379865.49867255666
2255,3.0,1,2020,9.780785016579854,Urban,No,530519.2413555565
2967,3.0,2,1970,4.33894369074255,Suburban,No,575550.9777495302
2407,2.0,2,2020,1.4076576848286853,Rural,No,477102.6764810539
1975,5.0,2,1950,2.0395097720225364,Urban,Yes,414807.11839438655
1908,5.0,2,2009,4.21735261338884,Urban,No,494301.49159600015
1821,3.0,2,1983,9.199576918504746,Suburban,No,408219.47376864235
2590,3.0,3,1952,9.829762608407881,Suburban,No,519860.2619702856
1686,4.0,3,1967,8.397973955156829,Rural,No,318080.94954646105
2022,5.0,2,1992,3.1458292478081873,Urban,No,474896.860154471
2025,2.0,2,1990,6.937294884422373,Rural,No,395887.9899509084
1749,3.0,2,1973,6.3694655092321515,Suburban,Yes,439424.93088976445
1313,3.0,1,1973,8.409271216736126,Suburban,No,278999.6884875075
2161,4.0,1,1952,5.5877441688327725,Rural,No,402457.5711578311
1969,4.0,2,2008,3.863168798470147,Rural,No,420117.72470709955
2250,4.0,2,2007,1.173498497577666,Urban,No,485887.57918434014
1733,,1,2022,8.155235747077048,Suburban,No,399165.8688148171
2610,2.0,1,1973,5.772234960960711,Urban,Yes,529539.4282495672
1561,1.0,1,2015,5.807686398486778,Urban,Yes,376209.4925896404
2856,3.0,1,1989,9.613560975850381,Suburban,No,566674.3658811159
1126,4.0,1,2020,5.376047164935767,Rural,,300865.738101266
2217,4.0,2,1958,3.8422119952047114,Rural,,414423.7585574573
2237,4.0,2,2009,4.058541707822178,Suburban,,488579.45299782685
1602,5.0,1,1988,1.1057220570081698,Rural,No,344350.49935892125
2212,2.0,2,1982,2.101159303106274,Urban,No,423380.76624626585
2639,1.0,1,1983,1.39427886947326,Suburban,No,467742.114961098
891,2.0,1,2011,3.189341409214893,Suburban,No,252031.75316520868
2251,4.0,1,2010,1.581870966593927,Suburban,No,469361.28813191806
753,3.0,2,1976,3.9800463969751902,Suburban,No,209777.55120542625
1517,5.0,2,1966,2.135165636996745,Urban,No,331353.8755483553
2814,2.0,2,2009,9.261271410473197,Urban,No,593607.0312432683
1709,3.0,2,1991,9.445455196395276,Rural,Yes,407549.11626026395
1413,4.0,3,1996,6.431108083340753,Suburban,No,326083.2106849225
1901,4.0,1,2002,8.24938977062877,Suburban,No,435097.2704944204
3033,4.0,1,1970,7.094901577256654,Suburban,No,599292.3265157698
1084,,2,1957,8.29998000757636,Rural,No,263411.3405404501
1474,5.0,2,2022,6.758264826004554,Rural,Yes,404568.89348140557
2748,5.0,3,2007,4.871743045917808,Suburban,Yes,585216.296219559
2928,2.0,1,2017,8.86379011535577,Rural,Yes,587823.6941311564
1948,4.0,1,2012,4.942597506292855,Urban,No,450498.5159219781
1380,5.0,2,2008,4.565912404186008,Urban,No,378773.7485262161
3047,3.0,2,1979,6.619448279477042,Rural,No,537317.8217396986
2797,5.0,3,1974,9.441386207892357,Suburban,No,595362.0448694024
2339,5.0,1,2005,4.979825571541223,Suburban,Yes,491474.742029292
1593,2.0,3,1983,6.174502938558719,Urban,No,387762.44018574816
1975,5.0,1,1999,5.43099447916559,Urban,No,482091.8503672471
1919,3.0,2,1951,9.18759617135679,Rural,No,349406.5839452638
2165,4.0,3,2002,7.090705020779296,Suburban,No,490051.78247060865
2725,1.0,2,1990,4.776304405035774,Urban,Yes,536165.787375384
2439,2.0,1,1972,6.462123817399294,Urban,No,494470.11670868134
1461,3.0,1,2010,,Suburban,Yes,373752.22607974237
2688,2.0,3,1980,4.077494981632399,Rural,No,459972.91912002664
2156,4.0,2,2015,7.625630949325869,Suburban,Yes,529675.6643422528
2343,5.0,1,1951,6.061547208312535,Suburban,Yes,472453.01887980715
2733,5.0,1,2018,3.828455307224937,Suburban,No,574512.1812391555
1444,3.0,3,2009,4.2606811495113845,Suburban,,383032.42619330337
1982,4.0,3,1972,8.288044750659495,Rural,No,389837.4675987846
1734,1.0,2,2006,5.867947026550914,Urban,No,407066.92726381426
1216,1.0,3,1984,,Urban,Yes,290175.77793517144
2173,5.0,1,1950,3.6713162679595848,Suburban,No,409411.6569720871
3255,4.0,2,1997,5.210951600824113,Suburban,No,605793.2614457876
1079,4.0,2,1998,7.865538110044843,Urban,Yes,358840.95403111284
1983,3.0,2,1989,9.976963858807158,Rural,No,416230.1563076351
2320,1.0,1,2011,2.6718442248611614,Suburban,No,449931.92448612105
2061,,3,1964,7.794361202033589,Suburban,Yes,443574.1290303665
1943,2.0,2,1979,6.55497564322559,Urban,No,438014.06684490223
1350,4.0,1,1970,5.780737150748529,Suburban,Yes,345128.0265765973
2116,1.0,3,1957,9.698113473988055,Rural,No,374301.98360916355
1621,3.0,2,1956,3.904781947749264,Rural,No,279920.6309701362
905,5.0,3,1983,2.592804188652594,Rural,Yes,251074.41951920968
2597,2.0,3,2013,8.898374420723169,Suburban,No,590086.3546777719
2479,3.0,3,1991,1.6182003131937113,Suburban,Yes,510447.88958248665
2025,5.0,1,2002,8.354077071296542,Rural,Yes,491278.9058099975
2114,1.0,2,2019,6.30312393795902,Rural,,408430.9289553864
2537,1.0,2,1959,2.476035025534596,Suburban,Yes,416911.54477651103
2112,2.0,2,2007,3.046259424640637,Urban,Yes,510165.7775260607
2452,5.0,1,1953,2.402565334004413,Urban,,513417.06994926446
1851,4.0,3,1957,7.465046876686289,Suburban,Yes,431849.34123730037
2655,1.0,1,1961,2.3258004201511175,Suburban,No,458860.57787362166
2160,4.0,2,1974,7.132337873982916,Suburban,No,446017.6204915855
2097,4.0,3,1976,2.1533526573706645,Suburban,Yes,446915.65003742976
1364,3.0,1,1951,8.22039930884795,Urban,No,326233.11746420304
2143,3.0,1,2022,9.275417012287601,Suburban,Yes,516646.9072024114
1584,1.0,1,2004,6.033808254244516,Urban,,407148.3765452275
1680,4.0,1,2007,,Urban,No,464943.1248879214
1592,3.0,3,1982,4.513422726326822,Urban,No,363346.53451455734
1466,5.0,1,1998,,Urban,No,404021.51731926104
3062,,3,1954,2.5956708050012405,Suburban,No,537769.0395342897
2665,5.0,1,1996,5.310670127324513,Suburban,No,584479.5520097056
2960,5.0,2,1973,2.176722114775371,Urban,No,579808.0362744938
1388,4.0,1,1993,8.882115656273493,Suburban,No,340602.87534955004
2035,5.0,1,2017,8.062889656726403,Suburban,No,504006.6728375982
1353,4.0,2,1963,6.05906563926413,Suburban,No,323341.64612882957
1652,1.0,3,1985,7.493166730172245,Suburban,No,330403.80708124314
1540,1.0,1,2000,1.4499127269377503,Suburban,No,312968.067933809
2619,5.0,1,1955,2.8316600964445193,Suburban,Yes,495505.141051052
1801,5.0,2,1966,6.590907035468808,Suburban,No,376376.1555322062
2534,5.0,3,2021,5.297225605415365,Rural,Yes,549002.7491340995
6906,1.0,2,2000,6.441606819643991,Rural,Yes,427485.58832181734
3151,3.0,1,2001,1.8007213854741324,Rural,,573246.3438216967
1260,1.0,3,1961,6.871803022942654,Urban,No,299876.5564985947
2629,5.0,1,1950,8.232546313357041,Suburban,No,490297.5080254224
2573,,2,1960,5.916476646978896,Suburban,No,457761.2841000022
1513,3.0,1,1965,4.2166631682196245,Suburban,,316655.69539911294
2503,2.0,2,1958,2.5718307122263386,Suburban,No,443470.43378888484
2168,4.0,2,1957,3.388195413020586,Urban,No,447959.69224620255
1886,5.0,3,1974,5.702795685451587,Rural,Yes,391892.97642729
1588,4.0,2,2023,3.299660465337973,Suburban,No,370525.53496863076
1640,2.0,3,1989,8.00150983641101,Suburban,No,385376.11801852373
3024,4.0,3,2016,2.185669234638012,Rural,No,599090.1156604084
2000,5.0,3,1972,5.6478183948794065,Rural,Yes,470236.1970283718
2391,2.0,3,2011,5.463695631715169,Suburban,No,521357.96857062343
1604,4.0,3,1972,2.2500303699870168,Suburban,No,377801.18543000816
1610,1.0,2,1993,9.9548882268845,Suburban,No,351423.84577154054
2540,3.0,2,2005,8.408218487181706,Suburban,Yes,560275.7406389036
1325,2.0,3,2017,4.478792186632791,Urban,No,366960.8637787637
1792,1.0,2,1972,7.1641588506481035,Rural,Yes,378572.4913288776
2017,5.0,3,1958,7.449230794943743,Urban,No,451469.8627968639
2055,3.0,2,1953,6.860337109438962,Suburban,No,442084.2963828036
1910,2.0,3,1983,4.892355515554336,Urban,No,425059.5069858643
2197,3.0,1,1983,8.966001984636746,Suburban,Yes,494385.24722545693
2346,2.0,1,1991,7.943962435552658,Suburban,Yes,466214.5674622736
2367,,3,1952,,Suburban,No,446509.2845497434
1507,4.0,2,1983,1.0230650695291836,Rural,No,286247.0227370429
1857,3.0,3,1992,3.0103681449409967,Rural,No,385674.4442942143
2597,3.0,2,2016,5.579431316555691,Suburban,No,532587.0534055241
2447,1.0,3,1986,9.090361511389016,Suburban,No,517607.2767606004
1313,5.0,3,1961,6.657588497082278,Suburban,Yes,378879.90364278195
2175,1.0,2,1965,4.760760680587234,Rural,No,364755.15518121596
1010,4.0,2,2011,1.4312077709738236,Suburban,No,284557.64016702835
2023,2.0,3,1966,6.375522045400791,Rural,No,374930.1493605521
2948,4.0,1,1964,4.156769689433871,Suburban,No,543485.5613716595
1526,4.0,1,1975,5.836388026139181,Suburban,No,316633.22759505815
1582,1.0,1,1994,7.897975285742443,Urban,No,351923.6261062305
2382,2.0,1,1951,8.233663195456872,Suburban,No,458693.652060708
1228,5.0,1,1966,8.778504155038792,Urban,Yes,339042.77978935634
1683,4.0,2,2014,6.724419636132673,Suburban,No,406079.7957112229
2298,5.0,1,1979,9.150561054383047,Rural,No,456708.5592952256
1682,2.0,2,2017,7.215652088045442,Suburban,,385770.311131332
1882,2.0,1,1993,8.055226837600115,Suburban,No,390764.59122157254
2372,1.0,2,2009,7.169340001710674,Urban,Yes,518482.002433973
2210,3.0,1,1950,8.846774323866693,Urban,No,450968.23741868493
2133,1.0,1,1968,3.0060089369646517,Suburban,Yes,417383.4441138646
1830,5.0,2,1982,7.838983687257903,Rural,No,415631.8395080177
2185,1.0,2,1985,2.054408887354962,Rural,No,359260.1070972767
1938,,3,1973,1.827946268936687,Suburban,Yes,416591.28133515303
2228,4.0,1,1974,5.424603884088853,Urban,Yes,492318.80821559805
1751,,1,1960,3.7021344029891674,Suburban,Yes,382281.1090962539
1908,2.0,2,1958,6.070223866463485,Suburban,No,359258.11885783385
1505,4.0,2,1955,7.099605259474995,Urban,Yes,426481.62716373353
1982,5.0,1,2007,3.0390661055464365,Rural,No,416077.7088781475
1594,5.0,1,1978,7.299334521668057,Urban,No,395051.88446067495
1442,5.0,2,2022,9.959131824684071,Suburban,No,420468.12888961664
2129,1.0,2,1960,7.839591582676693,Suburban,Yes,447595.84271585493
2106,5.0,1,1972,2.564078516857717,Urban,Yes,477225.58718244184
2391,5.0,2,1975,6.7032588177575505,Suburban,Yes,497559.8201139959
1784,1.0,2,1950,1.085362930846659,Urban,Yes,326255.75007972226
2204,4.0,1,1996,5.227463442980016,Suburban,No,455532.46890835895
2275,2.0,3,1990,5.799757290767569,Urban,No,482853.3775612023
2222,3.0,2,1972,9.751397976919302,Rural,No,465422.8753932732
1587,5.0,3,1954,7.634848423876502,Urban,No,378977.89819610986
2074,5.0,2,1999,7.35364226752233,Urban,No,545802.6241142092
2182,5.0,3,1958,5.791641481217836,Rural,No,425445.94644533214
2003,1.0,2,1953,5.618584127879499,Suburban,Yes,388797.68163599534
956,1.0,3,2020,9.92874503119467,Rural,No,292307.5262915039
2080,1.0,3,2014,1.1914119667926037,Suburban,Yes,445887.7014342813
3106,3.0,2,2006,3.7288531527438185,Urban,No,583922.8629153781
1819,2.0,3,1974,2.2040544101589443,Rural,No,337186.07373366674
1635,5.0,1,2007,3.8347473916664736,Suburban,Yes,408525.5914579809
2186,4.0,1,1955,5.172577459012252,Urban,Yes,493240.8258118722
2156,5.0,1,1963,4.0773912940849435,Suburban,No,456895.5979346267
2596,5.0,3,2012,9.664346031480186,Suburban,Yes,596357.6855416311
1371,5.0,2,2014,7.125291792889603,Suburban,Yes,403798.3422856669
2365,5.0,3,2001,7.552404368419159,Suburban,No,532890.5114422917
2295,2.0,2,2014,7.6806300122421804,Suburban,No,502369.2200649558
1928,4.0,3,1957,9.09304292682899,Urban,No,467983.9710207107
2169,1.0,2,1957,7.912169266294449,Suburban,No,407741.4762642084
2514,4.0,3,1963,1.1458432834094014,Urban,No,497317.5040332436
2436,5.0,3,1973,3.352561712042996,Rural,No,471987.9213678793
1428,4.0,1,2013,9.901939470862288,Suburban,Yes,416287.38061060593
2410,5.0,3,1974,6.869120379580527,Suburban,Yes,504813.0901069624
1967,4.0,1,1955,1.61305958417636,Suburban,No,371564.9239252267
2036,3.0,2,1950,5.199743825729204,Suburban,No,380775.1717941265
2036,4.0,2,1982,9.827510141690773,Urban,No,491975.72561675805
1924,1.0,1,1963,9.935543276286193,Rural,Yes,369403.9977832142
2595,1.0,3,2012,4.892021378008033,Suburban,Yes,552357.3229309224
1958,,2,2005,9.037477081114925,Suburban,Yes,456618.06422305247
1440,4.0,3,2011,,Suburban,No,376104.82222862437
1803,2.0,3,1977,5.584864139113421,Suburban,No,356794.06579620054
2089,4.0,3,1978,4.7074823971311845,Suburban,Yes,451158.5065001479
2614,1.0,2,1972,9.029170357775467,Urban,Yes,557922.6027924083
2301,3.0,2,1993,6.590140037467081,Suburban,Yes,490317.54295527836
1574,1.0,3,1987,4.004178793261173,Rural,Yes,315955.69013903977
9726,2.0,1,1998,5.427391934818508,Urban,No,597352.6581051883
2132,4.0,1,1992,4.996713614163793,Rural,No,389066.2131968911
2637,3.0,1,1959,5.060387058528298,Suburban,Yes,486251.43362930807
1924,1.0,3,1976,3.804488236241956,Suburban,Yes,401204.70132487785
2266,3.0,1,1957,6.696615558749246,Suburban,No,402388.07339943625
2419,5.0,2,2017,1.4701365136406392,Urban,No,542046.4046289851
2609,1.0,1,1979,8.975469724045272,Suburban,Yes,489957.78766092565
2528,5.0,1,1962,4.738572708477754,Suburban,No,485603.84773531044
2436,3.0,3,2007,8.207762217019763,Suburban,Yes,549593.9806450868
1842,4.0,2,1952,7.565426327188359,Rural,No,335314.5395925971
1714,4.0,2,1954,5.246664703764338,Urban,Yes,385485.6548357512
2166,4.0,1,1971,2.788395088827348,Rural,Yes,410006.37081426766
2466,5.0,3,2007,6.059905188260188,Suburban,Yes,579065.2789821931
1888,4.0,3,2015,9.532650390396912,Rural,No,458637.3713551297
2532,2.0,1,1989,2.671952163784975,Rural,,480085.59829955676
2726,1.0,2,1954,3.304112006883423,Urban,No,507045.0252444819
1541,1.0,2,1965,9.937049106851093,Urban,No,374799.46912509535
1581,3.0,2,1964,9.03313877317263,Suburban,No,323518.02820515085
1929,5.0,3,1967,5.945948649997964,Urban,Yes,411730.3903888402
2153,1.0,1,1996,7.252670690610744,Suburban,No,411110.9267689057
1737,5.0,3,1953,4.98756098308262,Suburban,Yes,375617.86952436005
2676,3.0,2,2002,4.6368340891340285,Urban,No,574263.6544262297
2212,4.0,3,2007,4.9886878680451545,Rural,Yes,484098.24853205285
2019,3.0,2,2007,4.729748978471382,Rural,No,402616.9757637605
1282,2.0,1,2008,7.079995103727915,Rural,No,313865.43981994747
1342,4.0,2,1983,3.9741096314394033,Suburban,No,277821.4709586735
2140,4.0,1,1979,,Urban,No,464357.95437466423
933,4.0,3,2003,7.35910789124657,Urban,Yes,337111.3779303748
2506,3.0,3,2017,1.2816777434135602,Urban,No,585067.0081644504
1920,2.0,3,2017,,Suburban,Yes,442082.72391208267
3621,5.0,2,1975,3.3691932594511855,Urban,No,661761.3516782748
3153,3.0,1,1952,2.7122759319377514,Suburban,Yes,582441.5119694667
5727,1.0,3,2006,4.41061003762495,Suburban,No,380677.1866087507
1946,1.0,3,1986,2.0574996483905617,Urban,No,411366.8616230937
2497,3.0,1,1987,4.460406621060663,Rural,Yes,481236.93861574965
2851,5.0,2,1990,1.9208954993412082,Urban,Yes,615504.6587759902
1180,1.0,3,1953,5.351398598483192,Urban,,266058.1692380435
1106,5.0,2,1975,2.585527744671996,Suburban,No,277915.18133310234
1688,4.0,2,1988,2.1699692670142627,Rural,Yes,378482.299159208
2291,3.0,2,1991,6.211986668797188,Suburban,Yes,458118.1153998433
2248,4.0,3,1960,6.627205454055966,Suburban,Yes,481146.9641669434
2534,1.0,3,1960,1.049657867701236,Urban,No,482985.9590685595
1400,5.0,1,2003,4.489096787281168,Rural,No,349525.5784054761
841,4.0,1,1987,1.701604810389201,Suburban,No,240544.1923052971
2429,1.0,2,1969,7.647800148279161,Suburban,Yes,460776.2598773188
1585,2.0,3,1975,7.133706365869137,Suburban,Yes,353099.2325402823
990,4.0,2,1963,1.4475621973958646,Suburban,No,240010.46540716468
2072,,1,1999,9.471255313272922,Rural,Yes,444323.3298157903
2396,2.0,2,1974,9.639643165342191,Urban,Yes,513858.45937332325
1938,1.0,2,2004,4.012044662142971,Urban,No,450722.15898959135
1771,3.0,3,2000,2.175513607464491,Rural,No,385021.9389501957
1920,5.0,2,1959,,Rural,No,385916.61439184286
1814,1.0,2,1963,8.566484775331883,Suburban,Yes,427878.6548453447
1325,4.0,3,1954,5.132466001869951,Suburban,No,337862.87760596466
1642,5.0,3,2006,1.0855759656360702,Suburban,No,382662.8085016083
2260,3.0,1,1971,,Suburban,No,457379.831959207
2160,1.0,3,1978,6.3346359341688,Rural,Yes,406082.7266986789
2084,3.0,2,1956,7.213572891215164,Urban,Yes,485047.26990003546
1502,4.0,1,1967,8.411985436395073,Urban,Yes,387198.39673644723
1909,1.0,1,1980,8.36720830576742,Suburban,Yes,403146.5053434411
911,4.0,1,1992,1.6822438526830568,Suburban,No,251802.23402200994
2089,5.0,1,1984,6.165930637275492,Urban,No,481340.15961556666
2714,5.0,2,2020,7.2662016505831035,Suburban,No,568264.7567463039
1262,3.0,2,1953,1.770583940342035,Suburban,No,291096.6713974464
1707,3.0,2,2000,3.001608164781923,Suburban,No,417850.43417905713
2164,5.0,2,1979,4.562330126649058,Rural,No,424135.3509745697
2626,2.0,1,2002,8.978725569098959,Rural,Yes,558970.1752679897
5325,5.0,2,2023,8.655700589637927,Suburban,Yes,468154.0504301156
1653,1.0,1,1963,8.038927012822858,Urban,No,393811.13215723366
1015,4.0,3,1985,9.912490405191134,Urban,Yes,379788.75995101535
2051,5.0,2,1961,3.1839098643397756,Urban,Yes,441395.7464693546
3021,5.0,3,1983,5.210333290421194,Suburban,Yes,617903.5562743228
2138,4.0,3,1975,5.020507111036467,Suburban,Yes,477680.678344705
1988,4.0,2,1955,7.110436720168008,Suburban,Yes,457437.9376851956
2161,1.0,1,2002,8.651379579340457,Suburban,Yes,507184.8737016978
1994,4.0,3,1964,5.425144797513378,Suburban,No,443743.8621335414
1593,3.0,2,1968,5.423786137822226,Suburban,No,343377.28915366286
2411,5.0,3,1996,6.474860315670977,Suburban,No,530292.9643323654
2112,4.0,3,2010,7.682270969938905,Suburban,No,490848.58901698503
2008,1.0,2,2001,2.811707069271779,Suburban,Yes,401758.9629340063
1512,4.0,3,1967,9.656735954953913,Urban,No,404161.2596367116
2651,5.0,1,2009,1.8284813256350676,Urban,Yes,577705.2632517212
2332,2.0,1,1996,1.207900659260781,Suburban,Yes,453207.75915288593
1723,4.0,3,2006,4.229122663306256,Suburban,No,387779.8180846979
2500,3.0,3,1982,7.312914437070951,Suburban,No,503526.27428426506
1751,5.0,2,1981,9.802674677639164,Rural,Yes,395590.4676973438
1608,1.0,1,1953,9.394844102617512,Rural,No,339993.9107830609
1620,5.0,3,1990,7.196387025639102,Rural,Yes,396765.96063494467
1114,2.0,1,1968,,Suburban,No,268044.379538512
2235,1.0,3,1956,6.362216091548725,Urban,No,417646.6314232767
1084,2.0,2,1975,9.71791562954677,Suburban,Yes,299071.5722187019
1385,2.0,2,2000,3.3895095955073713,Urban,No,318836.3874115839
962,3.0,1,2005,,Suburban,No,308393.2282417828
1956,4.0,1,2020,7.236115216455325,Suburban,No,463494.96932517405
1924,3.0,3,2000,1.09268993914593,Rural,No,401163.6425044857
1836,3.0,3,1957,4.431352754945161,Suburban,No,357332.4728382872
1478,3.0,3,1962,6.111209803084106,Urban,Yes,383673.1976607096
1413,1.0,1,1981,9.108264513864844,Suburban,,358816.89414504496
2232,4.0,2,1983,,Suburban,Yes,510223.3352531952
1724,4.0,2,1967,6.006919656049332,Suburban,No,369794.0481422429
2158,1.0,1,2004,9.501222587225238,Suburban,Yes,467441.5509938139
1557,3.0,2,1992,1.8933896364739302,Urban,Yes,356279.1032307059
2090,3.0,1,1973,7.3114374247563845,Rural,Yes,423109.37766657193
2651,2.0,3,1970,4.6049892801613455,Suburban,Yes,513410.7602310744
2293,2.0,1,1967,7.758761118077525,Urban,No,488879.0563178117
1793,5.0,2,1963,8.809511903186296,Urban,No,448813.5861938648
2128,2.0,1,2002,1.4835185628304477,Suburban,No,416630.24836329947
1879,4.0,1,1968,9.419261892913438,Urban,No,457800.71372556104
2003,1.0,1,2006,1.6134057329072777,Urban,No,458769.6892752346
1837,3.0,1,2013,7.780585352500682,Suburban,No,465899.84099038166
1917,5.0,2,1951,1.6216278252391874,Urban,No,396845.27849813347
2106,2.0,3,2006,8.755139501565232,Suburban,No,472148.87297282106
1503,5.0,2,1983,2.844833273125299,Urban,No,398602.7952228546
1492,1.0,2,1998,4.906632980837323,Urban,,343127.4003101754
1305,1.0,3,2003,9.393588160931513,Urban,No,372561.967719921
1199,5.0,2,1971,8.12860595855733,Rural,Yes,308425.8161729985
1391,5.0,3,1993,8.071977232651022,Rural,No,371388.3890320586
2079,5.0,3,1984,7.869970604516875,Urban,No,491928.1293622815
1553,3.0,1,1978,6.124915808768926,Suburban,No,343514.31859975384
2256,4.0,2,1955,9.562870408342055,Urban,No,476501.0377765867
2017,2.0,3,1986,,Rural,No,365966.3398503113
1015,,2,2007,4.962592875610028,Urban,Yes,316181.99037408474
2327,2.0,2,2013,7.683003510178601,Urban,No,553871.3376820732
2405,5.0,3,1980,9.982967264835745,Urban,Yes,538784.4296332796
1503,,1,1999,,Suburban,No,398622.0954629461
2210,5.0,3,2009,1.0110069224949274,Urban,No,512468.6943496998
1571,3.0,1,1963,7.6409756417465715,Suburban,No,328806.9730167927
2048,3.0,3,2019,9.080934981288607,Rural,No,484463.5321912624
1367,3.0,3,1960,3.949773448550957,Urban,No,324632.6797954266
1103,3.0,1,1976,9.797426704252302,Rural,No,271399.2453800895
1808,1.0,1,2018,4.611694290717493,Suburban,,440910.51485042775
1938,3.0,2,1987,4.790592360358572,Urban,No,398062.0580308212
1801,,3,2011,2.447848834801375,Suburban,Yes,385509.6601850709
1407,3.0,2,2002,1.8693512347678127,Urban,,394144.34905057616
1800,2.0,2,1967,5.829361302494938,Suburban,No,388985.0603125016
2134,2.0,1,2001,6.424979679037248,Rural,Yes,463591.2740617651
1977,2.0,1,1973,4.3020686520226,Urban,Yes,488401.7336851719
2091,4.0,2,1956,,Suburban,No,438616.18470709655
1664,1.0,1,1963,4.552037672846097,Rural,No,305177.84740931296
2585,5.0,3,1999,8.813664861759957,Urban,No,568569.6778579816
1411,3.0,1,1973,9.584408299876715,Suburban,No,340110.9943250626
2243,2.0,1,1962,,Rural,No,389901.8542636986
2590,1.0,3,1968,8.580470347065361,Urban,No,521266.80317232636
2240,3.0,1,1978,8.683673488448846,Urban,Yes,452441.98563322535
1898,4.0,2,1971,7.423864212615912,Urban,No,409679.7903911636
1735,,2,1951,2.7280170026754043,Rural,Yes,343289.96748297126
2518,3.0,2,1985,2.3944427392985435,Rural,No,469785.77534614666
1288,5.0,1,1987,9.275358192248422,Suburban,No,336823.00278950436
1514,3.0,1,1967,3.385551775470987,Suburban,No,313591.74794615817
1801,4.0,1,2000,3.2169776253217703,Suburban,Yes,401330.4725125022
2618,1.0,2,1964,2.4951586412008995,Urban,Yes,483955.58906635945
2189,5.0,1,2001,5.747086429119728,Rural,Yes,492505.45939117065
1515,5.0,3,1966,7.092977396354377,Suburban,No,345113.83511604404
1844,1.0,1,1971,,Urban,Yes,389603.22830344294
1692,5.0,2,2003,3.3494742968745266,Suburban,No,449082.87345628865
1645,2.0,3,2001,1.8530687260313685,Suburban,Yes,383607.48513020243
7467,1.0,3,1995,3.79188546621205,Suburban,Yes,501772.3432094975
1314,4.0,2,1953,5.530913047792151,Suburban,Yes,300969.8642677376
2804,3.0,3,1956,6.511959958653323,Urban,Yes,584247.976805434
2414,3.0,3,1959,3.4354032904268648,Suburban,Yes,468183.7899528835
2545,1.0,3,1964,2.6484257029495613,Rural,No,410525.97958001756
1768,2.0,3,1975,8.574181350215987,Urban,Yes,466897.6731029345
1925,4.0,3,1989,8.721333385632622,Rural,Yes,410688.2745338198
1283,3.0,1,2010,3.519606553899279,Urban,No,366061.9615053518
1737,3.0,2,1965,6.041015610405722,Urban,No,364751.5052082182
2246,2.0,2,1967,4.958438159309267,Rural,No,419773.3501904364
2648,5.0,1,1951,2.2777048285176837,Urban,Yes,560658.9280180358
1446,1.0,1,2003,,Suburban,Yes,338595.11595875997
1817,2.0,2,1967,1.0880464221445174,Suburban,No,373764.1551083926
1924,2.0,2,2003,2.6881873328227472,Suburban,No,397278.4622836281
1302,2.0,1,1987,4.110084295102107,Rural,No,279782.2275531526
2295,2.0,1,2022,8.70815129664317,Rural,Yes,453561.5927081646
1638,5.0,3,1964,,Suburban,Yes,412045.69517157954
1902,4.0,1,2013,6.218956581095968,Suburban,No,425754.08418648056
1774,,1,1957,7.255188597874861,Urban,No,377494.77405734465
1605,2.0,3,1995,4.06820437707728,Suburban,No,379933.8897148921
1996,1.0,3,1988,9.464873915968552,Rural,Yes,415989.5298735733
1892,3.0,2,2001,1.2410855970432795,Urban,Yes,418102.3439630755
1814,5.0,2,1957,1.9083580893048155,Urban,No,426059.3448473043
1635,2.0,1,1999,9.329984490375617,Suburban,Yes,393840.09363468166
2159,4.0,3,1999,9.50546463684353,Suburban,No,488576.03822351195
2826,4.0,3,2017,5.415139033494321,Urban,No,636348.1573049957
2069,4.0,2,1976,6.188147068663195,Suburban,Yes,467679.0215935922
2498,1.0,2,1987,9.122840695563085,Suburban,No,538672.518780304
1304,4.0,1,1970,8.68090918541937,Urban,No,343416.9755708511
2078,1.0,3,1994,8.757566918689154,Suburban,Yes,439860.7781476353
1451,5.0,2,2007,4.346070416776751,Suburban,Yes,397386.2596130298
1261,4.0,1,1972,8.474930542142687,Urban,No,361819.8503032659
1630,3.0,1,2003,1.6237954102077197,Suburban,No,360865.71527497674
2595,2.0,1,1979,5.382680271736307,Suburban,Yes,506685.57476801646
2475,5.0,2,1965,3.1366624503551135,Suburban,No,486949.3848804417
2121,3.0,2,2001,1.3221800647360549,Rural,No,411855.30252594815
1233,5.0,2,1990,6.554897724627375,Urban,,354224.2137404816
1901,4.0,2,2020,1.685619036661906,Suburban,No,416683.8324156483
2150,5.0,2,1973,,Suburban,No,418830.3192610676
2087,,3,1969,1.7357058185847727,Urban,No,463046.48180213774
1078,5.0,3,1976,9.77542797322635,Suburban,No,290410.42208206403
1554,1.0,3,1951,1.3531482094829907,Suburban,Yes,318222.28751158016
1967,3.0,3,2009,3.4278080940102136,Rural,Yes,455481.51353355515
2268,4.0,1,2000,6.867986314809105,Urban,,544811.2869267919
901,2.0,1,1950,8.410448919128957,Suburban,Yes,204681.29701584697
1918,4.0,3,1955,6.4738317186742105,Urban,No,409723.9587243568
2071,4.0,2,1987,9.788515807186844,Suburban,No,443342.11845313595
2424,1.0,3,2003,4.039373879364767,Suburban,No,454142.2166928882
2346,1.0,3,2009,5.248049430406935,Urban,No,505161.80503557343
2291,5.0,1,1976,8.39171292327767,Urban,Yes,560106.2468658038
1600,4.0,2,2011,7.135276536279003,Urban,Yes,471552.26343010453
1045,,1,2012,,Urban,No,336085.496083332
1803,1.0,2,1984,5.4880096610706115,Suburban,No,324113.7666887379
2500,1.0,1,2007,9.783633850711954,Suburban,No,551063.4979473965
2696,3.0,3,2010,8.767208580998618,Suburban,,618611.7873832266
2355,1.0,2,1985,2.7262305781228546,Urban,No,448067.29362768104
2214,3.0,1,2005,2.6180730787891333,Urban,No,447900.1182680358
2189,2.0,3,2016,8.455550656331452,Suburban,No,494218.61999369174
1721,3.0,1,2006,2.7900505128682385,Suburban,No,424740.4709191725
1934,2.0,1,1990,5.075104538229096,Urban,Yes,454143.86200210353
2834,5.0,1,1980,2.6268277067075934,Urban,No,566774.1564496023
1528,5.0,3,1952,1.1319657583081955,Urban,No,352453.279844026
2807,1.0,2,1987,8.87863281520099,Suburban,No,558388.0787845674
1838,3.0,1,2002,8.011039979567263,Suburban,No,407063.5808861016
2662,,3,2001,5.235295863600912,Suburban,Yes,547009.9982430948
1296,3.0,1,1973,2.436211000155366,Rural,No,292551.2563719517
2292,1.0,2,1975,8.25775937385714,Rural,Yes,423657.89787897875
1631,5.0,1,2022,,Rural,No,400704.90321246407
1292,5.0,3,1986,6.957542450388073,Rural,No,354122.87455527054
2109,1.0,1,1997,3.850249993207337,Suburban,Yes,396979.95755071746
2504,3.0,1,2016,4.8905839444978305,Suburban,Yes,531849.857483706
1577,4.0,2,1990,5.819246463421536,Rural,Yes,353294.3097422256
1250,3.0,2,1998,7.8581464544037525,Rural,No,295651.03090596263
1954,1.0,2,1977,8.488617290960676,Suburban,Yes,448964.0762481794
1956,3.0,1,1981,4.991920721694917,Suburban,No,423149.59364822507
2274,2.0,3,2020,,Rural,Yes,501491.21282704076
2474,3.0,1,2020,2.3828439563022084,Suburban,Yes,543464.2167961805
1970,5.0,1,1981,4.066730841280441,Rural,Yes,422261.56912910676
2927,5.0,1,1987,8.216051375521179,Suburban,No,603633.3250988113
2112,,1,1969,3.4658364278034077,Rural,Yes,417563.51278804353
1826,,2,1957,1.427679695323369,Rural,No,325835.8691548103
1194,,2,2017,6.078484783127374,Suburban,No,361860.44322914584
1868,3.0,2,1975,1.3025226415751612,Suburban,No,414349.1080518342
1831,5.0,2,2019,8.964326267085633,Urban,No,515532.90240746026
2480,5.0,3,1997,7.102544315846061,Suburban,Yes,548781.305828134
2231,,1,2018,3.3116082131209854,Suburban,,449002.2471941311
1410,5.0,1,1995,5.22182353716377,Urban,Yes,389463.85251902445
2086,1.0,1,2007,,Suburban,No,414799.70673471957
2335,5.0,3,2019,9.241154502014691,Suburban,Yes,504648.6811145188
2764,5.0,3,2016,8.870083855540368,Suburban,Yes,603944.6597725501
2443,4.0,2,1978,1.6257836826543834,Rural,,444583.5524451755
2380,1.0,1,1959,1.73027170940078,Suburban,No,416026.8010996992
2030,,1,2020,6.379513349055694,Suburban,No,451750.3530857904
2194,5.0,3,2014,5.468464619772468,Suburban,No,502395.69379146316
2624,1.0,1,2014,3.6364336624192353,Urban,No,533016.8326872389
1333,5.0,3,1966,9.785557802739303,Suburban,Yes,394202.0144477169
1825,5.0,2,1971,7.716403630753168,Suburban,No,395093.74489765975
1613,3.0,3,1963,7.1858570355036,Suburban,Yes,420621.336098328
2189,1.0,1,1955,2.6319672349868344,Urban,Yes,407025.23717774154
2615,2.0,3,1979,3.5553779890368604,Suburban,No,487865.1528119839
1701,1.0,3,1996,6.4451681569945425,Suburban,No,367913.2356127895
804,1.0,2,1969,8.160368179292082,Suburban,No,203966.67474168382
1793,4.0,1,1965,9.379543145400119,Suburban,No,369289.8898695278
2456,2.0,1,2017,7.279541918632164,Suburban,Yes,517381.8094311035
2268,2.0,2,1983,4.7677334782108485,Urban,No,514033.4601606648
2214,,3,1950,7.219700837016011,Urban,,502356.9791904886
1860,4.0,3,1997,1.622578063330757,Suburban,Yes,426756.9676984579
1360,1.0,1,1957,6.400745252069549,Urban,No,299979.6162903333
2257,3.0,3,1971,9.051623819278026,Urban,No,548308.3232066017
1582,4.0,2,2017,6.732518636099279,Urban,No,404516.5906590416
3092,2.0,1,1983,1.0678624472051894,Suburban,No,539268.2558065553
2285,2.0,3,2009,7.250672121854198,Rural,No,422338.8814350867
1709,1.0,2,1994,7.5379971784686575,Suburban,No,412174.03095105314
1694,3.0,2,1986,5.871062376654503,Urban,No,426904.36491850927
1953,5.0,1,1972,8.344794062310429,Suburban,Yes,454170.82208707934
1880,4.0,1,1973,2.8206213955660084,Suburban,No,372940.4821837735
2558,4.0,3,1962,4.680809763086921,Suburban,No,527671.9184621188
2093,1.0,3,2018,8.268274172474865,Suburban,Yes,493578.01348840445
1634,3.0,3,2009,6.433208230087837,Suburban,Yes,415503.4942204696
2945,2.0,2,1987,9.949287231529418,Rural,No,597967.8746737533
6072,2.0,2,1997,1.6233789966741137,Urban,No,461383.34227211267
2384,5.0,3,1975,3.1988001586579022,Suburban,Yes,476298.0459197075
1695,2.0,1,1950,,Suburban,Yes,343131.1593611171
2181,4.0,2,1953,9.787530022652135,Suburban,No,423440.32688278914
2155,5.0,2,2016,8.823363904411885,Suburban,No,541468.1958251726
1055,3.0,3,1962,2.1981118974724003,Suburban,Yes,295828.47239262046
3007,5.0,1,1988,4.1842351541922636,Suburban,No,550066.5734661637
2645,3.0,2,1980,1.473374841551974,Suburban,Yes,514162.00563389936
1801,2.0,1,1973,6.69310586814979,Suburban,No,361921.44489597285
1448,1.0,2,1954,3.980752406040263,Suburban,No,256299.63729710144
2173,5.0,1,1998,3.3180784028950923,Rural,No,476463.04957534344
2043,5.0,1,1960,5.708054783718778,Urban,,430523.15005334123
2177,4.0,2,1973,8.159964165535747,Suburban,Yes,457155.4919823426
2095,4.0,1,1994,4.6352584795765415,Urban,No,462446.6947597423
2253,3.0,2,2023,7.817040020718865,Suburban,No,479229.5218612326
2723,1.0,2,1983,5.015190325040467,Suburban,No,517074.6723748307
2284,4.0,1,1960,2.9306984235031184,Urban,,460916.84528956504
1475,4.0,2,2006,5.015852226969318,Suburban,Yes,389138.54517306096
2681,2.0,1,1978,5.8424905973598555,Suburban,Yes,511585.7334948101
2820,2.0,2,1971,,Suburban,No,541836.9010262933
3576,4.0,1,1982,3.4689185828056512,Suburban,Yes,682536.1383910389
1438,3.0,2,2021,2.665919707489401,Suburban,No,361859.7103510588
2121,1.0,2,1998,9.522569781106615,Suburban,No,441958.8317067707
958,4.0,3,1972,3.6773762599283186,Suburban,No,240645.1147062017
2276,3.0,2,2018,7.3483265102428925,Urban,No,511738.9090908854
1725,3.0,2,1978,4.066249517075672,Urban,Yes,402722.62747067143
2961,4.0,1,1955,9.726787226227572,Suburban,No,527646.5890821195
1612,3.0,1,2001,9.894508896570457,Suburban,No,389874.9097792621
1155,5.0,1,1963,8.425867120662453,Suburban,Yes,331092.97308327147
1764,3.0,1,1966,6.233261785048624,Rural,Yes,353048.6978672175
1012,4.0,3,1977,5.878605906633826,Suburban,No,250430.87812504725
2375,3.0,3,1958,3.9606526322369526,Urban,Yes,488640.7672624656
967,4.0,1,2015,2.0982570454267018,Rural,No,276492.3714217322
2014,2.0,1,1953,1.7115502218047558,Suburban,No,372527.4277968958
961,4.0,1,1969,5.189027564257053,Suburban,Yes,239380.057236185
1839,3.0,1,1990,9.809098470993128,Suburban,No,436240.07095835556
2821,4.0,2,1985,3.221901202902963,Urban,Yes,603183.1272529428
2180,1.0,1,1955,4.698571718126123,Suburban,No,382019.6884573774
1568,4.0,2,2014,6.772775617758168,Suburban,Yes,430754.21162091894
1984,4.0,1,1999,4.159574407075807,Rural,No,386355.7732390639
2009,1.0,3,2013,1.032667750537408,Suburban,No,361430.71504180436
2236,1.0,3,1952,4.56595421248134,Suburban,No,389726.61095120484
1316,1.0,1,1986,8.241772937214957,Suburban,No,307247.03250574577
2296,5.0,3,1952,9.495639656960938,Suburban,No,479830.41542465513
647,4.0,3,1982,3.4758171642365174,Suburban,No,163220.29559535545
1685,1.0,3,2008,9.294810779667275,Suburban,Yes,415166.6676877551
1755,1.0,3,1964,8.804336981181915,Suburban,No,357198.14015941374
2316,2.0,2,2005,4.660514585190116,Suburban,No,506613.69671866484
2011,5.0,2,2010,1.0421003457580431,Urban,No,482055.8098168385
1297,4.0,2,2017,8.603883352511712,Urban,Yes,426162.09612829954
1507,3.0,2,2020,3.5809527767688936,Urban,No,413591.752298089
2099,5.0,1,2017,7.802979165790367,Rural,,510247.1711199089
1960,5.0,3,2011,6.143630973879042,Suburban,No,480220.2387238922
1710,2.0,3,2016,2.9949806951450966,Urban,No,448968.0100120781
1759,4.0,1,1972,6.83390521890143,Urban,No,380232.13255259104
2348,4.0,1,1963,7.883562092445798,Urban,No,535041.9351053998
1741,1.0,2,1955,5.270006419363276,Suburban,No,320071.96972913697
1955,1.0,2,1982,7.731192497261485,Suburban,No,389150.65687437984
3084,5.0,3,1958,4.644746542012323,Rural,No,565024.8175450914
1288,2.0,1,1961,9.822264148479661,Rural,,273858.4984407281
1074,4.0,3,2000,3.158276549612175,Rural,No,276965.6570947003
2391,2.0,1,1952,8.000692412019832,Urban,Yes,502068.0467350128
1660,3.0,2,2005,7.7464185135179076,Suburban,No,388654.06911820744
1840,4.0,3,1995,5.764986123361042,Suburban,No,432397.82169689966
1609,1.0,3,1985,,Suburban,No,306470.85079290177
1870,5.0,1,1962,5.011839352429356,Urban,Yes,448474.2069381309
2799,2.0,3,1962,6.66538685281619,Suburban,,527530.9037384165
7203,1.0,2,2007,5.773146702177936,Urban,No,506123.4597479122
2431,5.0,3,1983,7.853861442674279,Suburban,No,499889.7705659725
1291,1.0,1,1992,4.246136242842098,Urban,No,304952.47234515223
1424,4.0,3,1977,1.9652053147961794,Urban,No,341934.81418567983
580,2.0,2,2005,5.550357268047083,Suburban,No,203889.79334976108
1595,3.0,1,1996,,Urban,No,386406.4587289347
2478,1.0,1,1984,6.549742730985055,Suburban,Yes,493725.78753858386
2258,2.0,2,1968,5.682906238635975,Suburban,No,441927.10963281343
1889,4.0,1,2000,8.008737098491945,Suburban,No,421931.41173891653
1988,1.0,1,1969,6.177045001306924,Urban,No,420739.11425524164
1655,4.0,3,1978,4.876835870997937,Urban,No,372827.91206170217
2102,3.0,1,2021,2.0787039894030146,Rural,,390434.7022032699
2382,3.0,3,2014,2.0812723084323896,Suburban,No,512459.999761731
1192,5.0,2,1987,6.763159110467164,Suburban,No,298627.49477488117
2149,5.0,2,1998,8.926779691989175,Suburban,No,455956.29643832584
2466,5.0,2,1977,4.733088807765248,Urban,No,493625.72734719183
1792,4.0,2,1982,5.777103109979892,Rural,No,385831.6236130486
2350,5.0,1,1962,6.320912711347772,Suburban,,474697.73154783685
3407,2.0,1,1993,5.295678686776064,Urban,Yes,678077.9959055809
1947,4.0,3,2001,1.5360725380639146,Suburban,No,430769.27527594735
2196,4.0,3,1990,6.3022538494141935,Rural,No,442559.3274072922
1630,5.0,3,1998,2.2339220261856303,Urban,No,406544.29886353144
2090,5.0,1,1956,6.002236082674405,Urban,No,417895.76911084756
2230,4.0,3,1985,7.978395549334997,Suburban,No,498518.9294567791
2097,3.0,1,1975,1.0490322495230993,Suburban,No,404807.2047209889
1490,3.0,2,1976,4.874286845749202,Suburban,Yes,328441.2450974852
2103,5.0,1,1973,7.711212638033535,Suburban,Yes,498075.14807272033
2731,3.0,2,2020,5.756825856979068,Urban,No,567174.0834795338
2224,2.0,3,1982,3.1177612879690795,Urban,No,471902.86587638175
2480,2.0,1,1967,7.278106702506009,Rural,No,406563.29878812155
1881,2.0,3,1954,8.051251300965031,Rural,,337553.10526668176
2374,,3,1950,4.26272711442769,Rural,No,395267.3572764119
2139,4.0,2,2020,3.676605860502885,Rural,No,474960.0195662979
1524,,3,1952,5.906243319718262,Rural,Yes,377201.1778702303
2159,4.0,1,1985,4.288807396947346,Rural,No,402680.1129168627
1504,4.0,3,1984,8.523432381712926,Suburban,No,360790.67579543445
1683,5.0,2,2000,8.01145104435209,Suburban,Yes,485617.7559862922
2094,3.0,2,1961,3.806991142835406,Urban,No,418527.2534942311
2148,5.0,3,1964,5.112807084288148,Urban,No,507205.516710654
1405,3.0,2,1953,9.005391159888513,Rural,No,314036.7490489335
2526,5.0,3,2005,2.3263896568078177,Suburban,Yes,559666.1910416412
2286,2.0,2,1965,7.788088824024473,Suburban,Yes,499682.32327416295
1647,1.0,3,1955,3.851235161574377,Suburban,Yes,344766.858198168
1231,4.0,3,2012,2.075293096293992,Suburban,No,300654.2442178797
1927,1.0,1,1972,,Urban,No,367820.18005431484
1777,1.0,1,1993,3.486586008345875,Rural,No,321452.02637253475
2056,2.0,3,1950,5.932716246422757,Suburban,No,376312.0143096116
1818,1.0,1,2006,9.171009137999029,Urban,Yes,476572.2690661434
996,1.0,1,1976,3.72695370748458,Urban,Yes,256095.47102577283
1805,2.0,2,1974,2.793050387753503,Rural,No,345448.49795390625
1847,3.0,1,2011,5.307894885786768,Urban,No,438556.90394984063
2316,5.0,2,1967,2.4096593687446712,Rural,No,446150.68249243515
1650,1.0,1,1979,3.4452172263773533,Urban,No,334821.00929042435
2839,4.0,1,1979,,Suburban,No,601172.2937078429
1044,2.0,3,1996,6.022455178598363,Rural,No,300801.97975248203
2655,1.0,1,1971,8.055187908274835,Rural,No,457717.6821814092
1887,3.0,3,1991,2.906291026028115,Suburban,Yes,409490.95466075564
2429,3.0,3,1983,5.6806154920107925,Suburban,No,477527.4330272264
2039,4.0,3,2012,5.594761176858018,Suburban,No,485777.5583527201
2569,1.0,3,1953,8.314010619592533,Urban,Yes,526774.619885094
1806,4.0,1,1980,,Suburban,No,359559.86513834685
1450,3.0,3,2000,8.74431726603255,Urban,No,390145.34459354647
2710,3.0,1,1999,1.7163544030195637,Suburban,No,543403.9759464716
1943,5.0,1,1963,9.249367108376491,Suburban,No,437959.97025148495
2110,3.0,2,1957,2.285555953997087,Urban,Yes,449522.1154996891
2617,2.0,2,2018,5.790145508356712,Suburban,No,565431.6133746239
4452,5.0,2,1957,1.8945174227262525,Rural,No,297260.3402529242
2297,4.0,3,1960,5.0247220168421105,Urban,No,512392.2163005819
1705,3.0,1,1978,3.6935095242240052,Suburban,No,357573.2693127309
1933,2.0,1,2004,4.780856654177689,Urban,No,429317.0133106608
2036,,3,1988,5.905301420465196,Suburban,No,456119.6662893241
1249,2.0,2,1962,5.134947764041767,Urban,Yes,305846.4520556579
1610,5.0,2,2013,1.2084654411876572,Suburban,Yes,385345.9736447699
2675,5.0,1,1998,8.77107831804481,Urban,No,575573.9419096299
2443,5.0,1,1968,1.8545898814894137,Urban,No,446150.1716558658
1968,4.0,1,2016,9.825646522831489,Rural,No,454871.37465789245
2121,5.0,2,2001,8.66186742829203,Rural,No,481270.0800108798
1852,5.0,1,2020,6.052377277868019,Suburban,Yes,439098.21223261673
2678,2.0,2,1969,3.206739483185398,Suburban,No,460021.09637938364
1899,5.0,2,2003,1.7762154072526228,Suburban,Yes,436412.723619149
2115,4.0,2,1954,,Suburban,No,444316.4932026478
2573,2.0,3,2011,2.813584540904407,Urban,No,532161.3777132019
1611,5.0,3,1966,7.5989825548325785,Suburban,Yes,411398.6377121417
2779,2.0,1,2002,8.492574507399643,Rural,Yes,587598.617132852
1234,4.0,2,1986,9.900686141618088,Urban,Yes,350692.5722031375
2814,2.0,1,1968,5.5379398842771925,Suburban,No,551931.814311146
1813,,2,1959,9.772047742416854,Urban,No,461518.08920981735
1878,3.0,1,1993,2.3438772919510082,Rural,No,372848.09593769134
1054,5.0,1,1998,8.52622303152237,Urban,Yes,402821.60010406567
1772,4.0,3,1986,4.238218046471278,Suburban,Yes,419456.29380299133
1480,5.0,3,2007,4.28331029279738,Urban,No,390159.8083722773
1696,4.0,3,1964,3.4178275499835276,Suburban,,339344.09371757053
1931,1.0,3,1969,2.560694755031322,Urban,Yes,390039.76592796756
2478,1.0,2,2004,4.979945388192523,Urban,No,539587.3131176298
2103,1.0,1,1962,9.885580980249678,Urban,No,462723.6487482756
2153,4.0,1,1969,3.96916339915554,Urban,No,482410.213244771
1452,5.0,2,1992,5.149735915823678,Suburban,,364634.09291343414
1559,1.0,2,1990,3.056539219106261,Suburban,,364469.85290461784
2899,5.0,1,1997,4.034081538728694,Rural,No,555122.9146707935
1632,4.0,3,2005,1.4962706350754011,Suburban,No,416200.16569631675
2828,5.0,3,2017,9.604311063598853,Suburban,No,630898.675302244
1878,5.0,3,1993,5.588219861593679,Suburban,No,422677.8344278558
2001,1.0,2,2022,,Rural,No,448983.7412099085
2535,2.0,1,1996,5.619605736171952,Urban,No,531224.9707406954
2635,3.0,2,1999,,Suburban,No,495430.71187237406
1944,4.0,1,1981,5.8068136967170485,Suburban,No,412318.1797300671
1805,4.0,3,2003,7.313902122342997,Suburban,No,407562.0353740765
1972,4.0,3,1988,7.163208989087666,Suburban,No,448191.10731572594
2168,3.0,3,2007,5.802066701420204,Urban,Yes,534823.5365854355
2445,2.0,1,2010,,Suburban,No,471508.0028064011
2002,,3,2021,2.906629992236833,Urban,No,496451.91093601077
2309,,1,1968,8.868746035912743,Suburban,,494630.68753437686
2819,5.0,2,2018,2.0861792434665514,Urban,No,597966.135548919
2190,1.0,3,1971,6.033175472980584,Urban,No,453980.6641418901
2155,,2,1984,5.5228152144490394,Suburban,No,385362.60164926085
1240,1.0,2,1959,,Urban,No,291527.58896930853
684,4.0,1,1964,2.2185338983616707,Urban,No,234113.9967817392
2194,3.0,2,1951,7.185683819313128,Rural,No,402019.2682129209
1952,4.0,1,1971,6.452660235966185,Urban,No,427336.1797515671
1742,1.0,1,1961,7.310768649199487,Rural,No,324622.1785178012
2121,1.0,2,2011,6.591031160522498,Suburban,No,427061.0513578
1969,4.0,1,1994,6.06292646871492,Suburban,Yes,430212.41558110283
2563,,1,2007,9.33641423714231,Suburban,No,545767.8410715556
2043,3.0,1,1969,4.137918116609873,Urban,Yes,438353.8457785008
1626,5.0,2,2000,2.6621887124036263,Suburban,No,384533.2787801072
2495,2.0,1,1956,8.158655160860386,Suburban,Yes,494516.97891051124
1891,1.0,3,1973,2.1672231686964,Suburban,No,369857.7619707528
2263,3.0,2,2016,7.1175035067653205,Urban,Yes,519572.0343852841
1761,1.0,2,2019,5.946041819315997,Rural,No,359489.5706364655
1675,2.0,1,2002,1.0115502690644225,Rural,No,348180.59496648074
2042,1.0,2,1983,3.158760249793403,Rural,No,382872.3643405248
2006,3.0,3,1982,5.46313518037266,Urban,No,459319.5743768706
2239,5.0,2,1972,3.96743433934659,Rural,,456539.65735179454
1865,4.0,2,2007,4.842025983454793,Suburban,No,465253.7208061099
1081,4.0,2,2017,6.411430342474592,Urban,No,388219.437847671
1783,3.0,1,2018,7.57742970897471,Rural,No,472499.5046133531
2396,3.0,3,1989,2.3608670966373513,Urban,Yes,537035.0788721121
1851,2.0,3,1996,3.5462127169344586,Suburban,No,395732.46873721736
1876,1.0,3,1992,6.728414354931102,Urban,Yes,432572.2774482169
2493,2.0,2,2010,6.295965991978667,Urban,No,553491.5574603375
1644,4.0,3,1991,7.631633556105231,Suburban,No,428454.02416866156
1228,1.0,1,2011,,Suburban,No,316480.49982727034
1919,2.0,2,2016,3.9713547704881957,Suburban,No,405801.10564066377
1757,4.0,1,2004,5.493122471527078,Suburban,Yes,429719.3419693433
1516,1.0,2,1998,8.962675965132085,Suburban,Yes,390843.85035567736
1912,5.0,1,1998,2.6748080327678405,Urban,No,449143.7726750648
2245,5.0,2,1982,4.390703128860094,Suburban,No,500720.89256942814
1995,2.0,1,1977,8.575559207455704,Urban,No,424201.35772215604
2153,3.0,3,2006,4.277747983566142,Suburban,No,452853.47730502015
2906,1.0,2,1990,,Urban,No,578757.6905177918
1828,2.0,2,1953,3.873005593684918,Suburban,Yes,377304.34531806357
2139,3.0,1,1969,9.095729747847482,Urban,Yes,489473.3172036092
1745,3.0,1,1984,6.97007113444295,Suburban,,374792.9520594178
1576,1.0,1,2002,2.879010370377925,Suburban,No,348965.8651578192
1707,,2,1988,7.746707884616451,Suburban,Yes,422214.0823256586
1760,3.0,1,2002,1.346640330760152,Suburban,,393916.26127534325
2179,4.0,3,1959,4.567676529694814,Rural,Yes,458457.823892178
3174,2.0,1,2014,9.187927814291536,Rural,No,594205.2183313052
1641,1.0,1,1950,,Suburban,No,356215.2387358961
1791,3.0,1,2002,8.1378615976809,Urban,No,454821.5177767803
1968,4.0,3,1995,9.381836139832199,Suburban,Yes,467701.5125517961
2197,5.0,1,1975,7.970964037144464,Suburban,No,460155.71764183254
2131,3.0,1,1951,1.7972557919124177,Urban,No,436397.972425133
2642,4.0,2,1977,3.0757813334522743,Suburban,Yes,557823.2068088223
786,5.0,2,1976,5.499948203091267,Suburban,No,246903.5365487321
806,4.0,1,1977,1.124720098925942,Suburban,No,248302.68213362887
1752,1.0,2,1980,6.621377329174193,Rural,Yes,379058.27911914774
2548,,1,1996,6.915201818382365,Suburban,No,518460.29973742896
1217,5.0,1,1956,7.268036150865637,Urban,No,327280.6098413809
496,,3,2021,6.001523187393339,Urban,No,312308.4141025735
2285,5.0,1,1997,5.071413746661706,Suburban,No,496356.46293462074
2121,2.0,2,1975,8.699933560026324,Rural,No,458547.87852812296
1454,3.0,2,2004,7.905994455576246,Suburban,Yes,361283.07262561633
1507,1.0,2,1956,6.511225754449185,Suburban,No,289850.930117185
1515,,2,2006,1.4141232349606354,Rural,Yes,377124.04345527577
2055,4.0,1,2007,7.2453607816203,Suburban,No,459811.73444210575
1686,5.0,3,1950,6.023448902415227,Rural,No,335967.3894142751
2247,4.0,3,2021,7.241403222029168,Rural,No,496461.09103440476
572,,1,1978,3.802688101160497,Suburban,Yes,228196.01275404973
1571,1.0,2,1971,7.992869152648748,Suburban,No,356597.6032004552
1436,1.0,3,1989,4.761435229754788,Suburban,No,332605.12823679345
1871,3.0,3,2011,9.05021629487131,Suburban,No,447951.6829835154
1730,1.0,1,1963,1.936093722290816,Suburban,No,271980.0688969672
2398,5.0,2,1951,5.360943533334097,Urban,No,518135.1405291734
1070,5.0,3,1984,2.851639081165264,Suburban,No,280595.0796921398
2022,1.0,1,2020,5.08122862236071,Urban,No,453265.31678535027
2279,2.0,3,2016,4.1838781902263875,Urban,Yes,542274.6948356366
2928,5.0,3,1971,,Suburban,,582514.2881359964
1759,3.0,2,1967,2.504523589440976,Urban,No,392651.75808011857
2162,2.0,2,1995,6.388458719289242,Rural,No,458631.99642783124
1098,1.0,3,2012,4.658360101927076,Suburban,No,301246.8431031182
804,4.0,2,1985,5.662676365403052,Urban,No,253340.3418875524
2422,5.0,3,1995,7.429631400492569,Suburban,No,541899.8375314719
1997,4.0,3,1986,4.213910652629714,Suburban,No,419487.2477236718
2589,3.0,3,1967,4.303476188474947,Suburban,No,492530.3863208604
1313,2.0,1,1992,1.6912240984296356,Suburban,No,285372.49043922115
2259,4.0,2,1978,5.9675344593362345,Rural,Yes,464066.93503485044
2934,3.0,2,1967,4.752138226356198,Suburban,No,540646.6589605745
2209,4.0,3,1964,8.310603204447357,Rural,No,428035.83355818316
2138,4.0,2,2008,4.953377744595603,Urban,No,488770.833103172
2004,3.0,3,1977,9.737174890693769,Urban,Yes,521215.60591093416
1214,,2,2002,2.5460696841226547,Suburban,No,370252.5299252619
2677,4.0,2,1964,3.4035523811653885,Suburban,Yes,495774.76220179844
1694,3.0,3,1992,4.527221662008532,Suburban,No,407189.831060522
2252,4.0,2,1982,2.533787656797702,Suburban,No,457216.2080126911
1218,5.0,3,1951,9.750853535584,Suburban,No,330627.57526998105
1410,3.0,1,2008,6.768643595098392,Suburban,No,385114.0492440704
2717,4.0,3,1957,1.10079125999389,Urban,No,523679.4942126581
1826,1.0,2,1982,6.2065890507853885,Urban,No,408177.6160499094
2726,5.0,1,1984,8.03124188940998,Suburban,No,587355.1881602085
1960,4.0,1,1967,1.461700788347827,Suburban,No,380354.794953784
1079,2.0,3,1970,6.201308537289305,Suburban,No,259957.658776369
2446,3.0,1,2013,4.368807245653627,Suburban,Yes,500519.831055144
1705,4.0,3,1977,6.233291501878922,Urban,,403092.1484281465
2349,5.0,2,1994,3.27345344812904,Rural,Yes,486198.93874981767
2012,5.0,3,1969,6.994148968119774,Rural,Yes,435907.55906474846
1228,2.0,1,1953,7.041994980675261,Suburban,No,258835.78881929058
2082,2.0,3,1985,5.855549340191978,Urban,Yes,451517.0630105842
3098,4.0,3,2001,9.313784190645942,Urban,Yes,649683.4312639758
2246,1.0,2,1988,9.185315415716735,Urban,,463982.30619790946
1971,5.0,3,2020,1.4278122316185429,Urban,,457520.33878473507
2537,1.0,2,1961,3.6090447958642797,Urban,No,514313.44678632397
2105,1.0,1,2004,4.278329776621474,Suburban,No,393956.30662573664
2104,,1,1997,1.4974162574263923,Suburban,Yes,443667.0692282115
1454,3.0,3,1958,5.712736624560731,Urban,No,358599.69376454613
2116,3.0,3,1961,1.221234712503468,Urban,No,469345.53458816826
2517,3.0,1,2018,7.102619007576538,Suburban,Yes,548722.6203878727
1581,2.0,1,2006,1.0241961300932616,Rural,No,322307.0850799962
2712,5.0,1,1977,1.28742934172757,Suburban,Yes,558014.5504508328
1954,2.0,3,1966,8.503778556204669,Suburban,No,426415.3908476288
1556,5.0,1,1971,3.273483896248265,Suburban,Yes,365123.4459444679
2498,5.0,3,1984,1.7310604438053236,Suburban,No,493494.08387112914
1856,5.0,1,2008,4.595198784123472,Urban,No,489737.50708964054
2379,4.0,1,1968,1.458538404426623,Suburban,No,448390.5239294474
1854,3.0,3,1999,7.753691564624553,Rural,No,399400.1608535857
1970,2.0,2,1975,5.44732540733913,Rural,No,356807.93508665566
2246,,3,2009,5.967392314648118,Rural,No,461134.8830884446
2145,4.0,2,1993,7.777109764278768,Suburban,Yes,531785.9179866349
1002,5.0,3,2005,8.060126391983143,Suburban,No,342170.18545839586
1439,,2,1992,2.226326089884713,Suburban,No,337297.8423126197
2464,1.0,2,1972,3.522516568735653,Urban,No,481885.92161178257
1933,1.0,2,2023,,Urban,Yes,461433.45729806385
1738,4.0,3,1971,1.4863481089086492,Suburban,No,365780.2656445031
1320,3.0,3,1996,5.837656526666567,Suburban,No,356925.8665959091
1460,1.0,3,2004,,Suburban,No,306566.68899591954
989,1.0,2,1960,2.3858288438831767,Rural,Yes,233860.50748413915
1949,2.0,2,2004,5.5913254137815285,Urban,Yes,474841.50632442633
1700,3.0,3,1975,,Suburban,Yes,400655.6277674702
1516,1.0,3,1950,7.948920474354539,Urban,No,360944.33893191314
1965,2.0,1,2011,1.1574407877147557,Urban,No,459695.52626498195
2181,3.0,1,1970,5.736561027198904,Rural,No,411926.6195167577
3046,5.0,1,1957,3.4036396839935303,Suburban,No,532963.0399198951
1244,3.0,1,1969,9.924316585110143,Suburban,No,256274.21345257355
2579,4.0,1,1994,2.4124301592603636,Suburban,No,505051.97478473996
2486,2.0,3,2014,4.940611900252961,Suburban,Yes,531194.0287309748
1610,5.0,2,2009,9.730236901778044,Suburban,No,441690.2707978983
2101,2.0,2,2016,2.917874749992216,Suburban,No,425034.56663713884
5313,2.0,3,2005,8.262078298898466,Suburban,No,437443.261086821
2092,1.0,3,1980,3.1873543843260026,Suburban,No,444224.62167990475
2754,3.0,3,1971,1.677372713347257,Suburban,No,498246.4369905841
6906,2.0,1,2011,1.3847966696981575,Urban,No,509894.544179431
2254,,1,2005,9.538648973448133,Suburban,Yes,525401.3008454628
1784,4.0,1,2021,2.916040643355655,Urban,Yes,490398.42422720586
1257,4.0,3,1957,3.627594882448925,Suburban,No,314268.44739064854
1895,4.0,3,2011,9.702189374342025,Urban,No,522178.6440172287
2603,2.0,2,1973,6.9165207543477605,Suburban,No,507005.9207839542
1236,5.0,3,1971,5.393142581233253,Rural,Yes,338420.04206279747
1472,3.0,1,1964,4.9187949194452205,Suburban,Yes,325494.62218852167
2063,2.0,2,1977,1.4370782663918407,Suburban,No,413910.217784791
1507,1.0,3,1971,8.55050341466186,Rural,No,355398.5311505032
1603,5.0,2,1980,7.858325090770311,Suburban,No,361229.508489075
1788,5.0,2,2022,1.8162778314053591,Urban,No,430825.9620526694
1317,3.0,3,2011,4.181114441719679,Suburban,Yes,353815.6669597113
1512,5.0,1,2018,8.968689251420797,Urban,No,458266.27225972066
2351,3.0,1,1988,3.127972918503311,Suburban,No,449406.6014634917
1346,5.0,2,1989,6.501104466976653,Suburban,No,361344.04103034834
1201,3.0,3,2018,5.391423144241626,Suburban,No,344266.994681308
1684,4.0,3,2004,8.366695422654256,Urban,,458291.36660876166
2365,4.0,1,2020,1.3244815370111838,Suburban,Yes,485348.6426431623
1901,5.0,3,2013,8.345323793457743,Rural,No,500776.89391535934
1767,5.0,3,1957,2.22147254839187,Rural,Yes,374160.4211032373
2022,3.0,2,2020,1.1356526161053797,Urban,Yes,498525.30810386105
1127,3.0,3,1993,6.35950718944158,Suburban,No,327745.53276442137
2247,2.0,3,1987,3.3277697550434047,Rural,Yes,460379.30548551015
2191,4.0,3,1970,7.383496050471507,Urban,Yes,499860.65835153207
1795,2.0,1,1953,5.2280485898406654,Suburban,No,366314.84998173977
2502,2.0,1,1981,6.4497163637578625,Urban,No,514791.02087070106
1436,1.0,2,2004,7.207356952833172,Suburban,No,372810.9706266849
2563,,1,2009,9.342351311711308,Suburban,Yes,550136.6921811339
2077,1.0,1,2008,8.407993354000908,Suburban,No,441265.20993523806
1831,1.0,1,2016,5.456008041124863,Rural,Yes,407570.213004476
1990,2.0,1,1954,4.942142936961658,Urban,No,386676.6529504744
1946,1.0,2,2021,6.892084761545009,Suburban,Yes,434634.766160968
2610,,3,1986,7.601807099932828,Urban,No,548230.3166349805
1461,2.0,3,1976,,Urban,Yes,377674.72819706384
1618,3.0,3,1962,1.2927204603811044,Urban,No,377383.4647982527
2518,5.0,2,1955,5.091875666335445,Suburban,Yes,508672.4313367901
1702,1.0,1,2014,1.8950781004820967,Rural,No,326753.5423746181
2450,2.0,2,1979,3.4546016581700627,Rural,Yes,450063.5769954435
2849,4.0,2,2001,6.262656394266957,Suburban,No,581787.4207922684
1799,3.0,2,1990,2.363068296671613,Urban,No,397157.45374698035
2340,,3,1964,1.2564373620534162,Urban,No,465865.13397503056
1423,3.0,1,1954,5.99140715429885,Suburban,No,307992.3813830935
2377,3.0,3,1964,5.196047952403862,Suburban,No,483600.82580101094
2099,5.0,2,1950,3.7567276025854404,Urban,No,442043.63650523504
2236,3.0,2,1964,5.219072296607322,Urban,No,516984.1697354013
1677,5.0,3,2009,,Suburban,,439575.8235781122
1169,5.0,3,1997,1.9810066255664673,Urban,No,309943.945758088
2251,5.0,3,2003,3.3012049938093746,Rural,No,479183.3785150729
968,1.0,1,2004,8.154644013419794,Rural,No,241949.3246173754
1841,3.0,3,2021,7.031104236575779,Rural,Yes,481090.6261015646
2470,3.0,1,1976,3.3962817107852716,Urban,No,481953.5220025812
2095,5.0,1,1979,4.583354871093045,Suburban,No,473111.6351612862
2974,3.0,3,2009,2.077746886483448,Suburban,Yes,569923.0470776918
2512,3.0,2,2015,3.2781484642988774,Rural,No,487689.24859461153
1673,5.0,2,1995,8.570366568592826,Suburban,No,397359.43365983
2013,4.0,1,2001,4.9636957936757256,Rural,No,428996.4536017813
1976,4.0,1,1984,6.762635626771969,Urban,No,487260.3240277419
1208,5.0,1,1991,2.4376732364692675,Suburban,No,292448.0745404949
1529,1.0,2,2005,2.649750975869967,Urban,Yes,353525.0770577696
1719,3.0,1,1994,9.468290075712426,Suburban,No,416152.8733994892
981,3.0,1,2001,8.572902306715196,Suburban,No,290588.19513232395
2023,4.0,2,1972,8.11297683255658,Suburban,Yes,435380.9774684941
1875,5.0,3,1978,3.966312554252386,Suburban,No,408269.74527071003
1163,1.0,2,1978,6.064803859328897,Urban,Yes,332821.0963359942
2202,5.0,3,2006,5.431069555145039,Suburban,Yes,535577.5599784733
2357,4.0,3,1968,9.60607591057473,Suburban,No,480262.06507844967
2113,4.0,1,1957,3.1567098721990865,Suburban,Yes,432630.620322534
1837,3.0,1,1999,9.525096785265106,Rural,,399247.9246208169
2295,2.0,3,1956,7.361653946948785,Suburban,No,438575.5362880164
2340,1.0,1,1960,4.723223903810283,Suburban,Yes,428715.7845078632
2153,1.0,3,2016,3.3971937516028703,Rural,No,416955.4243355287
1587,2.0,1,2015,7.816180255237984,Suburban,Yes,432278.09507748834
2138,4.0,2,1977,8.40641434062459,Suburban,Yes,440227.9562863002
2597,5.0,3,2005,4.217746440958816,Suburban,No,558469.0142578962
1701,1.0,3,1977,2.5469192002294188,Suburban,No,364842.5629435805
3048,2.0,1,1989,5.43020119408374,Suburban,No,535826.7971587236
1737,3.0,2,1951,5.216520973092715,Urban,Yes,397407.71762149537
2016,3.0,1,2010,7.528623246874564,Urban,No,488605.61073211336
1663,4.0,2,1974,9.758663687292966,Rural,No,398783.96198357164
2111,1.0,1,2003,5.781539759375949,Urban,,434826.63231744233
1128,5.0,3,1966,,Urban,Yes,396253.367918793
1726,1.0,2,1997,4.155216888298995,Suburban,No,366114.87033229467
1453,3.0,2,1961,6.396172687396834,Suburban,No,350013.9994852153
2067,,1,2010,2.0379513894860786,Urban,No,474718.86023028835
2497,3.0,2,1951,8.334406751188725,Suburban,,442212.73471511714
2323,2.0,1,2014,4.098918062211019,Suburban,No,467138.77867154725
814,2.0,2,2001,1.7203721278719506,Suburban,Yes,270320.94868083234
3021,3.0,1,1983,9.915052444704948,Rural,No,565206.983488442
2147,5.0,1,1994,9.116094060740451,Suburban,Yes,519524.2906543776
1611,5.0,1,1950,2.7769001110811895,Suburban,Yes,337754.6689968183
2078,1.0,3,2001,4.268816652541203,Rural,No,413022.0709541806
2088,3.0,2,2016,9.43045926892864,Urban,Yes,506644.53005488304
1666,4.0,3,2005,8.166958550426969,Suburban,Yes,432907.6644655261
2098,5.0,3,2007,9.157709986977444,Suburban,Yes,498284.03971233853
1696,5.0,3,1999,6.062948005990571,Suburban,Yes,435385.31185217603
1797,2.0,3,1974,3.1880459842308824,Rural,No,350712.9487694072
1656,,2,1961,3.043481746039749,Suburban,,395988.4621987874
1283,5.0,2,2022,5.731031667137868,Urban,Yes,418237.9215941098
2072,5.0,3,2014,9.315999740236272,Urban,Yes,528987.8904019434
2292,3.0,2,2005,6.684282844324121,Urban,No,532437.9272548564
2257,3.0,2,1999,1.3095147591254062,Urban,No,456988.4060707629
2409,2.0,1,1977,6.044281552002021,Urban,No,484591.8438955602
2162,1.0,2,1952,6.475967907591354,Suburban,Yes,418243.61364532536
1733,5.0,3,1987,6.2339952951756,Rural,,367402.9245547133
2419,1.0,2,2013,7.219685563539562,Urban,No,520150.11499891913
1321,3.0,3,2003,3.641624559529296,Urban,,352646.17307782493
1549,5.0,2,1985,2.293887777748153,Suburban,No,332698.1700042397
1517,1.0,3,1993,7.750437660531593,Rural,Yes,383083.91514263296
2540,1.0,2,1993,2.7671777914474567,Rural,No,448072.4154855812
2471,4.0,2,2018,2.027430643770844,Suburban,No,493843.15140315227
2243,3.0,2,2002,4.234394688977465,Suburban,,506140.19626979734
2535,2.0,3,1962,,Rural,No,499092.6948651519
1560,2.0,1,1993,1.738974771233726,Urban,No,359755.3527723423
2174,4.0,3,1953,2.7600522286735076,Suburban,No,389059.9411879348
1937,1.0,2,2019,5.277334404274551,Suburban,No,456450.1042477611
2423,4.0,3,2000,3.588822741442086,Suburban,No,500184.082915385
1942,4.0,2,2019,7.4949490803290875,Suburban,Yes,471042.4298458248
1807,3.0,2,1960,7.074121840599542,Urban,Yes,408255.7650425353
2270,5.0,1,2003,8.582647267058029,Rural,Yes,516227.5536333056
2438,1.0,2,2011,2.8345885772424846,Urban,No,496431.0512122536
1665,2.0,2,2008,6.840268790562928,Suburban,Yes,398449.0237155698
1969,2.0,2,2010,7.972610508387421,Rural,Yes,411367.37662383064
1470,4.0,1,1989,1.564004105009901,Suburban,No,305740.0855410771
750,4.0,3,1953,1.3314064840245452,Rural,Yes,210507.11831823096
2100,4.0,1,1976,6.033325042547028,Urban,No,463005.0783350325
2304,1.0,3,1965,6.290692912595738,Urban,No,447246.9755833019
2131,4.0,2,1956,4.535278837353179,Urban,No,440082.538179792
1025,4.0,3,1960,1.3246598268662553,Urban,No,267474.7771501493
1824,5.0,3,2021,4.617296383221294,Urban,No,456237.97632879915
890,1.0,3,2013,6.778796870270963,Suburban,Yes,281247.4560589916
2684,3.0,3,2001,7.31692377159839,Urban,Yes,594884.1577696056
1456,3.0,2,1955,5.435123265486509,Rural,No,249709.39861595377
2627,5.0,1,1997,5.725224796831254,Suburban,No,540585.489559382
2472,2.0,3,2018,7.054068483033014,Suburban,,520088.9799329233
1549,3.0,2,1955,5.043721437476385,Rural,No,297352.66108909954
1433,1.0,2,2010,3.3716345381081716,Rural,No,321691.1135329541
2175,2.0,2,2015,3.0067289923856233,Suburban,Yes,484661.58532533166
1577,,2,2022,,Urban,No,428002.2466406696
2051,1.0,3,2002,5.387937729676931,Suburban,Yes,458168.25000787067
1758,2.0,1,1977,6.616773957890678,Suburban,Yes,376083.4524166243
1109,,2,1954,5.2399521301150225,Urban,No,316755.0846730515
884,4.0,1,2007,8.369536747814392,Urban,No,341003.7055272074
2113,4.0,1,1973,5.471626129551121,Suburban,Yes,446836.8447230055
1719,1.0,1,1980,9.892491615309595,Rural,No,345972.7046941202
1723,4.0,2,1990,3.1834415324761576,Suburban,No,369448.1818494894
2347,2.0,2,2017,2.2467401851200774,Suburban,No,470726.6376567914
2586,5.0,2,1995,4.362368670223285,Rural,No,478985.7238899004
1863,3.0,1,1959,9.267909496639394,Suburban,No,392798.3671643026
1829,1.0,2,1986,8.670813385319581,Suburban,Yes,392550.5032441448
2250,5.0,2,1970,,Urban,No,485293.2886394271
1321,,1,1970,6.397278113763919,Suburban,No,305427.89779615996
2111,1.0,2,1959,6.300457646708959,Suburban,No,404291.483716153
2275,2.0,3,1973,,Urban,No,477951.213803706
2340,3.0,3,1961,3.118435112670678,Urban,Yes,494503.0992676391
1031,1.0,3,1969,4.510445377620894,Suburban,Yes,260907.846006955
1619,5.0,3,2019,,Suburban,,406709.6610373629
1560,5.0,1,1957,2.725435373973065,Rural,No,311195.7946764352
2049,1.0,2,1954,5.011510947611026,Suburban,No,362053.72960302874
2240,5.0,3,2003,,Suburban,No,497925.5685728324
2748,1.0,3,1985,9.452122513969357,Rural,Yes,526043.7665263212
1752,1.0,2,1987,3.7317021514437134,Rural,No,321857.1517360092
1751,3.0,1,1952,1.1768191541931818,Urban,No,343925.8049405622
2574,1.0,3,1985,7.243581182882898,Rural,No,488549.1222085856
2148,,2,1971,7.8021235216207625,Urban,,513475.6298595231
2633,4.0,2,1957,7.327291522831287,Suburban,No,506836.64775843767
2144,3.0,3,2010,7.306650830687681,Suburban,No,523721.0440705905
1421,5.0,3,1956,,Suburban,No,316718.5589990123
1333,5.0,2,2017,1.1679472403263176,Rural,No,359801.3566933823
1224,3.0,2,2011,7.569261778122249,Suburban,Yes,341007.34950551833
2331,3.0,3,1968,9.428681701457082,Suburban,No,477481.0547609394
2594,5.0,3,1996,2.4164771998182903,Urban,No,548462.7880270088
2924,4.0,3,1973,1.6112283317521057,Urban,No,568384.1860516686
2421,2.0,3,1955,3.3868475971321024,Urban,Yes,499484.42512208316
2581,5.0,1,1957,8.648144675318832,Rural,,491788.09395602497
1709,3.0,2,1974,1.955324600985409,Suburban,Yes,359791.5266969352
1421,1.0,3,2023,7.436515606067594,Suburban,Yes,409774.6428868875
2425,1.0,2,1990,1.5665269076909576,Urban,Yes,475693.10452623153
2208,3.0,3,2007,1.295101135718516,Suburban,No,435269.169901839
2053,3.0,1,2009,9.021716884506016,Rural,No,414763.48845149786
2193,2.0,2,1952,7.935042096692548,Suburban,No,417191.4876734709
2161,3.0,1,1958,6.387265440856164,Urban,No,447063.2644808458
2641,1.0,2,2001,2.547957283972516,Urban,No,487478.79131269467
2647,4.0,1,2007,3.5096376190024383,Urban,No,541406.7551803286
2272,3.0,3,2009,1.4374404174542612,Urban,No,494239.3890284292
2422,2.0,3,1998,6.808265675804411,Urban,No,550234.8149412432
2257,4.0,1,1954,7.1747723847096,Urban,Yes,526977.9777260652
1769,2.0,3,2011,,Suburban,,421914.9632424736
2378,4.0,1,1981,4.045746852579397,Suburban,No,522127.48692923854
1302,3.0,1,1976,6.660798818233633,Urban,No,325518.8655902042
2526,1.0,2,1973,9.510982870868771,Suburban,Yes,513965.35476980417
1402,4.0,1,1987,4.552384836320573,Suburban,Yes,361813.26535940764
2142,5.0,2,2016,5.4423134692221495,Urban,No,506836.8226687191
1577,2.0,1,1965,7.28448373719348,Urban,Yes,385961.79331058677
2276,4.0,2,1964,4.080888599332857,Urban,No,462843.23121644283
1983,,2,1974,8.819724886803694,Urban,No,430904.5498542963
1202,1.0,3,2021,8.615633957757836,Suburban,No,317122.6746107759
2210,2.0,2,1953,7.068546843397531,Rural,No,394618.88768808957
1711,2.0,2,1981,5.832312394676293,Urban,No,407934.8068247689
2440,5.0,1,1994,9.85168833667371,Rural,Yes,506158.5076941582
2000,2.0,2,2005,7.321424679092312,Rural,Yes,427668.8133431985
2197,4.0,3,1984,6.789039440911202,Suburban,No,461598.45634711
1521,2.0,1,2002,8.89136146290063,Rural,Yes,366858.83587781637
1705,3.0,2,1979,5.994916067253353,Suburban,No,364184.7613290898
1770,2.0,1,1998,3.1863120114416246,Urban,,392280.8845647303
2428,3.0,1,2001,2.239950547424953,Urban,No,517289.38558119605
2838,2.0,1,1951,5.239289328988128,Rural,,468610.46338736615
1597,2.0,1,2008,5.640887404437846,Urban,No,401951.199048212
2538,4.0,1,1986,8.449248133100316,Urban,No,566047.2320508602
915,3.0,2,1978,2.2552705700546576,Rural,,225089.177778404
1402,3.0,1,1979,7.131072015819146,Suburban,No,311888.2870609602
1520,5.0,1,1971,3.7371424134192543,Suburban,No,341918.2277544938
1323,2.0,3,1968,,Suburban,No,304549.73229330877
1208,2.0,3,2016,5.233792151097454,Urban,No,367564.57054647116
2206,4.0,1,1967,6.601583976619257,Suburban,No,453403.68491090613
1892,5.0,2,2014,6.850973709756818,Rural,No,422448.7545048291
2189,5.0,3,1954,1.8190456768566567,Suburban,No,412016.736593395
2345,4.0,3,1960,8.6697555622362,Suburban,No,464116.3379615379
2132,3.0,1,2007,2.478127779310393,Urban,No,482573.5321631645
2328,1.0,2,1967,4.5767721426161225,Suburban,No,445985.1037738594
1965,4.0,2,2021,7.053073179458313,Urban,Yes,534699.7015746728
1406,,3,2005,1.4969791099781173,Suburban,No,319815.9652761296
2528,5.0,3,1971,,Suburban,No,485347.59192479396
1705,4.0,3,2005,,Suburban,Yes,415033.92694222345
1532,1.0,3,2015,1.574673456382622,Urban,No,389180.9429336283
1911,2.0,3,1972,7.537520089468442,Urban,Yes,424507.9975469389
1543,4.0,1,1965,5.51200053352853,Rural,No,334314.48600230186
1791,1.0,1,1993,3.730961566842554,Rural,Yes,320562.39765156293
2172,1.0,1,2021,1.7589501678064527,Rural,No,445651.64352026297
2174,4.0,3,2017,5.927267849216614,Suburban,Yes,511983.7430707549
1551,3.0,1,1963,3.7536640906767356,Suburban,Yes,356509.3895862151
1756,4.0,3,1958,9.520158082584677,Urban,No,427745.29081039364
2537,5.0,2,1965,6.323645626033136,Urban,Yes,548113.7154828314
2248,1.0,2,1962,3.5655859751728096,Urban,No,444377.3497639667
3037,1.0,1,1985,5.75756244720053,Rural,No,565593.7352753136
2590,2.0,2,1993,5.855458500806651,Urban,No,515055.3401362431
2572,,2,1963,7.540854433168482,Rural,No,469984.7028168779
1306,2.0,2,1966,9.119820908501342,Suburban,,323683.2824971165
2381,1.0,1,2014,9.663342593966174,Suburban,Yes,516176.0045912989
1973,1.0,2,2003,7.461016932300731,Rural,Yes,405814.8953222192
1724,4.0,1,1951,5.913219168059934,Rural,No,316082.36711145233
2084,,3,1966,3.024388778255994,Suburban,,386060.8001986337
2472,5.0,3,1972,4.627264749925583,Rural,Yes,483413.4077474354
2250,3.0,1,1950,5.399100918008879,Rural,Yes,414858.7809281636
1560,5.0,1,1961,2.1553403778744507,Urban,No,348168.9211484334
2371,1.0,2,1962,3.3076342583862024,Suburban,No,418912.8898789335
1681,,3,2023,9.86007345653519,Rural,No,405709.9161405817
2108,4.0,2,1961,7.810210467381316,Suburban,No,450032.63896345405
1848,1.0,3,2006,5.3380603267140945,Suburban,Yes,427373.35080350796
1890,1.0,2,1967,3.0342930826922383,Rural,No,301419.95767871523
2383,5.0,2,1964,6.161028976742269,Urban,Yes,537137.2854174589
1479,2.0,3,1988,3.0868765261344753,Urban,No,376986.7122463112
2972,3.0,2,2022,2.737978892399157,Suburban,,591403.2686661676
1089,5.0,3,2018,1.8438074367893957,Suburban,No,328309.5762294493
1701,5.0,1,1982,4.112677338742518,Suburban,No,369925.9110731786
2185,3.0,2,1997,5.875508693321397,Suburban,Yes,497379.18249082624
2292,1.0,3,1954,2.433948561455739,Urban,No,428014.226170289
1949,1.0,3,1957,2.8039193055385807,Suburban,Yes,360098.7299301108
1971,2.0,2,1968,4.520253054963895,Urban,,393868.4156761833
2205,5.0,3,2001,5.405784750739275,Rural,Yes,487762.51965648873
1884,3.0,2,1961,7.860548612486736,Suburban,No,385942.81152788905
2696,5.0,2,2021,6.099653485401818,Urban,No,592436.4733060389
2419,4.0,1,1957,6.559309631657165,Urban,No,507934.0964180772
2436,5.0,1,2004,7.265894070961471,Suburban,No,557383.2933279709
1516,5.0,1,1983,5.058846410154538,Rural,No,355471.74390607595
1960,4.0,2,2014,4.088200011791267,Suburban,Yes,475527.7473702136
1849,4.0,2,1996,8.203786667896999,Suburban,No,419805.42296590196
1497,3.0,3,1984,8.45488375344576,Suburban,Yes,373032.67500934086
2180,1.0,1,1981,,Rural,No,367857.66624282574
1731,2.0,1,2000,9.580325725147592,Suburban,Yes,429102.58479967626
2327,4.0,3,1955,9.369304622631216,Urban,,492917.13950149866
1464,1.0,1,1958,8.837900314846419,Suburban,Yes,345411.44150726224
2859,3.0,1,1989,4.803925768200516,Suburban,Yes,549575.2900530546
1551,5.0,1,1997,8.579605694956353,Suburban,Yes,421127.3638092081
2109,3.0,3,2021,6.652527031257459,Suburban,No,528121.8020770923
2395,3.0,1,1975,2.848552653850665,Urban,No,525132.0258478379
1714,4.0,2,1986,7.973947175976316,Suburban,Yes,406254.8490461926
2426,2.0,1,2001,,Suburban,No,514092.4837310398
1385,4.0,2,1961,,Urban,No,336018.01267214667
2726,5.0,1,1987,8.90462994660448,Suburban,Yes,576780.9615099647
2007,4.0,2,2017,,Rural,No,465941.7734081616
1701,5.0,1,1965,8.779359198015948,Suburban,No,390652.4571457906
1850,,2,2010,8.735712043575086,Suburban,No,419668.26274310064
2404,2.0,2,1973,5.98806184963923,Rural,No,435913.3309823009
1707,1.0,1,1966,6.552282954497511,Suburban,No,325314.9597573785
1625,2.0,3,1953,9.539790057929938,Urban,No,378235.68134911446
1889,4.0,1,1999,2.1640701956235255,Suburban,No,391503.14702841453
1411,3.0,3,1952,8.256352480212378,Rural,No,294672.8719998609
2910,1.0,3,1957,5.73640964746972,Suburban,Yes,532135.9170050543
1716,,3,1961,9.805667751640515,Suburban,No,382803.95746505156
2415,2.0,3,1984,6.753013712800771,Suburban,No,492293.5035396468
2104,1.0,3,2015,2.4628977069628215,Suburban,No,454494.208627554
1507,4.0,3,2002,8.33941880631245,Rural,No,343364.7574958268
1997,3.0,1,1982,7.054044078482399,Suburban,No,410200.8402804632
2392,4.0,2,1967,,Urban,Yes,496097.4835302134
1905,5.0,2,2007,1.0809294526793678,Suburban,No,441532.006666056
2596,1.0,1,1994,5.892825676291255,Urban,Yes,533134.7648235158
2510,3.0,1,1964,3.1734019976407994,Suburban,No,450875.69756953616
2459,2.0,1,1964,8.805173401179257,Urban,No,472102.25713812374
1770,2.0,3,1994,3.2583694742006717,Urban,Yes,447225.8630149692
1460,2.0,3,2017,6.965705394099584,Urban,No,408694.5866278859
1693,2.0,2,2018,4.106170965331261,Suburban,Yes,393989.7619619625
2098,3.0,1,2016,4.152862449388731,Urban,Yes,530194.377174167
2272,5.0,2,2011,,Urban,No,542879.8269732144
914,2.0,2,1993,5.524495517204706,Suburban,No,277079.01291412767
1995,2.0,3,1969,6.213445281141139,Suburban,No,374828.47621680447
2079,2.0,3,1988,6.229123114562052,Suburban,No,444326.23873649264
1861,5.0,2,1988,8.70949139568934,Suburban,,421535.36852686666
2645,1.0,3,1950,,Suburban,,476578.6573919287
2210,2.0,3,2016,7.662140498909517,Suburban,Yes,477825.7186511262
2655,2.0,3,1996,3.9110337656706693,Suburban,No,517760.5617301571
1892,2.0,2,2022,4.786170678349899,Urban,No,456848.37905417895
2468,1.0,2,2003,1.164633462556343,Urban,No,512437.04481628916
2817,2.0,2,1969,1.711984053432204,Urban,No,521406.06697304
2655,1.0,1,1958,4.466076714878419,Urban,,490243.0205101882
1453,1.0,2,1977,2.8876036111067847,Suburban,No,287121.42320785916
1873,4.0,3,2013,8.316634563079798,Urban,No,489431.29282484384
1827,4.0,2,1984,7.0883784291489835,Suburban,No,410897.31622602243
2244,2.0,1,1989,9.732749317616946,Suburban,No,494439.60221255134
2343,3.0,3,1951,,Rural,No,431227.72167944105
1580,4.0,2,1952,9.798949211800876,Suburban,No,381991.4084782827
2033,4.0,2,1963,4.287476193287132,Suburban,No,399364.5373430265
990,3.0,3,2017,5.359386821621729,Suburban,No,335650.12160208926
2720,5.0,2,1996,4.353631708102055,Suburban,Yes,594979.9333483928
1743,2.0,1,2003,9.678751539379927,Urban,No,457302.3271961274
2027,5.0,3,2007,4.624378246093151,Suburban,,457406.80833210965
1845,5.0,2,2011,2.0508570959459886,Urban,No,460714.86902397557
2573,1.0,3,2000,3.254589041999531,Urban,No,552402.9644383295
581,1.0,2,1997,4.823381440883159,Suburban,Yes,201170.7294861239
1991,2.0,2,1976,6.426945945586729,Suburban,No,411177.4892111402
1947,3.0,3,2004,6.562778295258798,Urban,Yes,500488.45672958
1773,1.0,2,1998,7.829052557784901,Suburban,Yes,400117.9167106916
2863,4.0,2,1973,6.830801247307201,Urban,Yes,584747.4884180774
1556,,3,1959,5.42380605366092,Suburban,No,304957.20919236063
2385,5.0,2,1956,1.2715439560789767,Suburban,No,481925.4782236592
2178,2.0,2,1966,7.255255450231506,Suburban,,469599.12814072287
2630,1.0,3,1971,1.7691228341020258,Suburban,Yes,504534.8690278967
1666,3.0,1,2008,5.219302351606678,Suburban,No,415353.4696604245
1633,,1,1993,9.067565972033409,Suburban,,419059.75249916525
2548,3.0,1,1960,6.371910040536575,Suburban,Yes,486251.4870684525
2212,2.0,1,1991,2.790682819161468,Suburban,No,426414.8409334618
1227,3.0,1,1972,8.271623876033537,Rural,No,263347.52666467073
1730,3.0,1,2009,3.7036821112921268,Urban,,437891.5494594617
2193,2.0,3,2011,6.195437552901766,Suburban,Yes,476439.58260290243
2418,5.0,3,2003,6.722639918305357,Urban,No,563549.766220123
1660,3.0,3,1962,7.580093449530532,Suburban,No,367566.0433290237
542,3.0,2,2017,1.584843131884698,Suburban,Yes,232516.86544489418
2261,,1,1976,8.688404192118895,Suburban,Yes,486148.10814116866
1389,4.0,1,1989,2.0246529186675137,Suburban,Yes,366953.28727761493
991,3.0,3,2023,,Rural,Yes,291386.0263512562
583,1.0,2,1959,5.111961001502544,Suburban,No,178432.1764926121
2406,5.0,2,1964,4.349634410919663,Suburban,Yes,494165.92199501087
2064,3.0,3,1994,1.4915230644187005,Rural,Yes,422483.64988359966
1887,2.0,1,2002,2.494004685851761,Rural,No,380198.2956368474
2694,1.0,2,1956,4.952921002586974,Suburban,No,518180.7332122029
2318,2.0,1,1979,8.461649607296824,Suburban,No,493085.72154863365
2808,3.0,2,1979,2.09173941434928,Urban,No,559339.671260342
1303,,1,1976,1.9407733675960621,Suburban,Yes,278256.1187190965
1982,5.0,2,1998,8.24346461752337,Urban,No,488962.3932049346
1191,5.0,1,2006,5.430839645513878,Rural,Yes,328058.8235774268
1885,5.0,1,2013,4.242243220386047,Urban,No,487421.9703144595
1875,4.0,1,2012,5.152182780102035,Urban,Yes,479368.6867337983
2313,2.0,3,1997,4.697620202178049,Suburban,No,468542.0500908229
2022,3.0,1,1990,8.037047535738017,Urban,No,472925.30796037405
2311,1.0,1,1979,1.083946261643694,Urban,No,444476.08598042704
2351,2.0,2,1952,4.898427207611746,Suburban,Yes,440075.7802443337
3077,3.0,2,1986,2.4296920138736136,Rural,Yes,590993.1210520233
1842,4.0,3,1979,3.774572623715675,Suburban,No,389600.60707640887
1529,3.0,2,2003,,Rural,No,307787.0283030227
2123,2.0,1,1956,4.842892915915095,Suburban,No,397403.2024198436
1598,3.0,3,1957,6.789656213663572,Suburban,No,332597.73243342026
2740,1.0,3,2012,6.954339101732295,Suburban,Yes,563961.9193779294
1858,4.0,3,2012,8.170693543994748,Rural,No,458090.744206418
1717,1.0,1,2013,8.335102611490548,Rural,,406728.6704464723
1764,4.0,1,1979,6.3796010827705745,Urban,,434847.3553915556
2359,,2,1959,4.17834996629772,Suburban,No,441010.26177922136
1921,3.0,2,2018,1.4618393637502223,Suburban,No,417372.78374453174
1679,1.0,2,1998,1.3228298877319997,Urban,Yes,463461.71149589267
2832,4.0,3,1988,2.0193679416279378,Urban,No,613995.232984189
1571,4.0,1,1983,9.854482880627547,Suburban,No,379262.8722241108
2017,3.0,2,1959,8.073796896135441,Rural,No,399722.0438629306
2326,2.0,1,1958,4.643850267549665,Suburban,Yes,389575.67278842925
1184,2.0,3,2009,5.195810523487253,Urban,,355675.11590944795
2240,5.0,1,1954,7.636432094983607,Urban,Yes,514256.6236767289
1472,5.0,1,1984,5.629605772748905,Urban,No,382146.27748557617
2411,4.0,3,1960,4.243746184097476,Suburban,Yes,485185.95157258824
1518,2.0,2,1991,4.146045935474742,Suburban,No,340600.18222445785
2346,4.0,1,1969,2.886774974718219,Rural,Yes,463505.7840140683
2552,1.0,1,2000,8.970504382111018,Urban,No,508298.6336591475
2430,2.0,3,1950,4.72738446095032,Rural,No,407857.72438472236
2125,2.0,1,1960,7.771266431651543,Suburban,No,421286.07856053446
1884,2.0,1,2010,6.163858868070848,Suburban,Yes,417745.1773531482
1711,5.0,1,1988,7.786842869391153,Suburban,No,433032.34075622907
2735,3.0,3,1997,3.8881895131920734,Rural,Yes,532112.7967553348
1650,3.0,1,1977,7.768078781772935,Suburban,No,332717.1388847411
1481,5.0,3,1985,8.10971463900113,Suburban,No,373867.95793686534
2332,5.0,2,2019,1.9385207457311693,Urban,No,565957.6380871187
1601,5.0,1,2011,1.8231740209895753,Suburban,No,353896.88315163157
1524,3.0,3,2019,9.869461469399257,Urban,No,447370.9973429258
1278,4.0,3,1959,2.061586029229254,Suburban,Yes,308936.6034912934
1758,5.0,1,1954,7.163567833343898,Suburban,No,375247.1710808057
1958,4.0,3,1977,7.730319085739051,Suburban,Yes,442262.5775496112
6363,4.0,2,2008,1.5715973447939295,Urban,No,482328.20328108204
2475,1.0,2,1958,7.718598396900863,Suburban,No,454280.60205235233
2263,3.0,2,1988,4.775634512694055,Urban,Yes,521369.3939519141
1904,4.0,2,2011,3.472066031005267,Urban,Yes,480415.6099120451
1900,3.0,3,1987,6.987975794780878,Urban,Yes,495120.1642019444
2255,3.0,3,1973,8.49812040117,Suburban,No,472093.5404674219
2636,1.0,2,2013,6.155150521497454,Suburban,No,532185.2308326513
2063,3.0,2,1992,8.835648396432237,Suburban,Yes,487964.94311223377
1765,4.0,2,1965,1.201203634106336,Urban,Yes,371697.0219933797
1503,2.0,2,2015,7.64744309716375,Urban,No,405769.0085444013
1277,4.0,2,2015,2.524622275732918,Suburban,No,332213.68778232456
2333,,3,2018,3.5746655989148355,Rural,No,475405.8278743121
2288,3.0,2,1995,,Suburban,No,474104.5080494505
2288,4.0,2,1970,3.4700059626793327,Rural,No,469236.7596524755
1935,2.0,1,2009,2.513384688548552,Urban,Yes,434382.35621487716
2703,3.0,3,1959,8.96948396957303,Rural,No,495685.76464860816
1757,5.0,2,1967,9.160511052756245,Suburban,No,449117.22853797954
2477,4.0,3,1990,1.3273427597755842,Rural,Yes,492906.5012825176
1980,4.0,1,1985,5.501090297664825,Suburban,No,450053.3419951719
1695,1.0,1,2015,2.833109480389887,Rural,No,366265.9065010813
2296,5.0,2,1995,8.770679145521143,Suburban,Yes,525667.212139379
2204,5.0,2,1972,5.16269131361331,Suburban,No,478138.85999484913
2178,2.0,2,1988,5.306119685138176,Suburban,Yes,471640.4762167071
2040,5.0,2,1953,6.647253968529792,Suburban,No,455622.07527631253
1981,1.0,1,1990,1.500616691965535,Suburban,No,375713.7392150543
3194,2.0,3,1952,2.145682668868262,Urban,No,560184.8100327626
2592,5.0,2,2002,,Rural,No,536050.2140673841
2361,2.0,3,2023,9.700362243216272,Rural,No,513534.944171223
2055,5.0,2,1985,8.592450126752887,Suburban,No,450662.01326688525
2503,5.0,2,1998,9.004250396319675,Urban,Yes,607666.6958986472
2258,5.0,1,1976,2.234395239928985,Suburban,No,461419.6402939109
2013,4.0,2,2002,9.627615230053713,Rural,No,446181.8378777533
1848,5.0,2,1998,7.569932785303124,Suburban,No,455139.2013964737
1959,4.0,2,1950,3.931165359599821,Urban,No,417650.826748895
414,,1,1995,8.780204452035335,Suburban,No,199243.01182993627
2105,1.0,3,2011,7.725788666928058,Suburban,No,473008.1040817038
1755,2.0,1,2015,7.628587888069455,Rural,Yes,404318.24694442487
2796,2.0,2,1971,7.6115843466450865,Suburban,No,539420.4695594636
2009,3.0,2,1988,8.207682699033374,Urban,No,497082.85927800345
1405,5.0,2,1993,9.53676244418872,Suburban,No,365984.1496307017
1975,1.0,3,1951,2.2318454851853176,Suburban,No,371759.12809648016
1476,3.0,3,2008,9.99570184176709,Urban,No,424263.75393393514
2236,3.0,2,1977,8.851056556276397,Suburban,No,465190.6489587565
2145,2.0,2,2016,4.974644842232842,Suburban,No,483226.42989410047
2478,4.0,3,1963,2.416940855998774,Rural,No,460276.8370929812
1604,4.0,1,1965,5.084095479819225,Urban,No,359360.9124183368
2017,5.0,1,2000,8.007505717752633,Rural,Yes,471470.61728764046
1317,5.0,3,1977,6.422081206195998,Suburban,No,346743.14602426544
2350,3.0,3,2002,3.5159582442270048,Rural,No,475300.6072365431
2259,,2,2001,4.661152422943284,Suburban,No,491124.0374125755
2247,4.0,3,1974,9.588689648890359,Urban,No,509224.120512802
2000,1.0,3,2006,8.234387700684264,Suburban,Yes,452312.3057547596
2207,2.0,2,1958,2.11662438172194,Rural,No,338630.1972995754
2802,4.0,3,1960,5.9085276557363136,Urban,Yes,595606.4471410385
1857,5.0,2,1994,9.378863888578797,Urban,Yes,483719.44067596726
2069,2.0,1,1951,1.3087790943439104,Urban,No,386755.7082352444
1456,2.0,1,2003,1.3829263253165271,Urban,No,352947.205611003
1565,3.0,1,1983,7.450594580265264,Urban,No,418706.19790154614
2048,5.0,2,1991,6.179910661899099,Suburban,Yes,439989.7812698967
2551,3.0,1,2018,1.413995178788982,Suburban,No,498712.7165231734
1871,2.0,1,1960,9.96414836705076,Suburban,No,390996.9758900043
1882,3.0,2,1978,6.220857661383433,Suburban,No,345294.0520681453
1796,5.0,2,1954,5.427367692250097,Rural,Yes,373363.01142167905
1732,4.0,1,1969,5.0292733516067205,Urban,No,390342.6935919849
2147,1.0,1,1988,7.306155431288297,Urban,Yes,467862.9553331364
1251,4.0,1,2023,5.125213248962098,Suburban,Yes,364855.86236866727
2640,2.0,3,1981,6.931691011710951,Urban,Yes,569426.5814777903
1667,,2,1978,5.3950079183759225,Rural,Yes,346381.46687945444
2360,3.0,2,2015,6.496459844790091,Urban,No,552772.713387467
1365,5.0,2,1950,8.246675172844375,Urban,Yes,364914.3244659775
2334,4.0,2,1950,8.35451278100058,Urban,No,519775.3172820407
2335,4.0,1,1953,8.641433981479455,Suburban,No,480032.7709081739
2192,5.0,2,1964,2.826727459125048,Urban,No,462892.6959479121
1502,3.0,3,1996,1.5500791050163163,Urban,No,391829.86640232906
2124,1.0,3,1979,8.525246265422723,Urban,No,440359.3726763593
1408,4.0,1,1955,1.380680607981558,Suburban,No,265305.152584936
1873,2.0,1,1950,2.921416719498842,Urban,Yes,413527.41371580056
2514,3.0,2,2020,5.73578918621676,Suburban,No,526899.2161528411
2398,3.0,1,2011,8.698900872400369,Suburban,No,538434.0109408771
2007,4.0,1,2013,9.071031525159736,Suburban,No,467852.22383699514
1512,5.0,1,1954,6.652455891557556,Rural,No,331032.4957000951
2322,4.0,3,2003,9.700828240594616,Suburban,Yes,530621.2356543045
2009,,2,1998,7.569486415961395,Suburban,Yes,446710.1504878788
839,5.0,1,1956,5.749519617703077,Urban,No,281154.1777347552
2391,2.0,2,1952,2.2093352332608815,Suburban,No,450687.13261913945
1987,5.0,2,2010,4.8590696240996465,Urban,Yes,476514.7468486696
2601,4.0,2,1990,8.401067637429271,Suburban,No,545560.5512951565
1452,1.0,3,1970,,Suburban,No,297431.7214473623
411,5.0,2,1981,6.204440304128814,Suburban,No,221415.90539467262
2139,2.0,2,1961,9.850910534165726,Urban,Yes,486367.25230789516
2145,5.0,1,1956,2.5698154165843077,Suburban,No,421072.5171947367
1154,5.0,1,2000,1.9131153176319526,Suburban,No,281185.7343360443
1510,3.0,3,1994,8.160370109572044,Urban,No,418227.97770843434
3377,3.0,2,2014,1.2242963541003524,Suburban,Yes,647094.3312586375
1847,4.0,3,2009,6.789303418830416,Rural,No,410147.0376424624
2365,4.0,2,1994,4.021704946044104,Suburban,Yes,510673.7820604489
1674,5.0,3,1983,7.514324301593312,Urban,Yes,445198.73655556137
954,,2,1960,2.082278551052836,Urban,,256074.46453972865
1914,4.0,1,1982,3.970395480705184,Rural,Yes,397150.56303189107
1867,5.0,3,1957,1.1533321340703067,Rural,Yes,388543.0940466233
1800,5.0,1,1994,,Suburban,No,423237.99598727096
1942,5.0,2,2021,5.349327869962929,Urban,No,507564.2771874487
2132,5.0,3,1983,,Rural,No,397305.9179151928
1924,5.0,1,1994,6.396899809785757,Suburban,Yes,447551.7273456294
1367,3.0,1,2014,2.0633196050157885,Urban,No,340934.96557277255
2243,2.0,1,2022,7.707011942138631,Suburban,Yes,480224.39983091
1025,2.0,2,2001,9.294982885289356,Suburban,No,245049.6715872152
974,5.0,3,1959,4.473329196060183,Urban,No,274336.9470998536
2369,4.0,1,1992,5.753854607750468,Urban,Yes,534228.248133238
2253,1.0,2,2019,5.396620264371077,Urban,Yes,521842.7208714986
1971,5.0,2,1960,8.068559256844292,Urban,No,460164.21865073516
1302,1.0,2,1985,9.947719267940847,Rural,No,311968.55961611425
1646,3.0,3,1967,7.621173813106333,Suburban,No,365190.20417597226
1868,2.0,2,2012,,Urban,No,423127.1774185931
1202,3.0,2,1954,7.264721364957845,Suburban,No,281908.9601101557
1630,4.0,3,1980,6.5418759498864265,Suburban,No,354055.6164579872
2326,4.0,3,1965,2.8910789713400566,Urban,No,477904.4349479892
2713,5.0,2,2015,3.168656515202568,Suburban,,604479.018266609
1790,4.0,2,1958,6.875081280182637,Suburban,Yes,372301.50978016376
2378,4.0,1,1951,8.270367945147798,Rural,Yes,451880.6490455527
1042,3.0,3,1986,7.861636571747029,Suburban,No,291492.2897499251
2329,1.0,3,2008,6.457707014812777,Suburban,No,501592.0747705087
1598,2.0,1,2007,9.437880587827934,Urban,No,413998.44751766586
2153,4.0,2,1957,7.579409827261404,Suburban,No,468929.3668183686
1876,4.0,2,2001,5.877243604234872,Rural,No,421549.2765348433
2660,3.0,2,2022,8.345844957544877,Suburban,Yes,599369.9419912962
1562,2.0,2,2018,3.6143558134899014,Suburban,Yes,379002.74300063826
2313,3.0,1,2001,3.371434702305786,Urban,No,460193.02851139155
1860,1.0,3,1983,9.743095856255303,Rural,No,402191.4128569515
1920,3.0,3,1997,9.54839530461384,Suburban,No,426991.3137562736
1908,2.0,2,1973,8.924645536757438,Suburban,No,438411.084667503
1577,2.0,1,1962,2.929321872174454,Suburban,,326713.11493132124
1992,4.0,2,1999,6.289200853723709,Urban,No,463784.36740852596
1968,1.0,2,2014,5.81545080299767,Urban,Yes,479488.6664580113
2120,5.0,1,2020,2.827976371515537,Suburban,Yes,477274.8727457145
2042,4.0,1,1953,5.030093538250208,Suburban,Yes,446292.5449268725
2398,3.0,3,2013,5.186312699039862,Suburban,No,573240.7399526974
2461,3.0,3,2023,3.1656037483129578,Urban,No,527613.2171606637
1474,2.0,2,1988,9.593927383443283,Rural,Yes,334312.8912363049
2434,2.0,2,2012,5.434434924774522,Rural,No,503453.5148361102
1406,2.0,3,2007,5.724026772763026,Rural,No,343261.92963255243
2293,5.0,1,1965,6.387210029219435,Suburban,No,445312.0918177836
2309,5.0,2,2011,8.98257195152955,Rural,No,505684.9484760667
1044,4.0,2,1959,5.799787158305358,Rural,Yes,260742.54255843392
2046,5.0,1,2011,5.868691880862911,Suburban,No,465381.7681774306
1765,2.0,2,1982,3.161740015835824,Urban,No,382062.36242500244
1620,4.0,1,2020,6.425354722088538,Rural,No,360004.5256100595
2675,4.0,3,1991,4.430345784287828,Suburban,No,573471.464226731
1673,1.0,3,1993,6.82103346260737,Suburban,Yes,396783.2516535588
1596,5.0,3,1995,3.7067172087623415,Urban,Yes,467172.0824854062
2037,3.0,3,2022,7.441555327654236,Suburban,Yes,481832.6021686958
2342,3.0,3,2023,6.570125060105732,Suburban,Yes,532407.9546418135
1929,1.0,2,1980,5.270355752735498,Suburban,No,394510.75977691857
2583,2.0,3,1954,1.8700519035791956,Suburban,Yes,449172.07690605585
2265,1.0,2,1967,6.642713451351159,Rural,No,431693.13751282176
910,2.0,2,1955,8.733510627250253,Urban,,249254.75644391053
1735,5.0,1,1999,2.5396695638665374,Suburban,No,406130.09266159585
1719,5.0,2,1977,1.7624751879485479,Rural,No,353858.1077157404
2239,4.0,2,1973,,Suburban,Yes,452859.8926875748
687,4.0,3,2018,1.2863686402805934,Suburban,No,270467.1783634191
3274,4.0,3,1977,8.578622560403186,Suburban,No,603951.1069620098
2265,4.0,1,2007,7.548534464310614,Suburban,No,473208.33416817273
2074,3.0,1,2016,2.8206850141624256,Suburban,Yes,464243.0829170297
2590,4.0,2,1967,9.254057768345312,Rural,Yes,520640.6887143498
3171,4.0,1,1953,2.218058326075503,Suburban,No,541808.163358592
2435,4.0,3,1998,4.367464630722051,Urban,Yes,551639.4133307685
2474,2.0,3,1981,,Urban,No,452147.1759535733
2065,4.0,3,2015,1.6830617655201945,Urban,Yes,518417.0331795005
1929,1.0,2,2007,4.127267816758502,Suburban,Yes,443422.3627376772
1762,,2,1960,1.9169262716742377,Suburban,Yes,371815.6113788708
1586,4.0,1,2014,8.107969516779868,Suburban,Yes,406559.8586304002
1656,3.0,3,1966,1.421452978398483,Urban,No,369462.9999289332
1324,4.0,2,2015,1.154229130793902,Suburban,No,344448.7772670513
1962,2.0,2,1953,,Suburban,No,365640.4989279576
1157,5.0,1,1981,8.027634846715522,Urban,No,376749.4998991579
2095,4.0,3,2020,5.460670113636437,Urban,Yes,566885.3194606551
1981,4.0,3,1978,3.8608533015723006,Suburban,No,431908.0977756976
2073,4.0,1,2010,3.128078162666445,Rural,No,400143.6120783782
1738,3.0,1,2009,2.053251098442429,Rural,Yes,380595.4717939306
3538,5.0,1,2022,5.358071524581169,Rural,No,687923.2919044046
2680,3.0,1,2007,5.419802187608463,Urban,No,611432.896552843
1377,3.0,3,2002,5.103646760829308,Urban,,382728.1413332718
2116,3.0,3,1954,8.004363389634573,Suburban,No,393475.0191144352
1695,2.0,1,2010,,Suburban,No,358005.93531012296
1492,5.0,2,1970,7.030090215998898,Urban,No,385057.6512898408
1329,2.0,2,2007,4.614105906099904,Suburban,No,339415.8373316104
2216,2.0,3,1963,3.1685489787200734,Suburban,No,415653.07248679263
1659,,3,2003,,Urban,Yes,460066.1173621303
2483,2.0,1,1990,2.7791010897581603,Suburban,Yes,454643.22801616555
2496,5.0,2,1965,3.078252942243362,Urban,,500771.29567735374
2686,4.0,3,2000,9.986910883724663,Suburban,No,571475.0323347574
1573,3.0,2,1950,8.998018534870855,Suburban,Yes,352263.93189521175
2237,2.0,1,1989,7.2742520656591365,Urban,Yes,533309.6373192399
2316,5.0,3,1967,3.8418648208323787,Rural,Yes,476996.1864298619
1762,1.0,3,1983,5.8304651420078475,Suburban,No,353418.3314741697
1614,2.0,2,2010,2.1395421566303208,Rural,No,354527.5279686226
2804,2.0,2,1970,4.005563672346255,Urban,No,515314.1454820697
2113,5.0,3,1950,1.6117348257059756,Suburban,No,387119.59133330855
2317,1.0,2,1976,6.492864982833735,Suburban,No,432122.0377415487
1588,1.0,2,2000,8.717461675324282,Suburban,No,370136.05876322166
1390,4.0,1,1960,8.285961709872407,Rural,Yes,334464.6331032627
1715,2.0,2,1963,8.704731421427473,Suburban,No,372966.0847953357
1937,3.0,3,2004,2.5713974672221864,Urban,Yes,479579.5456899453
1467,2.0,1,1976,6.850761503033403,Urban,No,377145.52995023504
1995,3.0,3,1971,9.61067834372297,Suburban,No,451018.06085385324
1155,3.0,1,1970,8.049260481145042,Urban,No,308226.29643446475
1439,5.0,1,1973,1.0305134091792238,Suburban,No,305531.93415022735
2335,2.0,2,1968,8.940759503990602,Rural,Yes,471500.6388561992
2301,5.0,2,1973,7.352018649957648,Urban,Yes,552377.5207392698
1804,4.0,3,1975,2.0985585032812337,Suburban,No,392692.4015349725
1491,3.0,2,1974,3.8244032443903873,Suburban,No,346230.20823673427
1486,1.0,1,1994,2.057633310987141,Rural,Yes,315216.1907040919
1813,3.0,2,1978,,Suburban,,425494.12880352547
2322,4.0,3,2023,1.0317149776910841,Suburban,No,490436.69920794555
2464,3.0,1,1960,5.180699632671265,Suburban,No,480304.80271037755
1751,5.0,3,1973,9.998280761007916,Suburban,No,418746.1620758681
1423,2.0,2,1973,8.660174800002434,Rural,,285875.6076825468
2133,1.0,1,1961,6.284995430660938,Suburban,Yes,406676.0393817337
1588,5.0,3,1956,7.2454072963419405,Urban,Yes,422618.6661855102
1740,2.0,2,1989,6.432749118210895,Rural,No,389263.5539485801
2662,1.0,2,2019,8.297613521728266,Suburban,No,551254.2832884099
2413,4.0,3,1972,8.97386341291326,Suburban,No,495993.5626221088
2078,3.0,1,2020,7.89933144675215,Urban,No,519290.7441750838
1364,1.0,3,1987,2.63766276591041,Rural,No,246134.63808981492
2105,4.0,2,1980,4.352692590267947,Suburban,No,440732.3468067943
2531,,3,1978,8.059673909374652,Suburban,Yes,481239.00090075936
1812,1.0,2,1993,8.408598220545858,Suburban,No,369389.79741883755
2675,4.0,1,1977,6.659224608107625,Urban,,533950.7253158793
2646,2.0,3,2017,7.42730698935695,Suburban,No,564154.5201149583
2831,5.0,1,1970,2.570487066374675,Urban,No,554633.1362454009
2152,3.0,3,1958,4.35399226463187,Suburban,Yes,413059.537993399
2293,4.0,2,1998,,Suburban,No,506223.87190387107
2707,5.0,1,1986,9.853375654175373,Suburban,Yes,564670.658181287
2223,2.0,2,1970,8.192940312120705,Suburban,Yes,465858.4560957715
1749,1.0,3,2009,2.73357792825463,Suburban,Yes,397098.188503822
1775,3.0,2,1972,4.171658863999042,Rural,Yes,356932.86312422354
2119,2.0,3,1959,2.952084635469698,Urban,No,425125.5486204459
1354,4.0,1,2019,2.3703318020535447,Suburban,No,364588.28700190876
1928,3.0,2,1970,2.0798208187286384,Suburban,Yes,366874.7811530305
2548,5.0,2,1978,9.691327368034836,Suburban,No,576645.2820821238
904,3.0,3,2008,9.159702094155838,Suburban,Yes,311795.029773046
2767,5.0,3,1989,5.3491983932341025,Urban,No,603033.4977478323
2561,2.0,3,1970,5.936901705855982,Urban,No,492909.59012741
1770,1.0,1,2012,8.54760474920991,Suburban,No,450329.3108714893
2271,3.0,2,1995,,Suburban,Yes,471098.34661703696
2001,1.0,3,1954,7.59392125220198,Suburban,No,388917.4837124346
2614,1.0,3,1964,8.120276824793144,Suburban,No,512228.9558331062
2491,3.0,2,1989,5.347258816076624,Urban,Yes,561864.6184548105
1299,3.0,1,1953,9.773136020192236,Suburban,No,318968.56741073297
2293,1.0,2,1973,6.655284742459962,Suburban,Yes,450912.67014907044
1897,,3,1991,6.7013672650673355,Rural,No,456194.73293616733
2041,4.0,2,1975,2.2694062277228184,Urban,Yes,445730.0942955752
1635,3.0,3,2015,9.889634909220318,Rural,Yes,420810.01838932413
2874,1.0,3,1957,1.6369798132604934,Urban,No,514121.0424704663
2520,1.0,2,2022,9.870727157643056,Rural,No,507465.8488407987
1630,2.0,2,2015,9.195090267051006,Urban,No,458330.49340763513
1332,1.0,1,1969,8.707782445168748,Suburban,Yes,335995.01620719605
1807,4.0,3,2015,7.062388248306449,Suburban,No,451985.8986903031
2217,2.0,3,2017,,Suburban,No,505993.7202671656
2120,4.0,3,2004,9.969580157618724,Suburban,No,479110.1191335807
2626,5.0,3,1988,9.765977375894666,Suburban,No,549800.6607659109
2394,3.0,3,1999,8.306497752713748,Suburban,No,468601.8077120592
2484,5.0,2,1969,1.7817532839771046,Suburban,No,429229.07046178
2163,3.0,3,2019,4.3494995129882295,Rural,Yes,506081.78412554134
1305,4.0,2,1977,8.79335028855268,Suburban,No,336300.07879878563
1902,4.0,1,1992,7.322682925691042,Urban,No,475958.19666017947
2530,5.0,3,2015,2.098037831853498,Suburban,No,546010.0006302774
1974,3.0,1,1977,,Suburban,No,417276.0046085099
2251,3.0,2,2022,1.1748295375974172,Urban,No,520440.48811590805
1840,2.0,2,1972,9.035229407883506,Suburban,No,359769.1093180728
1485,,1,1984,7.7230475705933594,Urban,No,382751.3435220311
1938,2.0,3,1971,4.922747745726218,Rural,No,383185.06549226865
2154,4.0,2,1954,7.843492922679065,Suburban,No,392200.763795239
1672,5.0,2,2009,9.400799743402498,Urban,No,477801.44600046513
1882,3.0,2,1990,3.519025233857818,Suburban,Yes,380208.4941172489
1530,2.0,2,1978,3.5723515695834998,Suburban,Yes,369350.58499650593
2559,5.0,2,1984,5.343863333096774,Suburban,Yes,554529.2460612833
1852,5.0,2,2017,7.362096647126948,Urban,No,494712.27651542483
2726,1.0,1,1994,9.93733691803055,Urban,No,572946.6599028205
2764,3.0,3,1958,2.4663830986325928,Rural,No,451473.3214280701
1959,5.0,3,2000,4.079220084188086,Rural,Yes,456648.19164241065
1495,3.0,3,1963,,Suburban,No,317847.7074754762
957,2.0,3,2018,7.53241575500755,Rural,No,267327.5781892603
1263,5.0,1,2005,8.979380163541672,Suburban,No,350782.3518104886
1313,5.0,1,1960,2.65415624593302,Urban,,298111.0042836655
2689,2.0,3,1979,7.422853215901862,Suburban,No,565210.8000385126
2057,3.0,2,1988,9.186598141836305,Suburban,No,469876.5789535103
2194,3.0,3,1973,2.091661021006149,Rural,Yes,444364.33486028336
889,5.0,2,2007,6.715539820569796,Suburban,No,279926.1183837386
1401,2.0,2,1979,2.821456577807153,Rural,,242219.53156812253
2443,4.0,1,1973,4.970268268850906,Suburban,No,474769.24818030733
2143,3.0,2,2016,2.141278635308817,Urban,No,483920.22870362055
1926,4.0,1,1978,7.1525727341317165,Urban,No,452231.49431552866
2282,,3,1991,4.612378419189729,Suburban,Yes,548294.7398251184
2817,4.0,1,2011,6.10527424473823,Suburban,No,561465.4368772446
1889,4.0,2,1976,5.7118809197004605,Urban,No,404732.8836527202
2034,3.0,2,1978,7.245863225516148,Suburban,Yes,421599.38863865705
2096,5.0,2,2015,9.060205058564673,Suburban,No,509201.37484176975
3196,4.0,3,2006,3.5177440454847035,Suburban,No,661255.7147815308
950,3.0,1,2010,6.3565013245020365,Suburban,No,303246.03175687604
2341,4.0,3,1978,6.163897408526695,Rural,No,437330.9870461074
1942,3.0,1,2006,,Rural,Yes,450331.4270322849
2283,,3,2022,5.496275392536469,Rural,,493810.11631930294
1671,2.0,3,2004,1.364078562782471,Suburban,Yes,342405.7327661
1975,3.0,2,1993,4.842397646062727,Suburban,No,425748.2500865094
2355,3.0,3,1977,3.4347419750852337,Rural,No,437653.75086556585
3556,4.0,3,1986,8.775780850867994,Urban,Yes,771431.9162025799
2404,5.0,1,1972,4.220125193254033,Rural,,433197.7378279652
1575,1.0,3,2018,2.729887540354892,Urban,No,425290.81946137454
1788,1.0,2,2007,5.767041028928971,Rural,No,358772.9162325134
1773,2.0,3,1981,8.298680028486551,Urban,Yes,425273.70371827245
1102,5.0,1,2018,4.186411829809766,Suburban,No,316485.46424056846
1834,3.0,1,1985,8.621473697521601,Urban,No,466585.22313606174
2366,1.0,3,1981,3.9351660183637254,Suburban,Yes,436420.2980706083
1362,2.0,3,2008,7.620382297591889,Rural,No,319629.37795915944
2524,5.0,1,2009,2.0372605975005316,Suburban,No,523959.61647276295
2243,2.0,2,2023,1.5598049648069519,Urban,No,503727.95819056366
1632,1.0,3,1976,,Suburban,No,368761.5901939752
1929,4.0,2,1973,4.315583925751492,Suburban,No,395896.06303569704
2799,4.0,2,2016,4.536957467373053,Rural,Yes,592752.7251414574
2366,5.0,3,1985,6.167373823547614,Suburban,No,456841.94110852445
2004,2.0,2,1963,9.881831439007977,Suburban,No,419864.4226402621
1881,3.0,1,2017,2.543588215970826,Urban,No,457172.6221687106
2038,1.0,2,1993,3.698686707062596,Suburban,No,390095.2017671989
1744,4.0,1,1997,6.838332864820151,Rural,No,400682.7076311074
947,4.0,3,1981,7.308669750736108,Urban,Yes,312175.6206978804
3021,2.0,2,1966,7.355307331290669,Suburban,No,553479.9822488572
2077,4.0,1,2006,6.358647413196324,Suburban,No,437355.4195750316
2199,2.0,1,1988,6.294554779478033,Suburban,Yes,467870.6045384129
1971,1.0,3,1981,2.33296254602688,Urban,No,431444.83116703766
1632,2.0,2,2017,8.511628356377031,Suburban,No,392785.73618932907
1907,4.0,1,1951,1.080062300963187,Urban,Yes,402254.32555750036
1200,2.0,1,1991,4.758195346148533,Suburban,No,290581.7442407672
3138,4.0,3,1987,2.9386832660733724,Suburban,,589789.5214992276
1382,5.0,2,2004,1.9390592166890457,Rural,No,337077.1492329131
1484,4.0,2,2004,3.875417244232624,Suburban,No,416952.6762123505
1779,4.0,1,1983,6.9146856356842,Suburban,Yes,443167.052686444
2644,4.0,2,1995,5.473746192830645,Suburban,No,533125.6201578034
2007,5.0,2,1992,8.861732756864356,Urban,,506130.23638013366
1381,,2,1951,6.3971690912090935,Suburban,No,296419.49015757715
2627,4.0,2,1985,3.2782063241366153,Suburban,No,504652.8513548872
2365,,2,2019,5.636988507618358,Rural,Yes,533186.0552391342
2269,1.0,2,1985,3.0464722341583608,Suburban,No,430295.60251987196
2357,2.0,2,1971,,Suburban,No,437740.7127659772
3197,3.0,1,2018,9.595184728792242,Suburban,,710334.2083291773
3092,1.0,1,1987,5.212295491128371,Urban,,604626.296467107
1656,2.0,2,2003,6.860872816624454,Urban,No,406195.8216979759
2811,4.0,2,1971,8.860890494706307,Urban,Yes,610391.28149352
2191,4.0,3,1980,3.8995988683402802,Rural,No,431544.24582261324
2249,4.0,1,2002,8.10122716100626,Urban,,537034.2523642958
1153,5.0,3,2008,8.099442409619757,Suburban,No,329928.4948116842
1914,5.0,1,1998,8.416107120802186,Rural,No,420829.49544028414
1593,5.0,3,1976,2.7051808984338153,Suburban,Yes,389264.43487209093
2414,5.0,3,2021,9.665562108214157,Urban,No,602270.0566451645
2535,,3,2006,3.473031651281406,Suburban,No,503073.5221329141
962,,1,1955,7.991332963350727,Suburban,Yes,253561.63971412572
1988,4.0,1,1995,2.4607530965829874,Suburban,No,426563.5984199371
2560,2.0,2,1974,9.31804352707252,Rural,No,454626.7706411419
1906,5.0,1,1958,4.850607679381493,Suburban,No,360356.2212937264
2364,2.0,1,2013,7.017881067008602,Suburban,No,526065.4073719224
2175,1.0,1,1980,8.651726391418492,Urban,Yes,511192.12066952203
2170,5.0,1,1968,,Suburban,No,483448.2577566628
1864,1.0,2,2014,4.5009641126173126,Rural,No,378265.1090946607
1391,1.0,2,1966,3.8205028687535103,Suburban,No,262900.8846124343
1439,3.0,1,1983,3.545834626301968,Urban,No,339070.39498456114
2354,1.0,3,1985,5.5927130481685365,Rural,No,420870.0965301602
2009,4.0,3,1962,5.920704943374801,Rural,No,381393.3068080317
1930,1.0,1,2008,1.6914047967101933,Suburban,Yes,436435.41120142967
1788,5.0,2,1970,7.059635743963112,Suburban,Yes,410134.5943374047
1847,4.0,3,2014,4.780011808084157,Suburban,No,417307.9172051845
2523,1.0,2,1955,9.005764061023296,Urban,No,471029.64246230933
1832,4.0,2,1960,8.969701752002234,Rural,No,390338.0196218789
1329,1.0,3,1971,7.4808350503703185,Urban,No,337860.9756822935
2371,4.0,1,1960,8.684048692046495,Urban,No,521741.54861849797
1897,2.0,2,1986,9.302626781812895,Rural,No,379088.2826853162
2015,3.0,3,1975,6.195959832753385,Suburban,No,431181.7674280691
2803,4.0,2,2006,9.747157232522452,Urban,Yes,686519.0636666404
1989,5.0,3,1975,9.598589752509262,Suburban,No,455425.14450157946
2144,3.0,1,1970,,Suburban,Yes,417843.61341255595
1410,3.0,1,2006,,Urban,Yes,387692.595725155
1890,1.0,1,1975,2.0302071789768203,Suburban,Yes,361829.19737388234
2304,,2,1964,7.157202084608689,Suburban,No,482982.6576789382
1222,3.0,1,2012,7.8874820729148984,Urban,No,343926.7844170326
2100,5.0,1,1984,,Suburban,No,421583.93641638855
2050,5.0,1,1960,6.8500858464713446,Suburban,No,455553.3553774855
2020,5.0,1,2022,5.085934979788661,Suburban,No,483353.9287755275
2518,1.0,3,2017,2.403432897929479,Rural,Yes,486610.3026525661
2167,2.0,3,1999,2.125935835321887,Urban,,513637.37773715326
2739,4.0,2,1978,5.371005597824054,Suburban,Yes,544989.8344812624
1503,3.0,3,2013,8.492929316004984,Urban,Yes,397530.76718890254
2067,4.0,3,1990,7.756468573458456,Urban,Yes,514019.9908216421
2042,3.0,3,1975,8.92721585172911,Rural,No,429731.5914310485
1465,1.0,3,1977,8.298911895050974,Suburban,Yes,357468.12103773584
2478,4.0,3,1997,2.8491990016755,Suburban,No,496309.34842955397
3162,1.0,1,2015,2.8029196940071897,Suburban,No,563041.365558041
1991,1.0,2,1972,5.122119706477675,Urban,No,414893.792020518
2252,4.0,3,1988,2.7204015901210576,Suburban,Yes,513992.99437245
2042,,3,2018,2.6872684253822,Urban,No,492033.41782097105
1643,3.0,2,1970,3.410010423413527,Urban,No,366320.24063965515
1089,5.0,3,1998,1.203104680722681,Rural,Yes,283307.837221182
1647,1.0,3,1985,6.142083979278547,Urban,No,381627.1461670888
1304,2.0,2,1986,4.5694609964854145,Urban,Yes,363332.3057621642
2852,3.0,1,1991,3.136562345447889,Suburban,No,540527.6463389298
1942,3.0,1,2011,2.2080151318418277,Suburban,Yes,436687.39598473936
1827,5.0,2,1955,5.102652409206982,Suburban,No,405296.36690488766
2444,5.0,1,1957,6.417625508776362,Suburban,No,475005.8985933512
1439,1.0,1,2018,9.759496000297553,Suburban,No,363321.8821881808
1616,3.0,1,1989,3.284414795641995,Suburban,Yes,349106.47275754367
2034,3.0,1,1959,1.237014179369952,Suburban,No,407120.5275375544
2514,2.0,3,1980,7.624135961534699,Suburban,No,530739.1258181758
2250,1.0,2,1979,3.116526183743837,Suburban,No,424491.4401645372
2124,1.0,1,2000,5.358372965732386,Rural,Yes,410948.99766818236
2039,5.0,1,1985,8.274026793976413,Rural,Yes,455721.4385331042
2200,1.0,2,2010,1.3327916761412058,Urban,No,466792.90378879884
2100,2.0,3,1976,2.273673308056091,Rural,No,395418.2168855102
1485,1.0,1,1984,1.8835844425935342,Rural,No,278332.3737961463
2023,4.0,1,2009,3.103537400933228,Suburban,No,462256.80145576433
1463,4.0,3,1981,2.557286953595994,Urban,No,359755.15950846596
2040,2.0,2,1953,3.849416438582445,Suburban,No,391913.0413066508
1759,5.0,1,1976,7.716741378882893,Suburban,No,422898.2290490086
3269,3.0,1,1996,,Suburban,No,613044.9328579046
1980,1.0,2,1955,1.6638749580963812,Suburban,Yes,387769.5559430104
1297,5.0,3,1975,,Suburban,No,334936.51665101363
1932,5.0,2,1973,5.6823377840683085,Suburban,No,398213.3615707015
2259,1.0,1,2020,5.266675660070506,Suburban,No,492866.2436766782
2836,3.0,3,1993,5.6431804127316845,Rural,No,537498.604751797
1705,1.0,3,1963,7.678349999821738,Urban,Yes,408189.3528624899
1208,3.0,3,1962,6.185026346261035,Suburban,No,307389.4783378085
2408,2.0,2,1975,5.112758268181547,Suburban,No,483663.5666501998
1309,3.0,2,1992,1.7357589517879268,Suburban,No,302908.49085259135
1781,5.0,2,1992,9.772940025759242,Suburban,No,416953.4498743905
1871,2.0,1,2015,3.154002835342829,Suburban,No,380634.9657799453
1965,4.0,2,1977,8.822421227964234,Suburban,No,441965.9978636234
2344,2.0,3,1950,4.410799368040857,Urban,Yes,475780.32662145054
1658,3.0,1,1961,7.155428426196259,Suburban,No,332050.0552093136
1863,2.0,1,1999,5.087167418384575,Urban,No,437112.52182567987
5976,2.0,1,2002,,Suburban,No,406834.96647199645
2074,4.0,3,2009,6.528745458507753,Urban,Yes,543670.8181269683
2048,3.0,2,2004,5.824957745015023,Suburban,,468622.29381075536
2218,5.0,3,1984,,Urban,No,500138.1441667575
2421,2.0,2,2010,,Urban,No,509866.32575072395
2196,1.0,1,1975,1.3093910977665362,Urban,No,430603.8684193366
2226,,1,1980,2.7422526581593965,Suburban,No,499842.7799437263
1208,2.0,3,2006,4.022497085379606,Suburban,No,290667.3994586068
2025,5.0,2,1961,9.749091786466598,Rural,No,439737.4354856037
2239,,1,1954,5.743800412890643,Urban,No,439351.624473137
2364,5.0,3,1956,7.307166003702506,Rural,No,458879.2338717966
1653,5.0,3,1965,7.062403296368804,Suburban,Yes,379517.9706912477
1670,1.0,2,2001,,Suburban,No,423235.8888431618
1712,1.0,2,1970,6.00098751395971,Rural,No,350181.4613891083
2268,1.0,2,1976,6.269449845683975,Rural,No,433711.4502808624
2516,4.0,1,1972,3.7006315903325393,Urban,Yes,531706.6084188857
1796,1.0,3,2021,6.635060523689065,Urban,Yes,425346.26637930924
2453,5.0,2,1974,7.819519797561395,Suburban,Yes,530892.3278078821
6183,1.0,3,1960,1.9292804260156506,Rural,,335354.7810714424
1937,2.0,1,2012,5.321122564882552,Urban,Yes,491234.0711382054
1894,1.0,1,2006,4.797101834613217,Rural,,396148.4932959633
2373,1.0,2,2003,2.022260497657047,Rural,No,455687.22536514176
2162,3.0,1,1959,4.071590089231411,Urban,No,477800.2883623431
3137,5.0,3,1999,5.816607761436407,Urban,Yes,647332.8214199271
1573,5.0,3,2022,6.848824386284713,Suburban,No,386627.95716680225
2259,2.0,1,1950,3.6000494687747313,Rural,No,399870.329574336
1735,4.0,1,2019,5.286696323198077,Rural,Yes,386333.4908403705
1565,3.0,1,1979,,Suburban,,357381.33555660327
1994,2.0,3,2004,4.800229733311319,Suburban,,425535.50620638614
2068,2.0,1,1955,9.466958049523816,Rural,No,389267.5448254746
3459,5.0,2,1973,1.2763554372669665,Urban,Yes,669813.2363627283
1907,3.0,2,1954,3.3420453263965673,Suburban,No,372735.7477201289
1434,5.0,3,1956,2.2005211345823263,Urban,No,312250.80740838445
2136,4.0,1,1952,5.871616049818026,Rural,Yes,438799.8726965974
962,5.0,1,1962,2.596361571724495,Urban,Yes,288416.2187959255
1954,1.0,1,2003,7.676563837494866,Urban,,467457.2233421028
2008,5.0,2,2012,9.265150167318094,Suburban,No,468589.08375568327
2397,1.0,2,1955,2.8647969004275575,Rural,No,403443.13385670877
2486,2.0,2,1996,9.160867968797447,Rural,Yes,521251.92542439624
1748,4.0,2,2004,6.685797043204973,Suburban,Yes,430976.56327099784
1924,1.0,2,1998,2.765535822143,Rural,No,368497.47039292735
1616,4.0,3,2006,7.62890930604983,Rural,No,371595.6611367059
1435,5.0,3,1952,1.8178630829372098,Rural,Yes,257429.5738922938
2154,5.0,1,1971,7.229334027704882,Urban,,484051.018905823
1363,2.0,1,1984,8.751351895967876,Suburban,Yes,320043.39518471947
1792,5.0,2,1977,9.553384180851227,Rural,No,397997.44522516313
1502,1.0,1,1991,1.4907800563047746,Suburban,Yes,363975.82912084553
2274,2.0,3,1961,1.557420293852497,Suburban,Yes,435006.68559196714
2900,4.0,3,1950,9.373643995001153,Suburban,No,538679.9313853964
1349,2.0,1,1972,8.106333149840594,Suburban,Yes,306272.1846830643
1073,4.0,2,1977,7.968404500319287,Urban,No,346333.3751014252
1937,3.0,3,2018,7.683595563746721,Suburban,,455640.79880957777
2007,1.0,1,1985,7.455966543264454,Suburban,No,368018.0817306538
2109,,2,2003,6.519005904748667,Rural,Yes,440633.5634189009
1776,4.0,1,1996,8.314660400744668,Urban,No,493014.7025464126
1899,5.0,2,2005,1.3075516070116393,Suburban,No,427457.6173523534
2183,5.0,2,1959,7.662718976934946,Urban,No,483922.032153296
2520,3.0,3,1954,6.246257499331666,Rural,,431721.8054926156
1022,4.0,3,1963,9.167131825798158,Urban,No,286515.8677896706
1815,3.0,1,1973,,Urban,No,430722.77823351626
2106,4.0,1,2012,3.1719745746605597,Rural,No,466970.0259103968
1541,3.0,2,1977,8.105140767158659,Suburban,Yes,377376.9709755916
2865,4.0,3,1970,9.612988545686857,Suburban,No,570416.5437005326
1682,1.0,2,1969,3.3998456506132557,Rural,No,316582.86531422683
1979,3.0,2,2011,8.659762687707644,Urban,Yes,531443.135400272
2278,3.0,2,2000,6.278766915222995,Urban,Yes,568893.637467139
1704,4.0,2,1989,4.554956672237225,Rural,No,370188.5517515702
1076,,2,2014,8.412484582326321,Urban,No,375407.133361408
1785,2.0,2,1977,8.832691553251783,Suburban,Yes,383880.59856927383
2514,1.0,1,2003,3.5438212602571113,Suburban,No,480799.3394080016
1831,5.0,3,1951,8.150166658610559,Urban,No,422096.2939100705
1576,5.0,3,1963,1.4469533400121213,Suburban,No,371584.89817039995
2462,1.0,2,1963,4.758963244650197,Suburban,No,475068.64580103115
1834,5.0,2,1993,1.6280673668440386,Urban,No,439770.63055671024
1744,4.0,2,1989,3.6445207488213436,Rural,No,361932.7950276986
2074,2.0,3,1983,9.553284500937863,Suburban,No,450917.67727118946
2385,1.0,3,2014,7.612637034033118,Urban,No,527827.9210253286
3190,4.0,2,1967,7.800395672652906,Suburban,No,635545.7738430632
2413,1.0,3,1983,2.2103774439493558,Urban,No,496016.17761366826
2579,2.0,2,1998,6.208173136292352,Suburban,Yes,518471.4333819823
1747,5.0,2,2004,4.499518838105631,Rural,No,372205.52184441226
1487,4.0,2,2011,7.607621391199702,Urban,No,400127.4118591484
2031,2.0,1,2019,2.4137713847580615,Urban,No,477919.40494119196
2053,,3,1973,3.5372912540679273,Suburban,No,428987.9200224828
1460,,3,1997,9.087154970485928,Suburban,No,374904.1048638666
1912,4.0,3,1988,2.528016549169393,Suburban,No,387665.1133335758
2199,1.0,2,1997,6.691708099557079,Urban,No,503309.9900911391
2180,,1,2019,3.8363669126981694,Suburban,No,429594.69949178206
2252,2.0,2,1958,1.7369675755804317,Suburban,No,396729.4612928438
2145,1.0,2,1978,3.0131415206269105,Suburban,No,399359.14181625063
1746,4.0,2,2017,8.824683977184476,Suburban,Yes,437238.5855879047
1743,4.0,1,2009,9.19494619863385,Rural,No,424236.27104486985
1400,1.0,2,1975,4.778502338950462,Urban,,328314.30570754915
2892,2.0,2,1987,6.588108423800609,Rural,,521115.64727656054
2006,4.0,1,2011,5.684482870238089,Suburban,No,455805.7155434691
1887,3.0,2,1975,3.517246475382779,Rural,No,356134.526803854
1535,5.0,2,1963,4.1031578655671455,Urban,Yes,368455.63123299286
3467,2.0,3,1998,5.741384401467791,Urban,No,693921.2517949586
1463,2.0,1,1992,7.258258410873043,Suburban,No,342576.6279412634
1785,5.0,3,1957,4.148705551637525,Rural,Yes,368915.09805802605
2207,5.0,2,1989,7.290233876490029,Suburban,Yes,472907.97366900794
2300,4.0,1,1974,9.648827352096946,Suburban,No,486637.43859909946
2478,1.0,1,2012,1.221014419176289,Suburban,No,474868.98753315903
2903,1.0,2,1953,2.4745332632591945,Rural,Yes,443239.6148940771
2253,3.0,3,1964,9.246440872259244,Suburban,No,502665.0299493773
1471,1.0,2,1965,1.6441273904977058,Suburban,No,308916.3294740589
1871,3.0,1,2003,,Suburban,No,425999.9694821947
2153,3.0,1,1960,6.61580427227768,Suburban,No,440630.0516182654
3034,2.0,2,1977,1.4293081370034888,Suburban,No,531610.7535872717
1301,2.0,2,1956,1.006547185645922,Suburban,No,249342.0231871546
2601,4.0,2,1987,5.517992282896376,Rural,No,517256.7110183652
2089,5.0,2,1973,2.0561088321987206,Suburban,No,418975.50859491155
2418,5.0,3,2017,8.849940033139134,Urban,Yes,611495.638435982
1949,3.0,3,1986,5.3269719276569045,Urban,No,423791.47618140554
1578,5.0,3,1984,3.1099956515358342,Urban,Yes,388733.238897746
2375,3.0,3,1955,2.5138439411861637,Suburban,No,438554.64541398984
2327,5.0,1,1982,8.521953561666226,Suburban,No,471739.66410970537
2486,4.0,1,2003,7.46864883386178,Suburban,No,540316.306272845
1993,2.0,3,1963,7.461664955127351,Suburban,No,415855.9459432053
1700,2.0,2,1968,1.767760729210216,Suburban,Yes,308072.7409510509
1220,3.0,1,1960,6.620660201871164,Suburban,No,274078.5983266632
2409,5.0,2,2020,8.825343248177777,Suburban,No,571606.5800580463
2211,1.0,3,1994,7.893105660873499,Urban,No,470781.6632141615
1517,4.0,1,2009,,Suburban,No,363714.72706040397
1730,5.0,1,2007,9.54351432600393,Suburban,Yes,437301.1501099908
1766,1.0,1,1973,1.6276093544576304,Suburban,No,311155.72266538464
1258,4.0,1,1960,6.01213883928046,Suburban,No,295889.4561800809
1591,,3,2021,9.505110990186271,Suburban,Yes,414272.1425667065
1433,2.0,1,1993,8.4003105573147,Rural,No,321167.53633596
1793,3.0,3,2015,7.127460952220828,Suburban,No,445232.90779437183
1630,5.0,1,1994,8.707092983553771,Urban,No,414505.6376106422
1186,4.0,3,2023,7.059531837748116,Suburban,No,343342.7595805551
3011,5.0,3,1981,1.4945393328413132,Urban,No,620207.452674912
2626,4.0,2,1966,4.157847508550279,Urban,Yes,507427.9616170483
1610,2.0,3,2003,4.8441027564073185,Urban,No,425698.71483608824
2136,,2,1959,5.917395348822325,Suburban,No,386801.74331225804
2208,1.0,1,1955,3.066763950758129,Suburban,No,391806.63502296834
2595,1.0,2,1969,8.930551778732768,Suburban,No,490497.068825117
1590,,3,1950,3.0583059635934133,Suburban,No,302483.01551801874
2546,,2,2013,6.918342979877609,Urban,No,589469.8753341398
1726,2.0,1,1950,8.889466908147838,Urban,No,363894.7693550396
1332,3.0,2,2010,7.595317523154519,Suburban,No,351721.9243002416
2362,,3,1950,2.2241136851380565,Rural,Yes,408685.21752391645
2645,5.0,3,1995,9.562547665433218,Urban,No,588376.4600535263
3293,1.0,1,2009,1.8272492264869693,Rural,No,572980.6999601957
1400,3.0,1,1992,2.800605157522309,Suburban,No,297773.76438332
2349,4.0,2,1993,2.253187846208051,Rural,Yes,467473.84742054465
1795,2.0,1,1987,7.002253491794996,Urban,No,393934.52850266016
2391,1.0,3,1951,8.266690672966226,Urban,Yes,503852.11039622285
1264,1.0,2,1961,3.142142760491963,Urban,No,282208.8423863877
1368,5.0,2,1972,9.813236406094209,Urban,No,361793.12435164594
1612,2.0,2,1958,2.253194131475679,Urban,Yes,325047.35823207593
2039,5.0,2,1957,3.8428166322071142,Suburban,Yes,426865.6145513115
1679,5.0,1,1999,5.412783099694343,Rural,No,385655.78766948305
2329,4.0,2,2011,8.279628304948883,Suburban,Yes,520366.81529249914
2513,1.0,2,1972,4.388882779404657,Urban,No,496045.28197003726
2299,2.0,2,2008,2.619067144706085,Rural,Yes,484982.04284218943
2809,4.0,3,1959,5.1844263171744,Suburban,No,555671.6150310788
2207,4.0,3,1961,5.288457603446571,Urban,Yes,523648.88017409854
1391,4.0,1,2011,1.1458468101369434,Suburban,No,317183.10197537893
2681,3.0,3,1979,1.187995544518365,Suburban,No,499225.8042469209
1697,3.0,3,2023,3.498749201929545,Suburban,No,397785.8461012345
2455,4.0,1,2017,7.6709873872367,Urban,Yes,562423.455731554
2786,3.0,1,1996,4.293912686785655,Suburban,No,544287.8401271057
2228,2.0,2,1990,2.9008394737730487,Suburban,No,401347.3399745204
1251,1.0,2,1956,2.0167717308098876,Suburban,Yes,295882.08575654274
1540,2.0,1,2023,3.5247000518330287,Suburban,No,345133.27096528973
2661,1.0,2,2001,5.332952984484262,Suburban,Yes,502253.180704943
1915,3.0,2,1994,1.840415239599917,Urban,No,426543.7712599677
2039,2.0,2,1987,1.1344054131250143,Urban,No,430410.45765710523
2379,5.0,1,1985,2.1457633773041915,Rural,Yes,490006.8562831691
2348,4.0,3,2007,7.641815750162964,Suburban,Yes,544166.8874407349
2139,1.0,3,1995,5.1967876364350465,Urban,No,482076.651364981
1895,1.0,1,2016,5.006505205609643,Suburban,No,432832.0467656498
1843,5.0,1,2014,1.1777736251103414,Suburban,No,404437.2966837858
2428,5.0,2,1967,7.39850032562612,Urban,No,563382.1069435732
2276,4.0,1,1951,2.8171800042397956,Urban,No,452780.1213851096
1871,3.0,1,1953,1.8177895836244697,Rural,Yes,358379.7543253917
2541,2.0,1,1991,8.578296140101964,Suburban,Yes,526048.7293871955
1935,,1,1998,5.370471601421769,Urban,,440730.0057208174
1574,2.0,2,1998,7.740397731864938,Suburban,No,373133.2219913945
1620,3.0,2,1956,8.396964064924932,Suburban,,360901.07104603725
1510,4.0,1,1958,9.681552773913932,Urban,No,376894.42713700014
1863,2.0,1,2020,6.61329548254669,Urban,No,468642.15626310796
2616,1.0,3,1976,1.6145023106443368,Urban,No,525966.0156162058
1597,1.0,3,1970,6.019193848716245,Rural,No,308087.8754801947
2094,1.0,1,1984,5.585703743928649,Urban,Yes,448811.0573292675
1671,5.0,3,1985,1.5180741834012772,Suburban,No,397453.2331904412
1869,5.0,3,2016,3.756718543247153,Rural,Yes,463654.31339369924
1244,3.0,2,1992,4.709602001680193,Suburban,Yes,340185.05071435124
1889,2.0,2,1957,2.448777975981508,Urban,No,388921.24473853636
1903,5.0,2,1985,1.0788547887275255,Urban,No,438449.5535371348
2270,1.0,3,1997,7.812804137350833,Urban,No,491999.27358498133
2111,5.0,1,1995,8.66470970357593,Suburban,Yes,510389.7834828933
1400,1.0,2,1981,3.0619148645787817,Suburban,No,309246.8273586967
2542,2.0,3,1956,1.0342030426562332,Rural,No,447387.3363394094
2105,3.0,1,2023,9.009432526926188,Urban,No,551212.6443498536
2099,4.0,2,1961,2.205639834772525,Suburban,Yes,406026.529189261
1995,4.0,3,2004,,Urban,,519776.4046052506
1741,1.0,2,1972,4.293696227941184,Suburban,No,359821.76083333744
2108,5.0,3,2001,2.478352605258174,Urban,No,508914.4634287447
2237,5.0,2,1962,6.389295056231922,Rural,No,458669.4668012768
1126,1.0,3,2020,9.26687881095844,Suburban,No,310327.3800362137
1730,2.0,1,2002,5.623510003777399,Suburban,,423670.9391839605
1872,1.0,2,2012,9.756211480881177,Suburban,No,413273.76056843385
2128,2.0,2,2023,2.7169458343185244,Suburban,No,430045.1676887141
2596,3.0,3,2020,8.636521185110254,Suburban,No,574982.4431137947
1614,3.0,1,2000,3.3121727094417617,Suburban,No,395128.16722516017
1751,1.0,1,2007,3.254873567700626,Rural,No,368007.43059616827
1743,3.0,2,1976,2.059223103775866,Suburban,,390867.49857072876
1599,5.0,3,1956,8.772697060164042,Suburban,Yes,404956.0676976074
1826,2.0,2,1999,7.525528581464595,Urban,Yes,452258.21899681556
2385,4.0,3,1973,4.074911502400753,Rural,Yes,461316.9614734099
1473,4.0,1,1974,4.144751286092456,Rural,No,285869.38375785056
2213,3.0,2,1993,8.603151506137412,Rural,Yes,485986.58150050655
1149,2.0,3,1985,9.34823564115444,Suburban,Yes,317587.5468884781
1719,5.0,1,2006,6.421833197967836,Suburban,No,444499.89710163174
1835,4.0,3,1986,4.661554191018249,Suburban,No,415570.11994974787
2837,5.0,2,2001,1.4782925860767335,Urban,No,598754.1073163088
1862,5.0,3,2012,2.139085133141922,Suburban,Yes,421089.526109994
899,4.0,2,1956,2.276090403374903,Suburban,Yes,234454.69089695462
1000,4.0,1,2009,3.491230100812237,Suburban,No,291214.7769179263
2017,3.0,3,1986,3.3132864058727183,Suburban,No,372177.8994172949
2306,2.0,1,1970,5.885934830569843,Suburban,No,437420.45447983086
2187,1.0,1,1995,9.496898924427644,Suburban,No,455271.91815741675
2083,2.0,2,1970,8.754949196798442,Suburban,No,424450.127024005
2581,1.0,2,2021,5.582467033655527,Urban,No,539204.2184389875
1730,4.0,1,2001,1.155684338088744,Urban,Yes,445437.2490101615
2447,5.0,2,1978,1.615590129196189,Urban,No,510027.1913271811
1183,2.0,1,2018,8.743158164038354,Suburban,No,297180.95344623725
1547,5.0,2,1988,3.552670239323145,Urban,No,375345.6581705358
1096,2.0,2,1976,3.862813759334313,Urban,No,328308.2227951426
1862,2.0,3,1959,2.2579971056425663,Suburban,Yes,364276.3435753304
1976,5.0,3,1985,3.0080207384714766,Rural,No,368592.0845472109
2057,3.0,2,1965,3.2246935166312913,Urban,No,434661.1047646817
2030,4.0,1,1985,4.70884118745728,Urban,No,434630.21027272736
4608,,1,1983,6.608309603319285,Suburban,No,376252.67377021344
1904,3.0,1,1986,4.17840475333567,Suburban,Yes,385725.80756473454
1251,2.0,2,2021,5.048769402561657,Suburban,No,308736.84352902975
2681,4.0,2,2017,2.6371008724342895,Urban,No,604090.7156566316
1848,2.0,1,2008,1.5075073630618507,Suburban,No,366472.25460812944
1755,1.0,3,1978,4.134163390565071,Suburban,Yes,382297.2920614541
2794,2.0,3,1980,1.5624231738972973,Urban,No,529619.3447074047
1378,5.0,1,2015,3.6974812403147808,Suburban,No,361230.0655782567
1437,2.0,2,1952,8.538389095790919,Rural,No,297716.73669386585
1451,1.0,2,2018,4.302377588818262,Urban,Yes,408206.8181290326
1966,2.0,1,1971,2.739355890039641,Rural,,386087.92174546863
2215,1.0,3,2022,9.118607890788134,Urban,No,504408.39009702
2369,4.0,1,2002,6.754144081083021,Suburban,,505581.89779503
3285,2.0,1,1997,9.894266213889367,Urban,No,666990.8562899554
875,1.0,1,2022,3.7022627750632386,Suburban,Yes,277997.7900414555
2304,4.0,3,1996,2.803321663831553,Suburban,Yes,471151.51538553764
1721,5.0,1,1991,3.6814625481494274,Urban,Yes,424329.9001203048
1706,3.0,3,1953,8.312431233074623,Urban,No,376061.09166327544
1690,1.0,2,1991,2.3637567609305967,Rural,Yes,331306.4939238825
1545,5.0,3,1992,3.169704750583728,Urban,No,408896.9061182858
2842,4.0,3,1991,7.314696630669079,Suburban,No,588151.2341204524
2421,5.0,1,1952,7.642003882399301,Rural,No,483284.4937578555
2011,2.0,2,2008,9.629572052309237,Urban,No,496330.6206504457
2675,3.0,1,1960,9.821365091508378,Suburban,No,487703.40357669274
1243,1.0,3,1984,,Suburban,No,301725.7765812577
1334,4.0,3,1999,4.265151588312067,Suburban,No,347007.7653097955
911,3.0,1,2012,5.0771274981017935,Rural,No,234863.00499262346
1650,4.0,2,2019,4.9534093974224644,Urban,No,429507.21431848384
2080,5.0,3,1955,4.486401791486772,Rural,No,417337.66865843005
2051,4.0,3,1981,4.044207030528947,Suburban,No,413444.1567710954
2074,4.0,3,1960,2.511102946547793,Rural,No,405385.3031228873
1294,5.0,2,1992,4.295431337168182,Urban,No,353944.7153564847
2401,5.0,1,1988,9.723067608968304,Rural,No,499678.5636620392
2119,3.0,2,1962,8.939407087671205,Suburban,No,408833.0834775889
2366,1.0,2,1962,6.555939730252465,Rural,No,419931.8653883479
1053,5.0,3,1988,2.7352538258514425,Suburban,,296001.5095780502
2155,3.0,2,1995,8.907982681700954,Rural,Yes,450860.2115377373
1406,4.0,3,1983,3.8067939966987856,Suburban,No,330657.22493503324
1801,4.0,2,2016,5.911433834257018,Suburban,No,439124.41956403275
2267,2.0,2,1981,9.206153090022893,Rural,No,461277.58954611095
2045,5.0,1,2017,4.012210950137298,Suburban,No,470555.8948542579
1574,3.0,2,2014,9.220084603882086,Suburban,Yes,467354.1954177189
2003,3.0,1,2022,3.116155221174881,Suburban,No,453147.6650304324
1234,1.0,3,1956,9.358327934472488,Suburban,No,303733.8292086528
2575,3.0,3,1952,4.227989250222234,Urban,Yes,488180.957736841
1897,5.0,1,2021,4.371410879356986,Urban,Yes,490862.05537570466
2559,3.0,3,2018,5.977071294811415,Urban,No,591615.438558691
1736,2.0,3,1998,4.123238256943644,Rural,No,371641.6375260735
1738,4.0,2,2007,5.0498417072966,Suburban,,442317.7055012118
1617,4.0,1,1977,5.511915776292947,Urban,Yes,394129.2140295707
2438,3.0,3,1976,5.419175937219551,Rural,No,434786.18359115836
1645,3.0,1,1971,9.649985098722563,Suburban,No,361361.03786227014
2322,3.0,2,2020,3.536096075202141,Suburban,No,452600.43680373876
1808,3.0,3,1962,3.561216218522828,Urban,Yes,431703.3228996228
1012,2.0,3,1971,8.541295209328112,Suburban,No,229891.1916562102
1714,5.0,1,1954,4.528079576644664,Urban,No,404013.2672219598
1410,2.0,3,1971,1.6587742951945812,Suburban,Yes,315183.35926956456
2016,,1,2002,5.331285811865028,Suburban,No,458889.84161401226
1404,2.0,3,1988,5.952060230018424,Urban,No,373207.50861129054
2462,4.0,2,1986,6.5592346118726,Suburban,No,561044.0230716014
1954,2.0,2,1980,3.115839328636232,Suburban,No,347254.1741760373
1911,3.0,1,2011,9.759334949393194,Suburban,No,463862.3714547892
2327,2.0,3,1955,7.633164445268195,Suburban,Yes,512652.0690061713
2481,3.0,3,1983,,Urban,No,506773.18628775043
1989,5.0,1,2001,8.855852174429762,Urban,Yes,537384.5732986705
1614,4.0,2,1979,1.235148081085879,Suburban,,352536.66581835813
1113,5.0,2,1962,6.518280058930008,Suburban,No,300190.982610073
1656,5.0,2,2007,8.360532180048956,Urban,Yes,487396.0016730834
1691,4.0,1,2002,1.3093637053346174,Urban,,395582.4691416898
2053,3.0,2,1969,7.80531142740839,Suburban,No,436284.2960608265
1827,3.0,1,1955,9.907275251249356,Rural,Yes,362208.7966827165
2343,3.0,2,2004,6.340693146773485,Suburban,No,509126.0784786446
1693,,2,1980,4.82223150899693,Rural,No,366826.03071046993
1971,2.0,1,2008,5.082475285668849,Suburban,No,482040.69489732775
2591,,3,1968,7.115326988799018,Suburban,Yes,488998.2758342137
2170,2.0,3,2019,6.1296018532858065,Urban,No,511795.0504737058
1969,2.0,3,1977,8.088132128728757,Urban,No,417886.1674045985
1699,5.0,2,1962,4.794738058477129,Suburban,No,398254.1309581448
1683,1.0,2,2001,4.755921861113193,Urban,No,400052.48436714837
1574,3.0,3,2023,7.713688388716792,Suburban,Yes,447891.8484260177
1729,2.0,2,2010,6.809668041165965,Suburban,,439941.75226457644
2377,4.0,2,1990,8.002882297482419,Urban,No,537495.3071161674
1889,2.0,3,1994,8.984473519706029,Urban,,447826.1539763014
1325,3.0,1,1956,3.3706526005710127,Suburban,Yes,291117.6269794802
2884,2.0,3,1963,3.835322841374944,Suburban,No,545096.5616706942
2159,5.0,3,1985,5.74255667474624,Rural,No,460641.9898180959
1296,5.0,1,1957,9.374075117271888,Suburban,No,331732.9309838206
1779,2.0,2,1961,8.512191098323889,Urban,No,450916.5072858668
2055,5.0,3,1989,5.216011473316125,Suburban,No,480493.79449613445
2852,4.0,3,2011,6.1580699898917866,Urban,No,616431.8544535029
1445,1.0,2,1963,7.410791112680557,Suburban,No,291811.65355943807
2488,,2,1998,5.704120766750956,Urban,Yes,527571.3488385602
2699,4.0,1,2000,1.8860384883611931,Rural,No,530349.836490718
1685,4.0,2,2011,4.174631086914992,Suburban,No,380347.79248680436
1861,4.0,3,1954,1.4285104647281714,Suburban,No,365680.36408575677
1481,3.0,2,2016,7.028788206972374,Urban,No,433703.5738830064
1898,2.0,2,1950,4.034114058764203,Suburban,No,336710.83267806255
1981,2.0,1,1998,7.645264244057928,Suburban,No,459088.196529939
2329,2.0,1,1966,4.867391477060048,Urban,Yes,439933.58107487403
2545,1.0,3,2022,1.4102949457528173,Suburban,Yes,532629.7053124852
1625,4.0,3,1984,,Rural,Yes,365906.12731391675
1016,2.0,2,2016,2.968251031908074,Suburban,No,288697.33066175773
1989,5.0,3,1962,2.9286167571572026,Suburban,No,418312.3946896342
2146,3.0,3,1986,4.3984885229521655,Urban,No,473158.4219462434
2124,1.0,2,1987,9.804936792983634,Suburban,No,447080.49838993425
1836,3.0,2,1955,9.640623298858774,Rural,Yes,372890.43769278703
2062,4.0,2,2012,8.23108805859301,Suburban,Yes,495069.22431939864
2757,5.0,1,1998,3.2092052526263672,Rural,Yes,546774.4504764877
2190,4.0,1,1958,7.8753619314851635,Rural,No,381730.3985994748
1813,2.0,2,1985,1.138271036815638,Suburban,No,358928.799102522
1749,3.0,1,1972,1.507141509442398,Urban,Yes,381955.8329890213
1915,5.0,1,2006,8.521594893906492,Urban,No,501091.55003740406
2818,3.0,1,1999,6.078129414033874,Suburban,,584750.6639576273
1908,1.0,3,2008,4.35976907527045,Urban,No,471210.52867936535
1990,5.0,2,1956,7.664125238799716,Suburban,Yes,471875.13569880906
1758,1.0,2,1996,2.029266853610944,Suburban,No,335560.7235177212
2549,,3,2005,3.580178151183494,Suburban,,570930.3445058849
2979,2.0,1,1957,7.548477060051685,Urban,No,516580.73212507454
2225,3.0,2,1985,2.864519406404038,Rural,Yes,438253.97796212253
2041,3.0,1,1991,6.405783677910877,Urban,No,467177.57987727015
2018,4.0,3,1988,5.028969254304808,Urban,No,484729.605840943
807,5.0,1,2014,2.8212744171015407,Suburban,Yes,281758.7418055892
2372,5.0,3,1993,8.99544438826338,Suburban,No,533964.7440094731
2067,1.0,3,1995,4.919748033406149,Suburban,No,420581.0332208849
2214,5.0,1,1962,6.3895597804669295,Urban,,527121.3007623533
1644,3.0,1,1986,3.2773387184674423,Urban,No,385225.9589658086
1807,5.0,2,1963,,Urban,Yes,455655.8663219524
1794,4.0,3,1962,1.440854546918747,Rural,No,325584.0484028567
2510,4.0,1,1961,5.3489289935354085,Urban,No,534263.4690906012
1810,3.0,1,2004,4.103614664393708,Suburban,No,382615.5241348044
3041,3.0,2,1977,3.964633939637229,Urban,No,611670.767281017
2215,3.0,2,1971,9.009489617732305,Suburban,No,460725.82069805515
1362,5.0,2,1968,7.334829083938085,Urban,No,375448.6499345771
1935,5.0,3,1979,5.1156057384822375,Suburban,No,478331.13024622155
1674,2.0,2,2003,,Urban,No,388036.5516226966
902,1.0,3,1964,9.759262640105703,Suburban,,278644.3038133733
2799,,2,1979,1.6728876156176702,Suburban,No,543961.1339585803
2351,2.0,3,1978,2.2249543166630783,Rural,Yes,480858.6497000472
2266,2.0,2,1981,3.4328938533434266,Suburban,No,473913.9319825693
2082,4.0,3,1979,9.590755197930338,Suburban,No,492699.52951207495
1308,5.0,2,1965,,Urban,Yes,362784.1827544044
1758,2.0,2,1985,5.422836897851894,Suburban,No,346031.4798020441
2420,4.0,1,1997,7.850482561725538,Urban,No,543336.0700452582
1474,1.0,3,1977,9.362670703445453,Urban,No,333155.1834362514
734,4.0,1,2011,6.445810083422868,Urban,No,274137.2402689822
1886,1.0,3,2005,4.458496624776582,Suburban,No,394988.26115569496
1929,3.0,1,2005,9.86957785054321,Urban,No,493441.42946491245
2067,3.0,2,1966,1.2354636262969645,Suburban,No,368551.20265835256
2364,4.0,1,2011,8.489558498018727,Urban,No,529774.752745572
2318,3.0,2,1970,3.4968683741918833,Suburban,No,388356.85497909045
2129,5.0,3,1986,8.357066314064518,Rural,Yes,508859.11786983744
2597,4.0,2,1983,,Suburban,No,504511.21264591394
1240,,1,1978,4.12136573533474,Rural,No,279864.5021694142
2252,5.0,3,2017,1.5037419417565663,Suburban,,508427.75405635434
2313,4.0,1,2009,2.796600304759286,Suburban,No,470477.0244143831
1380,1.0,2,1960,,Suburban,Yes,309977.7198171699
1248,3.0,2,2009,7.853518507168674,Suburban,No,365150.9241651091
1627,3.0,1,2023,9.201041148488805,Urban,No,433085.0877490571
1669,3.0,3,1983,2.077169830829293,Suburban,No,373111.561032484
2376,4.0,1,1982,2.265155670634093,Suburban,No,459400.0277767299
1692,5.0,2,1959,9.44897996157506,Suburban,No,405668.83943373605
1571,1.0,3,2009,7.893771933906782,Rural,No,356553.90902407037
1694,3.0,1,1975,5.857763104133235,Suburban,Yes,409205.3357988696
2559,5.0,2,1974,,Suburban,No,551871.3306927916
2006,2.0,3,1951,2.4194432825920438,Suburban,No,390110.13602433313
1910,2.0,1,1952,4.413712045443932,Suburban,No,398097.939050553
1944,1.0,3,1981,4.353442938835987,Suburban,No,407401.03874905355
2646,3.0,2,1950,6.835118453676746,Suburban,No,466351.94391715527
1625,2.0,1,1973,6.390144624342346,Suburban,No,329343.82424015115
2657,5.0,1,1999,1.5373992688328046,Rural,No,553227.5639867652
2105,5.0,2,1992,8.636321255647676,Rural,No,441738.1962510445
1919,2.0,2,1993,9.437929570547707,Suburban,No,427967.6738098888
3250,3.0,2,1982,8.02187543460752,Suburban,No,579760.8521937025
4416,1.0,1,1987,2.605459417973316,Rural,Yes,294635.6913525967
1823,3.0,2,2001,2.5495149647023867,Suburban,,437810.1280707064
1383,4.0,1,1984,,Suburban,Yes,374150.75573891157
2476,2.0,1,1966,4.967808543418576,Urban,No,490003.8215648617
2844,4.0,3,2007,8.009234698872085,Suburban,Yes,583760.7801850733
2834,2.0,2,1997,,Suburban,No,549954.9321280068
2611,1.0,2,1992,7.447928412795238,Suburban,No,532678.4865748233
1901,3.0,3,1997,4.816863612511403,Suburban,No,425448.3254312438
1817,3.0,1,1993,1.2788640242484088,Suburban,No,383175.6122049694
1164,2.0,1,1982,5.906421605291805,Urban,No,304444.94118758483
3017,5.0,1,1951,7.291322654303698,Urban,No,592568.8583627405
2234,4.0,2,1959,5.754155900242973,Suburban,Yes,433350.5153521563
1754,3.0,1,1977,2.1059194774509926,Suburban,Yes,397058.13204493286
2664,3.0,3,1996,8.343182086366005,Rural,Yes,563112.381460665
1513,2.0,1,1957,3.8537634743650804,Suburban,Yes,315149.5045097565
2203,5.0,2,1972,9.293138816174613,Suburban,No,469442.74580781994
1913,4.0,2,1997,9.161879107086477,Urban,No,507737.13967970986
2319,5.0,1,2012,2.8032620098298406,Suburban,No,514781.6238111827
1968,5.0,1,1986,5.28728844997622,Suburban,No,450278.4343799483
1274,2.0,2,1961,2.236289715162549,Suburban,No,282231.11964534916
2037,5.0,1,2023,7.099722905238416,Suburban,No,499512.22908321506
2524,4.0,3,2014,8.667252505226045,Rural,Yes,550315.5754017434
1985,1.0,2,1964,6.835359646368586,Urban,No,370395.2787701885
2387,1.0,1,1959,3.344273639609527,Urban,,427708.5911540321
1477,4.0,1,1991,1.6868327031251678,Urban,No,327809.86279508885
1986,2.0,1,1975,1.623344286972276,Urban,Yes,428909.49636156205
1687,3.0,3,1998,6.498352727841305,Urban,No,447675.6746270623
2373,2.0,2,1972,,Rural,Yes,475777.9384166422
2015,4.0,3,2013,7.2575035997480235,Urban,No,480511.73775493
2345,5.0,1,1966,7.575635504084195,Suburban,Yes,486341.86317605496
2543,1.0,3,1983,3.9637030208684148,Rural,Yes,483865.78374229895
2345,5.0,1,2006,6.2743470068010625,Suburban,Yes,512433.44026438176
2136,2.0,1,1953,3.8493998771306934,Suburban,No,389523.2758021669
1500,4.0,2,2020,9.114991723500397,Suburban,,430756.3955055319
1998,1.0,2,2018,2.19262583517924,Suburban,Yes,443483.6837661579
1733,4.0,1,2017,6.688220479066419,Urban,No,432349.1771819621
1827,1.0,1,1999,7.577603520836006,Rural,Yes,419342.8418988993
1812,1.0,1,2016,7.286410952550945,Suburban,Yes,432247.55343831127
1510,1.0,2,2017,3.315850031701538,Rural,Yes,339231.60279186297
1021,2.0,2,2008,5.374285602278876,Suburban,No,287097.800827398
1665,4.0,1,2012,6.970121482980734,Rural,Yes,443102.95104663284
2096,3.0,2,2016,9.378488190138336,Suburban,No,475871.7806621971
1325,3.0,1,1975,5.496939868241702,Rural,No,272989.5363303738
2007,3.0,3,1950,3.7045793928604867,Urban,No,416058.3970583525
2950,4.0,2,2017,4.4786884037157115,Urban,No,603339.0082949369
2511,,1,1967,5.871871252922648,Rural,No,516497.81335403665
2821,4.0,3,1961,9.787229251369766,Urban,No,565721.7847349377
2195,1.0,1,1987,6.654984459638073,Rural,No,428020.50857755623
2583,5.0,3,1991,2.39262544905605,Suburban,No,528660.6680128014
1638,1.0,2,1985,8.588296794115259,Suburban,Yes,377562.91743483103
1677,1.0,2,1965,2.633024775245189,Suburban,Yes,344395.36459207925
630,4.0,1,2014,1.3487157906612999,Rural,Yes,212239.99124590727
2593,3.0,2,2016,1.9018895869908454,Suburban,No,537422.3584393829
2770,5.0,2,1988,8.075095908875838,Suburban,No,555952.7573426132
1723,2.0,3,2008,,Suburban,Yes,415042.1605590261
1873,3.0,2,1987,3.4138292821748237,Suburban,No,371020.6534994803
1623,2.0,3,1965,5.482987936949397,Urban,No,364738.5489811247
2191,4.0,3,2023,6.375007142648361,Suburban,,510380.4084124522
2562,5.0,3,1960,4.76821374464758,Suburban,No,515004.1502816152
1128,4.0,2,1977,1.587916167859317,Rural,Yes,260725.31191881775
2204,2.0,1,1951,1.5098746481063277,Suburban,No,388444.9706398214
1861,1.0,1,1969,4.963144276541771,Suburban,Yes,371188.8065963011
2056,4.0,2,2021,8.180808860311524,Urban,Yes,544117.5915505072
2229,5.0,3,1987,1.761667624047608,Suburban,No,450961.6078435056
1905,4.0,2,2005,2.8510814244876785,Suburban,Yes,449743.8043765832
1948,3.0,1,1988,3.4279108534068086,Suburban,No,389904.04826165835
1893,4.0,3,1980,6.032134168521343,Urban,No,457586.20085129485
2485,2.0,2,1972,1.3887642306136583,Suburban,No,445053.4311670287
2209,4.0,3,1983,8.740385270694102,Rural,No,480932.41975170036
2110,5.0,3,1966,5.2365402871340505,Rural,No,429510.48136945476
1364,4.0,1,1973,5.367092624265964,Urban,No,373032.15883082245
1810,4.0,3,1984,3.938671051502885,Suburban,Yes,425047.69407618645
2449,5.0,2,1972,2.908023369928964,Suburban,No,482061.5775001073
2018,4.0,3,1957,4.273021885807547,Urban,Yes,472819.6324940641
2329,5.0,3,2003,,Urban,No,533700.6212563904
2883,2.0,2,1970,1.8480774675431713,Urban,No,541314.1059044449
2519,5.0,1,1968,1.5465573020597012,Urban,Yes,522235.7285100385
2046,2.0,1,1980,2.030062725437979,Rural,Yes,393010.43783103453
1744,2.0,2,1999,7.992797814526134,Urban,,412710.7125852348
723,5.0,3,2020,1.4357480394671889,Urban,No,317259.70015108207
1915,,2,1973,3.9984871379373237,Rural,No,409916.905414266
1836,3.0,2,1995,4.823731316447926,Rural,Yes,398534.8854977021
2195,5.0,2,1957,5.563999875362605,Suburban,No,436476.18323185836
1923,4.0,1,1952,1.028793262253674,Rural,No,349308.56628727476
1839,2.0,3,1983,5.380887946709013,Urban,No,403054.0585789198
1110,1.0,2,2006,2.7543192796925435,Suburban,No,266370.63886734465
1530,3.0,1,2007,1.8808930262804306,Urban,No,372782.0983709757
2238,4.0,1,1984,5.799666552238709,Urban,No,483816.8414295296
2857,3.0,3,1970,7.697342769492192,Urban,No,577160.4485984694
1951,1.0,2,2014,9.412745859696471,Suburban,No,458235.5007778129
2163,1.0,3,2015,9.213935531416377,Suburban,No,474378.1424416432
2476,1.0,2,2006,4.590969636159405,Urban,No,520324.8264197352
1594,5.0,1,1991,7.336519757892041,Suburban,No,375228.9099542014
2183,3.0,1,1992,7.260581968893083,Suburban,No,480559.81407645426
1629,5.0,3,1975,,Urban,No,389230.2462728407
2432,1.0,2,2016,1.8838936288400627,Suburban,No,492876.9558056428
2075,4.0,3,1975,4.4380802375577755,Suburban,No,440136.42955901544
2149,1.0,2,1957,9.931220941993972,Urban,Yes,417279.9954538019
1608,5.0,3,1996,5.995312122513319,Suburban,Yes,395822.3815380252
2353,1.0,1,1986,,Suburban,No,452677.2202125127
3042,1.0,3,2021,7.694332991775328,Suburban,No,606022.1202790554
1496,5.0,2,1967,7.176932128076695,Rural,No,336626.2991596806
1830,5.0,3,1985,6.209199208756746,Suburban,No,417788.04379421
2115,4.0,2,1951,6.736893449919818,Suburban,No,405350.68685971975
2393,5.0,3,1952,6.264441191059419,Rural,Yes,520678.91175025475
1720,4.0,2,1983,9.606493286073425,Suburban,No,420086.3165799919
583,2.0,2,1995,5.582205391482342,Rural,Yes,224925.15871519747
2679,2.0,2,2011,6.311718216742888,Suburban,No,520022.8331642952
2380,5.0,3,2019,5.244894530642767,Rural,Yes,530129.6722451037
1128,1.0,3,2006,6.4020001730973775,Urban,Yes,355407.8298259012
1696,3.0,1,1959,9.017442163878659,Urban,No,374680.8281856597
2784,1.0,2,1967,,Rural,No,475957.4389291062
2723,5.0,1,1982,5.463125822283397,Suburban,No,561269.3258256867
2469,4.0,1,1956,5.0374985995812915,Rural,No,447793.7436152882
1911,1.0,2,1994,4.5817955345185375,Rural,Yes,392679.80242360075
2041,2.0,1,1978,8.38933514671539,Suburban,No,441063.6080954848
1934,5.0,3,1987,3.087506452317362,Suburban,No,420145.3429913715
2564,1.0,1,1988,5.499262005063866,Suburban,No,504520.99009184935
1562,1.0,3,1974,9.321709721310526,Suburban,No,343246.3312029209
1597,4.0,2,1966,2.4512934113516147,Urban,Yes,356668.02034095774
2505,4.0,2,2010,1.041800378541856,Urban,No,553021.8885666654
1977,4.0,2,2000,3.3870120934825665,Suburban,Yes,466540.9169839072
2689,3.0,1,1986,9.300802239238672,Urban,Yes,554559.7165330192
1664,5.0,2,2016,,Suburban,No,381766.43822285504
1972,5.0,2,1973,,Urban,No,418941.988329027
1538,2.0,3,1998,3.8830574976251464,Suburban,No,326698.1438675505
2003,2.0,1,1970,7.927332682614273,Suburban,No,415163.5222075129
1260,5.0,1,2006,7.761526833792509,Suburban,Yes,381950.83467890666
1756,1.0,2,1990,1.783632570300962,Suburban,Yes,358355.9281032837
1281,5.0,1,1966,9.404580646328709,Suburban,No,302798.2452208232
2346,3.0,2,1970,3.149369289072869,Urban,No,469558.7745106046
2358,2.0,3,2017,3.5257310680990352,Suburban,,509180.7825000338
1134,2.0,1,2013,4.477759407324591,Suburban,No,324463.42794639396
2666,2.0,1,1993,6.710434860577446,Rural,No,458487.3452346994
3248,5.0,3,1977,5.691785066930311,Urban,No,630010.7772128603
2023,2.0,1,1985,9.357534107944156,Urban,No,480151.0773223467
1679,2.0,2,1986,6.081585901185843,Suburban,No,401008.301583332
3412,5.0,1,1993,8.713333290180769,Rural,No,664438.3891403509
1340,1.0,1,1999,1.703834198895371,Urban,No,299052.45230744965
2010,2.0,3,2004,8.703117670783541,Suburban,No,435199.0116912175
2089,2.0,3,1959,2.779418365926921,Rural,No,371282.2323259569
2672,2.0,2,1987,4.262992261211088,Suburban,Yes,515616.1224658879
2179,3.0,1,1998,3.8789797128297003,Urban,No,477792.218799662
1750,5.0,1,2021,4.035533749415932,Rural,Yes,422310.88956271776
1524,2.0,3,1951,9.268129916714722,Suburban,No,344348.0661153224
1829,3.0,2,1993,4.974343502623221,Suburban,No,387280.0894235785
1496,1.0,1,1984,3.4117140718574444,Suburban,,316903.40919955174
2023,1.0,2,1970,3.6496180287693405,Rural,No,343095.9831861712
1717,3.0,1,2006,8.230028084988103,Urban,No,432359.70449435624
1252,1.0,3,1972,5.852028720042465,Rural,No,260501.85337623305
2627,4.0,3,1981,5.045474071689104,Suburban,,540880.184849798
1751,1.0,3,2020,9.341324971121077,Suburban,No,395443.2692046802
1365,4.0,3,1982,9.370069305618093,Rural,No,315396.7269323775
1915,3.0,3,1966,7.805064190287013,Suburban,Yes,414308.72732433537
2034,4.0,3,2021,5.662058625771078,Rural,No,482550.9602593912
1126,1.0,2,1991,2.049504760576754,Suburban,No,250412.08464259026
2165,2.0,3,1966,7.371548514517513,Rural,No,364942.4645716639
1476,4.0,2,1997,8.336010980418344,Suburban,No,391877.51928214467
2855,1.0,3,1997,8.668375006207985,Suburban,No,567379.4170921501
2261,2.0,1,2006,6.236787475174177,Urban,No,488847.6272385727
1800,,1,2010,,Urban,No,450027.1709750244
1627,3.0,1,1993,7.383618474314642,Urban,No,435519.45437969273
1947,5.0,2,1972,8.865359872586595,Urban,No,465422.639326062
2306,3.0,3,2002,1.4088151745223598,Suburban,Yes,474192.4093701324
1987,5.0,2,1982,6.068997510461902,Rural,No,407804.599224545
1891,3.0,3,2005,4.321865778152319,Urban,No,446332.0721060516
2029,3.0,1,1977,8.498433048461482,Suburban,No,413870.80197540036
1698,3.0,2,1972,2.204300274522086,Urban,No,377695.27508360136
5484,5.0,3,2012,9.187312198476274,Suburban,No,498592.4852992479
957,5.0,2,1956,2.116059505493036,Suburban,No,230812.95785716275
2486,4.0,2,1951,1.8039403595840007,Suburban,No,429820.41186560894
2149,1.0,1,2014,4.118492750703863,Suburban,No,415208.87885949505
1613,1.0,1,1953,9.952517914186851,Rural,No,274570.0035954749
2949,1.0,1,1957,6.704224493967524,Suburban,No,504974.21343657427
2043,3.0,1,1998,1.2379471219600187,Urban,No,430391.05393512745
1481,1.0,1,1978,3.2433799556632286,Rural,No,283474.9012184516
2428,5.0,3,2004,2.3424884715626733,Suburban,Yes,564791.0747591298
2199,4.0,3,1986,1.009038169783367,Suburban,No,455256.83326403366
2197,2.0,1,1955,5.634466939120213,Suburban,No,422351.78318692197
1787,4.0,1,1973,4.429969038243398,Urban,No,440310.20178768213
2225,1.0,1,1989,6.5195221810503385,Rural,Yes,404072.963450817
1869,1.0,2,1961,2.9472780789157618,Urban,No,397609.2436481021
2277,,1,2013,8.479477779257714,Urban,No,574816.6798759616
1047,4.0,3,1995,4.448468405611562,Urban,,313439.6318510483
1783,5.0,3,1963,5.346142270477284,Rural,Yes,399029.85599396646
2861,5.0,2,1976,7.592373450605429,Suburban,No,542485.0022082687
1616,2.0,3,1986,2.4954861056165383,Suburban,No,331543.60311602
1698,5.0,1,2011,3.3610904285381302,Urban,Yes,485802.104525903
1776,5.0,2,2016,2.392767962767636,Urban,No,447839.15826376557
1392,,2,1963,7.912734516030641,Rural,No,279449.94533583376
895,3.0,3,1988,1.8776963298716434,Rural,Yes,221236.25773681494
1884,3.0,1,1954,5.401026662153435,Suburban,No,369425.94919793867
2067,2.0,1,1975,7.74918673905187,Rural,No,376612.6363484656
1973,5.0,1,2002,5.569856526369453,Suburban,,433673.76658455876
1927,1.0,2,2012,5.578092063403256,Urban,No,476212.2862008076
2021,4.0,3,1960,1.5730727305200625,Suburban,No,374770.06265928136
2511,1.0,3,1982,8.045750911208529,Urban,No,477773.7589982424
1904,1.0,3,1990,6.436069205364427,Suburban,No,393916.58294438414
1712,5.0,1,1989,7.007617552461941,Suburban,No,424567.7796763951
1859,4.0,2,1995,7.892196246233328,Suburban,No,410951.158199079
2289,4.0,2,1953,6.045560216833659,Urban,No,464797.51863036695
2706,3.0,3,1960,5.5776069663246535,Suburban,Yes,562183.1089517693
1685,2.0,3,1976,6.968487165730157,Rural,Yes,380632.86461837403
2049,5.0,2,1957,9.100073525403701,Suburban,No,427647.9331127363
2169,4.0,3,1970,6.746475067804265,Suburban,Yes,472219.17773257656
1503,5.0,2,1954,8.09489575679598,Rural,No,333115.39359444304
2010,3.0,2,2011,5.322445766722407,Rural,No,400184.16288495983
1267,1.0,3,1981,6.3061474644829385,Rural,No,264950.6256811073
1115,4.0,2,2007,2.621346796294583,Suburban,No,317641.9679732559
2183,3.0,2,2021,5.396662413342387,Suburban,No,462343.6772317079
1808,5.0,3,1976,2.3400092527439336,Rural,No,370465.1211715506
2101,3.0,3,1975,5.203193015513339,Rural,No,369871.00262417924
1991,,3,1989,1.5845651528247364,Suburban,,435960.6526385766
1511,3.0,2,1978,6.185866393430413,Suburban,No,393004.69290619844
1977,3.0,3,2022,3.5806190255192076,Suburban,Yes,471557.8693496189
1383,3.0,3,1956,8.574794594102478,Suburban,No,309804.69571116776
2695,3.0,2,1970,4.38637355599135,Urban,No,487573.2999595172
1322,2.0,2,2016,,Suburban,No,371562.032320987
1902,5.0,3,1959,5.25598874288617,Suburban,Yes,436104.90562754887
1478,1.0,3,2011,8.639857150511949,Urban,No,407418.47527247487
2285,5.0,2,1957,3.67544318730413,Urban,No,501692.5717819075
1834,4.0,2,1953,5.064419062668994,Urban,No,411554.50244543387
1740,4.0,1,1978,6.702989659711475,Suburban,No,376779.5380074007
2426,,2,1961,3.3278580101478954,Suburban,No,436287.1452138908
2014,3.0,2,2000,6.915954938292812,Suburban,Yes,467212.0616058675
2258,2.0,1,1968,3.5974212481731387,Urban,Yes,439857.39818829054
1509,1.0,3,1980,5.3586340573328695,Suburban,No,338546.65080844157
1297,3.0,1,1975,1.2103282205598087,Urban,No,342008.8891169578
2053,5.0,2,1955,1.7036408996541157,Suburban,No,436032.6247282323
1840,,1,1978,3.0439107232280005,Suburban,No,358044.46148013463
2313,2.0,1,1966,8.258437023941626,Suburban,No,471583.2142999663
1960,2.0,1,1969,6.943457741064426,Suburban,Yes,418399.71396004583
2102,,1,1991,9.041033143578511,Urban,No,509573.92427998706
1188,3.0,1,1996,9.142398285077489,Rural,No,298854.16897430486
2944,3.0,1,2023,4.372042618056319,Urban,Yes,604865.6117515917
1917,3.0,3,2019,4.307778155578927,Urban,No,468918.2747004311
2348,1.0,1,1951,8.52168744638874,Suburban,,444956.9494133834
1581,1.0,1,2023,4.837989430616231,Rural,No,357246.78659325675
2154,3.0,1,1986,8.714811743724493,Urban,Yes,493737.76697919675
1348,5.0,1,1968,5.553368523585674,Suburban,No,332570.52739906264
6678,2.0,2,1990,4.822418118115015,Suburban,No,480864.3279637494
1822,4.0,1,1965,3.511629080042766,Urban,No,421824.3329881244
2014,2.0,1,2009,2.1383816001073503,Suburban,Yes,428857.7950737423
2348,2.0,1,2006,5.733120767301388,Suburban,No,474218.452662186
1383,4.0,3,2013,3.9270260376175936,Rural,Yes,356294.08102424466
1657,3.0,1,1954,3.2449619978687374,Urban,No,335738.4514995427
2228,2.0,2,1967,2.5269414965656587,Suburban,Yes,445595.61259286397
3049,4.0,3,2021,4.497599090539648,Suburban,No,638316.4369271281
1930,5.0,2,1962,6.002854853897913,Suburban,No,395765.76479722816
2295,5.0,3,2023,8.533233677113616,Urban,No,593072.9294932679
1946,5.0,3,1985,8.38171003184734,Urban,Yes,515981.8037100298
2971,3.0,1,1968,8.695570790581957,Suburban,No,578442.8219708034
1126,2.0,1,1980,,Urban,,330114.8709867478
2047,2.0,3,1972,6.03594934418163,Suburban,Yes,396564.9580892717
1187,,1,1981,9.146275025059724,Urban,Yes,357888.5800762924
746,5.0,1,1960,3.59692221156945,Urban,No,206325.55825586032
2148,3.0,3,2015,2.3090549689376063,Suburban,No,445538.956761846
2069,4.0,3,1954,1.744972950314502,Suburban,No,414980.89077556465
1857,3.0,2,1962,8.929401701587004,Urban,,453790.8359426235
1946,2.0,3,2013,4.3459589427339615,Suburban,No,428256.271003751
3549,5.0,2,1984,,Suburban,Yes,676912.6670681754
1870,1.0,2,1978,8.227540415846178,Suburban,No,411076.9451238448
2255,3.0,1,1972,4.358512403815542,Rural,Yes,448424.2431785392
1675,,1,1965,8.811592755343668,Urban,No,370219.78558166954
2147,2.0,3,1975,3.8952808272709016,Suburban,Yes,388826.57009851304
1880,4.0,3,1952,7.591440037039498,Suburban,No,381713.21837197157
1794,3.0,2,1972,7.006329446385818,Rural,No,365171.9592342486
2909,2.0,2,2006,2.812114947328001,Urban,No,620952.0626743525
2588,5.0,1,1958,2.120480247833245,Urban,No,531976.0617463765
2068,3.0,3,2000,2.0039920604108454,Suburban,No,421696.3162993219
847,1.0,3,1982,,Urban,No,282704.30466041714
1819,3.0,3,1973,1.1164938491156269,Suburban,,395905.2290228139
3351,2.0,3,1999,6.946067675052457,Urban,Yes,677829.6668167992
1884,2.0,1,2001,8.037691913426832,Suburban,No,447122.71282201994
2551,1.0,1,2020,3.7225920782885655,Suburban,No,485683.57192183315
2720,2.0,2,1987,7.7113044788355145,Suburban,No,540204.948625282
2109,3.0,1,1993,2.488476601405029,Rural,Yes,407751.78035881027
1579,1.0,2,2005,9.644418526830318,Suburban,Yes,373138.6613832226
2346,2.0,1,2015,3.0885956963386714,Rural,No,195711.18730986174
2342,2.0,1,1994,5.395285394074877,Suburban,No,468415.9095113761
1592,3.0,3,2001,9.82446677718913,Urban,No,439952.5387448007
2088,2.0,2,1950,9.16424178191741,Urban,No,457633.3798836444
1375,3.0,2,2013,6.93518641972659,Rural,Yes,352046.7706182435
1867,5.0,2,1957,4.322734828268399,Suburban,No,389189.7631275936
2016,3.0,1,1992,7.3007950265182755,Rural,No,432371.39948878053
2134,4.0,3,1957,5.142462004009669,Urban,Yes,475282.4908595426
1442,2.0,1,1978,1.9795596540386589,Rural,No,265217.82119627245
2598,5.0,3,1962,8.163799198826514,Urban,Yes,558698.9536712933
1701,1.0,1,1950,8.844504057777153,Rural,Yes,352352.95395102183
1162,4.0,2,1978,4.668462397601185,Suburban,No,313431.73952301743
1945,1.0,1,1999,6.991536792329565,Suburban,No,422304.47064565733
2017,4.0,2,1986,1.2732638263311307,Suburban,No,438765.103918527
2080,5.0,3,1950,,Suburban,Yes,436914.83497754805
2681,5.0,2,2018,6.132375301001009,Suburban,Yes,650227.3761821876
1881,5.0,2,1997,3.466743611664168,Suburban,No,394744.73920533474
1940,4.0,2,2004,9.49927232152464,Rural,No,444110.2768669604
1448,3.0,2,2015,,Suburban,No,373083.15022759035
2410,1.0,3,2012,6.895055917147604,Urban,Yes,546979.043964535
2092,3.0,1,1971,9.989558269091495,Suburban,No,417437.3903641476
1789,3.0,1,1960,3.18923103153382,Urban,Yes,364617.31662301417
1047,2.0,1,1978,9.272143337042873,Rural,No,249156.11369827835
2722,1.0,1,1952,3.7411609510901718,Urban,No,511078.03944497695
1386,4.0,2,1994,,Suburban,Yes,365662.8700530706
1704,2.0,3,1952,4.909304857354621,Suburban,No,357505.1999349572
2179,2.0,3,2023,4.988931347323232,Rural,Yes,464346.1861991409
1401,5.0,1,2017,7.862590217231766,Rural,Yes,370210.82733954303
1253,4.0,1,1963,4.127890779313258,Suburban,No,281912.56342842826
938,3.0,3,2014,5.567755450968652,Urban,Yes,347327.85877461726
2360,3.0,3,2006,2.905422411637114,Urban,Yes,563921.3691116812
1727,3.0,2,1964,7.871244033999736,Urban,No,417402.38697908644
3463,5.0,3,2009,5.9673837994550585,Suburban,Yes,728025.6318733058
1502,3.0,3,2003,3.2955723753427173,Suburban,Yes,362568.6199439598
1539,1.0,2,1951,3.393415732732275,Urban,Yes,311344.62493323116
1717,3.0,2,2013,3.6418310203057986,Urban,Yes,425319.96908924583
2121,3.0,2,1977,7.2936275522580365,Rural,No,424600.7486717569
1764,1.0,3,2016,6.355828018057007,Suburban,Yes,407555.11814664165
2306,5.0,3,1952,8.40021094553871,Urban,No,546124.4698735649
1510,2.0,3,2002,6.1437692370137045,Suburban,No,372455.5049444446
1309,,2,1975,3.7598805278369873,Urban,No,311363.88840842247
1100,5.0,3,1953,9.665831817939543,Rural,No,278199.9972961117
888,,3,1965,8.974937799053752,Urban,Yes,303037.8705070593
1740,2.0,2,2021,3.5093925831388475,Suburban,No,380273.8337752934
1849,4.0,1,2003,9.214236685330023,Suburban,Yes,471432.78336828155
5052,4.0,1,1965,7.48111906293016,Suburban,No,371299.9230854688
2621,4.0,3,1980,4.73224411756269,Suburban,Yes,552012.6330172403
2614,1.0,2,1951,5.20189135872997,Urban,No,488920.6824054353
1832,1.0,2,2022,5.017433880756383,Suburban,No,391879.4603609202
1103,2.0,3,1994,8.171771332689449,Urban,Yes,358051.27049577056
1716,3.0,3,2003,2.57953782829413,Rural,Yes,371640.8655215808
1700,2.0,1,2008,1.528011026438472,Suburban,No,342964.75618400157
1671,3.0,2,2008,5.486121204402564,Urban,No,424738.76192834415
1651,5.0,3,1971,3.613686106295104,Urban,No,445466.4415934026
1673,4.0,2,1983,6.075318826905834,Suburban,No,401889.5062998934
1806,4.0,3,2022,9.803753838792062,Urban,No,511504.58570342296
1682,1.0,1,2005,7.043073084630451,Rural,No,337053.968132913
2104,,3,1983,9.632964959694018,Suburban,No,493748.27763546846
2180,5.0,1,1975,7.588492411263119,Urban,Yes,536680.7590865692
1544,3.0,1,2020,1.6832353134208318,Urban,Yes,440508.93468699633
2635,5.0,3,1994,9.003707842354764,Suburban,No,543330.0589855714
1509,1.0,3,1970,2.790276372412056,Rural,No,294414.4323326531
1191,,1,1992,8.783104050895084,Rural,No,304251.9657725614
2190,2.0,2,1988,7.741750610428196,Urban,No,527112.7132305457
1591,3.0,2,1962,8.547558194816363,Urban,Yes,393569.07578705286
2160,2.0,1,1991,3.282223980872425,Suburban,No,422446.02881294355
798,3.0,1,1994,8.266571356017996,Urban,No,308243.0753210904
2696,4.0,3,2000,6.493168402394737,Rural,No,553238.3234075144
2336,2.0,3,1966,1.7368572315945374,Suburban,Yes,472895.7446150186
1249,1.0,1,2012,9.002187339726458,Suburban,No,299760.6162675603
1260,2.0,1,1956,8.891301381599266,Rural,Yes,291890.918775035
2836,2.0,2,2004,6.147920191090136,Urban,No,607148.6851828719
1631,3.0,2,1953,5.073618802140337,Suburban,No,341466.59677222295
1582,4.0,2,1980,4.60492321660058,Suburban,No,393878.9414979466
866,3.0,1,2005,6.424635546020117,Suburban,No,258262.0469825893
5472,3.0,1,1953,8.575217107242551,Urban,No,397588.13264015585
1886,4.0,2,1989,6.09334893765338,Rural,,418298.7833741792
2357,3.0,2,1996,2.1668663344928096,Suburban,No,491663.6062454975
1300,4.0,3,1999,3.755522641298744,Rural,Yes,351870.7635101613
1239,1.0,3,1972,7.014221109949496,Rural,No,256231.8473179713
2225,4.0,1,2000,6.821422776186809,Rural,Yes,473913.05190944154
2503,5.0,3,1987,5.670083153666613,Suburban,No,531868.1112748045
1214,4.0,1,1958,3.164301507989082,Suburban,,282357.7117789217
2540,4.0,1,2010,3.4352173591913404,Suburban,No,534036.6193505471
2018,,1,1970,5.35824656341997,Suburban,No,387005.9590922579
2545,4.0,2,1958,4.550466240890014,Suburban,No,519621.2021422229
1964,2.0,3,1974,3.843432155262846,Suburban,Yes,393341.5000192641
738,3.0,3,1985,8.465123112984669,Rural,Yes,232691.4376767995
5772,3.0,3,1992,5.536168509461111,Urban,No,430105.6143615331
2530,1.0,3,1977,5.527618807951395,Suburban,No,478980.1701401589
1553,1.0,2,2013,4.852503305160914,Rural,No,340413.88036416227
1806,5.0,3,1994,7.128125335860246,Suburban,Yes,441171.4028739068
1911,2.0,3,2005,2.5808471722453232,Urban,No,436222.68670644786
550,1.0,2,1997,9.49229262624278,Urban,No,212378.53609473276
2835,3.0,3,1957,1.9415140144644638,Urban,Yes,515077.12388458254
1549,1.0,3,1963,7.392697967215029,Urban,Yes,383593.56504408905
2252,1.0,2,1964,7.338724023113959,Suburban,Yes,443279.629083261
1956,4.0,2,1988,2.025439933807061,Suburban,No,432571.2160928229
2628,1.0,2,1974,9.937384775274662,Suburban,Yes,525045.9822448993
2203,5.0,2,2012,1.308824902327126,Suburban,No,468318.75016442925
1882,3.0,1,2008,4.28220969182249,Suburban,No,445074.35640631267
1553,5.0,2,1978,4.822932259320678,Urban,No,385681.03256367135
2398,5.0,3,1952,8.225255559335269,Urban,No,544003.9393384906
1063,2.0,3,1988,1.2683564299085601,Urban,Yes,336458.9303730724
2322,4.0,3,1971,6.013181427729895,Suburban,No,466491.5241940206
1450,5.0,3,1990,2.836009162322931,Urban,No,402271.6902493762
2626,2.0,1,1969,6.153298842567297,Urban,No,532834.2775621802
2080,3.0,1,1968,6.817122012672441,Urban,No,449589.49055258214
2322,3.0,1,1962,1.3072700510241215,Suburban,No,434147.30561116996
2040,2.0,3,1968,,Suburban,No,374782.0478678012
1123,5.0,3,2015,1.7670196444371638,Suburban,No,342056.7418557542
1569,5.0,2,2014,8.67049700380942,Suburban,Yes,433228.71821218345
2336,4.0,2,1952,9.340004560095592,Suburban,No,460905.54553405306
2083,4.0,3,1973,4.939504052803926,Urban,No,437507.3260091445
2590,3.0,2,1987,8.873166641040168,Suburban,No,549160.9303889575
2201,,2,1951,5.285891600524415,Suburban,Yes,424664.53338332404
1516,2.0,3,2005,4.6101366489391165,Urban,No,387308.0975541152
1601,3.0,1,1986,5.7812046298437405,Urban,No,391287.7299365361
2051,5.0,3,1953,8.111670564735878,Suburban,No,461507.2592958786
842,3.0,3,1993,3.01389253988339,Suburban,No,239487.46833007477
2836,1.0,2,1994,3.7155863651829115,Urban,No,534129.6514857842
2220,3.0,2,1996,8.639870146710763,Urban,No,497427.3217764856
2613,4.0,3,1975,9.243787967312349,Urban,No,587205.4374594563
1209,2.0,1,1958,2.1070887362874418,Urban,No,301031.2246693587
2622,5.0,3,1997,7.344414991630117,Urban,Yes,630154.4520644618
3115,5.0,1,1980,1.086581692603471,Suburban,No,576807.9182730695
1339,4.0,1,2004,3.2156849325286245,Urban,No,334328.2337966678
2385,4.0,3,1950,1.6176505422428542,Urban,Yes,458127.14803637826
2000,4.0,3,2008,5.63852301146146,Suburban,No,466043.0579906093
1227,1.0,3,1960,4.090453480598498,Urban,Yes,298348.7764510071
2246,2.0,1,1951,2.238287534202066,Suburban,No,397942.9671738409
2416,1.0,2,1995,1.0028874437731088,Suburban,No,444651.4206631317
1699,4.0,1,1950,4.49548492490759,Suburban,No,322820.27575761406
2582,2.0,1,2019,3.6502453041240353,Rural,No,522221.87811889156
1166,4.0,1,2020,1.4201998865990164,Rural,Yes,291375.560099675
1252,2.0,2,2015,8.665920107611528,Urban,No,392705.3791793169
2068,5.0,1,1951,4.697000998620082,Suburban,No,429372.4390825273
2012,1.0,1,2018,7.973059734682195,Rural,Yes,427737.43181326054
1641,4.0,1,1962,,Suburban,Yes,379142.6606425594
2404,4.0,2,1968,1.6076378234093422,Urban,Yes,516484.6478672814
2265,3.0,1,1996,4.548367891160417,Suburban,No,450989.30771285156
2429,5.0,2,1950,8.975191695898546,Suburban,No,483022.5665257714
1938,4.0,2,1967,1.0699516242081955,Rural,Yes,431083.05469455646
2301,1.0,3,1981,9.057730832864339,Suburban,No,502891.2628682259
1777,5.0,3,2021,6.910550149410652,Urban,No,467063.49973017647
3026,4.0,3,1960,9.960702603419868,Urban,No,582910.6982634446
1593,1.0,2,1969,9.24505889031881,Urban,No,380071.38462229155
3052,3.0,3,1957,8.820571423708046,Urban,No,590696.4385472635
2017,3.0,3,1987,1.3375882072949419,Suburban,Yes,443463.0419918666
1312,1.0,3,1955,3.5222312430753724,Rural,No,229801.02638856618
2684,5.0,2,1951,,Rural,Yes,510002.3020244107
2062,1.0,1,2023,7.298403295170526,Suburban,No,482133.6761341967
2425,1.0,3,2022,6.837767125078648,Suburban,No,486905.59835928626
2611,3.0,3,2004,2.5452625002537683,Urban,Yes,562541.7934441258
2168,3.0,3,1952,7.631521795217074,Suburban,Yes,450610.8280524014
1703,3.0,3,2015,2.4006519352071987,Urban,No,430620.6817612747
2487,4.0,2,2021,5.107898743297023,Urban,Yes,585638.6495804527
2000,4.0,1,2022,6.208655636564716,Urban,No,516925.13675032894
2342,2.0,1,1975,8.836141631848236,Suburban,No,453121.1829264027
923,4.0,3,1997,6.681898320532102,Urban,No,311745.40517000295
2223,5.0,1,1957,9.593593526537823,Suburban,No,499159.53715271945
5040,5.0,3,2016,,Rural,No,432302.35181243485
2826,3.0,3,2018,5.579402077467463,Rural,No,532355.9429321331
2311,1.0,1,1979,,Rural,No,365777.1560143504
2119,3.0,1,1976,1.2548700992648973,Suburban,Yes,431019.1789601333
2243,1.0,2,1992,8.700833459566645,Suburban,Yes,462304.1514430851
1500,3.0,3,1954,5.498651079126933,Urban,Yes,378614.6505258584
2811,3.0,1,1969,4.301143181479128,Suburban,No,525388.2592306258
2995,5.0,2,2001,3.5601048170874012,Suburban,No,548422.3129720687
2196,1.0,1,1970,3.536106766472989,Suburban,Yes,427929.05094462004
2795,2.0,1,1952,1.6553789706604194,Rural,No,458014.84022902395
1715,2.0,3,1990,3.7269354971909343,Urban,Yes,415293.34955000156
1601,3.0,2,2013,6.803255607754919,Suburban,No,386217.13359957817
2020,3.0,3,2017,4.466889526893066,Urban,No,451772.08249504655
2217,5.0,1,2020,9.530360306483754,Urban,Yes,556529.6983562516
1803,1.0,2,1973,7.013533848592556,Suburban,No,317323.3644003058
2268,3.0,3,2001,8.775789921979014,Suburban,No,485463.68382020906
2153,2.0,2,1951,2.027442604181177,Suburban,No,366168.22115267493
1500,1.0,1,1993,5.054642827358386,Rural,No,338984.28437077237
2259,3.0,2,1990,1.372947723582167,Suburban,No,441240.28480861813
2431,1.0,1,2019,9.055121478860482,Urban,No,528921.4081665796
2085,5.0,3,1956,2.3218175091004047,Rural,No,406987.74242611026
2576,2.0,1,1987,8.248793295744811,Suburban,No,546688.3103891663
1391,1.0,1,1994,9.314299552915717,Suburban,Yes,401451.27221701783
2233,2.0,2,1958,4.976994739010957,Suburban,No,381912.53074815474
1414,,2,2002,,Urban,No,390343.3486205132
1442,4.0,3,1977,6.40105928506197,Urban,No,360657.4719867976
1684,,2,1968,7.662970101905312,Suburban,No,368434.6952025475
1528,2.0,3,2017,6.810489044640758,Urban,Yes,409583.4837154884
1726,1.0,1,1953,1.0103920373533801,Rural,No,270480.35373307863
1892,3.0,1,1962,8.073417528205658,Suburban,Yes,434592.10457425995
2418,3.0,2,1960,2.3264923363346686,Rural,No,412538.08431493887
1839,2.0,1,1951,5.047086798649081,Suburban,Yes,370430.93643351475
1207,5.0,1,2019,3.5412100985210486,Suburban,Yes,388215.2800380379
2570,1.0,3,1961,9.35116744253221,Rural,No,472442.20371341275
1581,,2,1986,5.518973845979137,Suburban,No,336744.7787217202
1970,3.0,3,2005,5.699444833262919,Suburban,No,444366.5386226687
2223,1.0,1,2001,1.6853223452227701,Suburban,Yes,457559.11513998726
2099,2.0,1,2022,9.076249192248403,Suburban,No,460251.9870239174
2547,4.0,1,1953,3.151247425541932,Suburban,No,475349.7856922245
2239,3.0,2,1953,4.725617696664842,Suburban,No,445803.60811585444
1569,4.0,1,1998,9.867651134015894,Suburban,Yes,439461.35932189354
3089,1.0,1,2001,2.0250564069840697,Urban,No,593943.6254303375
2097,5.0,3,1983,7.466750803428848,Suburban,No,463721.766897169
1926,2.0,2,1971,3.3412096435874377,Urban,No,368637.91795584775
2481,1.0,1,1962,4.778110902997853,Suburban,No,440586.8790757778
2124,2.0,3,2012,4.763736351947466,Suburban,No,444830.7223192257
2199,1.0,1,1964,9.390096768391096,Rural,Yes,414884.6588498393
3246,1.0,3,1989,1.0932611104081178,Suburban,No,553911.2746524251
1862,1.0,1,1987,4.30483669157044,Urban,No,399890.6376098368
1841,3.0,2,2004,8.671810358265564,Urban,No,475699.5187734104
2058,4.0,2,1993,9.194609672041256,Urban,No,507722.8933196322
2535,5.0,3,2015,3.8019216078869733,Suburban,,553295.456030083
1246,4.0,1,2015,3.177591918678502,Suburban,No,331385.85325211444
3051,4.0,2,1992,5.151425212896449,Suburban,No,280265.1463346278
1706,2.0,1,2021,7.712555979639316,Rural,No,391243.1164260606
1183,3.0,2,1987,2.3863471285350126,Rural,No,290426.1871791712
1787,3.0,3,1978,8.06020112230193,Suburban,Yes,402307.3112794541
2251,1.0,2,2005,5.614051847109323,Urban,No,483825.4338257878
1554,4.0,1,1955,2.267249847983539,Suburban,Yes,323797.87851615617
1286,5.0,1,1958,7.045834255045177,Urban,No,310546.83470103913
2034,2.0,1,1971,6.653807091891478,Suburban,Yes,436683.17740636365
2431,3.0,3,1995,6.601264822347968,Suburban,No,476510.0533653939
1152,1.0,3,1980,7.793079019971064,Suburban,No,305935.59707708197
2410,5.0,1,1970,2.6310050716675883,Suburban,No,461259.792738929
2408,4.0,1,1987,7.277476165498484,Urban,Yes,573635.0689938253
2477,5.0,2,2001,8.985649214549861,Rural,Yes,550017.5510311305
2609,3.0,2,1968,5.772801659356257,Urban,No,508492.26150645944
3101,2.0,2,1959,5.374267286129225,Suburban,No,533709.716310063
1821,4.0,1,1995,8.180093227218368,Urban,,479510.90511705127
2054,2.0,2,2015,2.316124052090501,Urban,Yes,463813.54177048727
1791,5.0,1,1987,4.067865827324977,Rural,No,405601.6874975745
2000,5.0,3,2011,8.684058136031023,Suburban,No,496584.4886581214
8298,1.0,2,2021,5.497968582067237,Urban,Yes,598042.6959873689
1327,4.0,1,1995,,Urban,No,425877.88609244826
1569,5.0,1,1984,3.2668124842067674,Urban,No,434327.11765870434
2688,3.0,3,1992,4.506171266599072,Urban,No,558538.5175062739
2510,3.0,3,1979,,Urban,No,538870.8186086242
1818,2.0,3,2022,2.4714577600406824,Urban,No,461302.2713052473
2427,3.0,3,2012,9.052999161159505,Urban,No,597740.5272476614
2170,5.0,2,1979,3.788769240902777,Suburban,No,468515.35052947287
2750,3.0,3,1978,9.754271843014976,Urban,No,578392.6993470121
2037,4.0,1,2015,8.44954741132912,Rural,Yes,447191.44187717745
2512,2.0,1,2021,,Suburban,No,521641.88767328335
3321,4.0,1,2023,7.6802017956169415,Urban,No,723321.8693459608
2299,5.0,1,1971,5.997360117102561,Urban,Yes,510345.43462968175
2024,,1,1984,8.67922720376406,Rural,Yes,448222.00115932827
2361,3.0,3,1991,5.6629801211035415,Suburban,Yes,512840.2397656123
1817,1.0,1,1973,9.891957444740306,Urban,No,393903.7659833588
3193,1.0,3,1975,2.2015626255726573,Suburban,No,549587.0947285265
2090,,3,1980,7.088221399645414,Suburban,Yes,480679.4911283998
1863,5.0,3,1951,3.210881745914004,Rural,No,356974.0818628129
1582,2.0,3,1988,2.721049495785079,Urban,No,382929.0710373048
2548,,2,1961,4.674256729138767,Suburban,No,495727.0031953149
2433,5.0,2,2022,4.307154580771881,Suburban,Yes,523882.5140590388
1751,2.0,2,1993,1.4170177375827335,Suburban,No,315343.5492914701
2288,4.0,2,1992,,Suburban,No,500055.557275135
1245,4.0,2,2016,9.567264451906489,Suburban,No,364938.95264579554
2092,2.0,1,1987,5.20188349253532,Rural,,421069.50346251496
2226,2.0,2,2015,3.716336853639993,Urban,No,495256.3819934254
2853,4.0,1,1989,9.54168397972846,Suburban,No,595860.681406156
1614,4.0,1,1971,5.551502504313974,Rural,No,317952.4669657382
1360,4.0,3,2012,3.583922243487586,Suburban,No,379872.1332861823
1552,4.0,3,2008,8.046905540361063,Urban,No,471816.755132294
1331,3.0,3,1968,,Rural,No,327542.6858446216
2668,2.0,2,1969,3.229741944298065,Suburban,Yes,472743.25430186576
2774,1.0,1,2022,3.9189880032915134,Rural,Yes,557538.2360964516
2160,3.0,2,1992,4.55291583528612,Urban,Yes,522398.47543701757
2610,1.0,3,2007,6.24591054793986,Rural,No,485595.5453660976
2066,1.0,3,2003,5.637562015603771,Suburban,,417361.5281498363
1952,5.0,1,1989,7.693577097947062,Urban,No,455843.7956925619
1833,2.0,1,1976,7.4545377356431155,Urban,No,421557.1501953525
1844,3.0,3,1962,1.410041503144837,Suburban,No,388771.23153317923
1226,2.0,2,1996,2.205139156975408,Urban,No,268072.7277953769
2132,4.0,2,2021,2.9367272939665248,Suburban,No,455871.83433426695
1979,2.0,1,1972,6.378974126494212,Suburban,No,387521.90692581504
2372,1.0,3,2008,9.057379158070729,Suburban,No,506989.452067494
2046,4.0,2,1956,3.9241595249638657,Urban,Yes,448063.96729173115
1918,2.0,1,1999,9.673696747979736,Rural,No,412724.9809704306
1564,2.0,1,2015,2.5557450232466365,Suburban,No,332584.53187933844
2036,1.0,1,1952,9.322591267498217,Rural,No,353146.70308575616
2369,4.0,2,1988,8.20901958626854,Urban,No,533871.9711995554
1428,1.0,1,1956,,Urban,No,324441.5556821577
2043,2.0,2,2017,2.8568092589540766,Suburban,No,417202.20696505636
2116,3.0,1,2004,4.521635912191367,Urban,No,482890.21890357416
1640,3.0,2,1957,2.92364781899483,Suburban,Yes,330497.8330442986
1706,5.0,3,1981,6.050365593482828,Rural,No,356036.93198683264
2115,3.0,2,1968,6.173368854839238,Urban,Yes,467060.2781691504
1433,4.0,3,1961,7.913703808967352,Suburban,No,346449.32413222594
2174,5.0,1,2006,5.750785572681661,Suburban,Yes,487874.82278050436
1552,4.0,2,1959,4.106316061649997,Rural,No,314170.83705591125
2531,3.0,1,1970,9.204390653860715,Suburban,No,474455.7883977008
3168,3.0,3,1969,1.701987077521929,Suburban,No,608797.539431322
1569,2.0,1,1953,8.279035213045137,Suburban,Yes,338094.74983711296
2267,4.0,1,1968,4.686171563377149,Urban,No,492841.72931772034
1636,1.0,1,1978,2.629894976249088,Urban,No,348844.37308940134
2520,2.0,3,2020,2.0832015707540736,Rural,No,499559.1337056148
1367,,3,2013,2.9868796809572755,Suburban,No,364803.2299439073
2240,5.0,2,2021,2.097602440860901,Urban,No,536110.4861288358
1563,4.0,2,1960,5.130375178114421,Rural,No,320538.96692199993
1896,5.0,2,1982,4.147206944616678,Suburban,No,418124.6179714472
1484,5.0,2,1974,4.209301403074589,Suburban,Yes,363570.2017954295
2411,3.0,1,1982,2.4118146369596145,Suburban,No,443471.98717927624
1581,1.0,3,1975,6.937682989652093,Rural,No,332714.03971425054
2275,4.0,3,1985,6.47017421618305,Suburban,No,481438.28143509984
1827,1.0,1,1960,9.840577873879989,Urban,No,408179.2511747623
1942,5.0,2,1979,2.508798153787778,Urban,Yes,427511.5406910259
2073,3.0,3,2006,8.506138931743845,Urban,No,513559.9593950467
1619,1.0,1,1959,1.304844533900115,Urban,No,330610.8766901773
2105,2.0,1,1974,1.6598720109791996,Suburban,No,406713.7873087747
2765,5.0,2,2017,6.8324648387473434,Suburban,No,610382.5305417932
1610,2.0,2,2006,4.658226883955075,Urban,No,406110.4563424873
2585,1.0,3,1983,3.074509772246682,Urban,No,498686.2192882564
2749,1.0,3,2003,1.0248085989778883,Rural,No,488993.88028829935
1591,1.0,2,2000,6.968313379229478,Rural,No,324925.12975084933
1272,4.0,3,1955,4.967637136361715,Suburban,No,284220.7236703626
2150,5.0,2,2008,2.5370850299458896,Suburban,Yes,496653.59746703727
1726,5.0,1,2003,9.75001554207685,Urban,No,434045.2149921175
2934,5.0,1,1966,4.157576042353562,Rural,No,539284.2863549826
2017,4.0,1,1975,3.727537306936124,Urban,Yes,455501.29110209306
1598,1.0,3,1958,5.592827970614727,Suburban,Yes,313116.8650105087
1426,,2,1951,,Rural,Yes,262095.274176196
2544,,1,1969,3.45485909977339,Urban,No,485323.0039372271
1714,4.0,1,1955,9.696579650068387,Urban,No,418240.9712743078
2021,3.0,3,2004,3.3503285961550184,Suburban,No,445038.5628379471
2477,4.0,3,1997,6.449201499464635,Rural,No,490644.7979939564
1757,2.0,1,2007,1.3370200930490261,Urban,No,391147.77630254463
1977,,3,1991,2.389143230471506,Rural,No,388738.61992623936
1991,2.0,3,2023,1.1987218477159822,Urban,,505161.15399130236
2341,1.0,3,1970,5.810290354105202,Suburban,No,440968.2208393885
2295,3.0,3,1955,5.424459046091028,Suburban,Yes,457176.5715892201
1889,2.0,2,1979,3.9783026301332445,Suburban,No,357022.1822960837
2031,,3,1972,7.302532314639612,Rural,Yes,438703.84442899027
1814,1.0,3,1985,6.6321518846154754,Suburban,No,366298.55009056436
1261,3.0,2,1952,6.403075504420143,Suburban,No,309763.06065894733
2128,5.0,3,1983,4.026323027283577,Rural,Yes,424689.94174820214
2946,3.0,3,1979,3.9443115489117453,Urban,No,557778.6011911795
1558,3.0,1,1991,8.861035452639566,Urban,No,418218.0090671656
1613,5.0,1,1970,5.8956828947651605,Urban,Yes,416131.44063035323
1564,4.0,1,1953,3.4501077111153924,Suburban,Yes,343421.7653582257
2362,3.0,2,1998,5.888986666736705,Suburban,No,494798.96011085203
2224,4.0,3,1997,3.400937383046039,Urban,No,514081.6502403289
1920,3.0,2,2000,2.6676913545188174,Urban,Yes,462420.30140286376
1540,5.0,2,1973,3.539587620629904,Suburban,No,360152.8013853196
2046,3.0,3,1995,6.660032372567941,Suburban,No,466429.28728736774
1217,2.0,3,1976,5.642542276936629,Suburban,No,275178.06425960106
2071,2.0,1,2000,2.4805032479637057,Suburban,Yes,410179.30374646647
2435,3.0,3,1969,,Suburban,No,502683.36521793745
1374,5.0,2,2020,5.484664917788406,Urban,No,408572.16343118006
1233,5.0,1,1967,8.143527213134561,Suburban,No,302596.01076699357
2789,1.0,2,1957,3.976195846008082,Suburban,No,512991.55674824986
1694,5.0,3,1976,9.618034598291663,Suburban,Yes,470154.66203832836
2567,4.0,1,1963,,Urban,No,481198.997510727
1923,3.0,3,1967,5.090561835796391,Rural,Yes,345931.0825294462
1919,2.0,1,2014,9.120635492648503,Suburban,,450863.3397302126
2219,5.0,1,1980,7.457198325402582,Suburban,No,424023.1932734955
1558,2.0,1,1969,4.874753743313627,Urban,Yes,390489.3355254629
2066,1.0,3,2019,9.767238579030302,Rural,No,477614.9602474572
1809,3.0,1,1994,3.6868900467397525,Suburban,No,388113.56376835814
1339,5.0,1,1950,,Suburban,No,295403.6045226484
2168,2.0,3,1968,9.051905868902663,Rural,No,415762.9425596867
1868,5.0,2,1988,7.366346566221909,Suburban,No,420597.4722073977
1921,1.0,3,1976,4.109588313345757,Urban,No,394467.56918537844
1394,2.0,3,2005,3.086221548689547,Suburban,No,350380.6244863727
2795,2.0,1,1965,2.602344689461243,Urban,No,532100.2832287574
2438,3.0,3,1956,3.8214673309880225,Suburban,No,466013.2661200196
2482,3.0,3,1969,2.1298598495589163,Suburban,No,501678.8768105097
1847,2.0,3,1980,2.308133314881505,Suburban,Yes,383943.01873310603
1135,3.0,1,1974,7.9896187207251685,Rural,Yes,296980.84809893585
2976,2.0,3,1950,1.573841916253885,Suburban,,541282.0651429496
1969,4.0,1,1966,4.953594518461955,Urban,Yes,427850.32787718554
1625,5.0,3,1976,4.644989518511287,Urban,No,397612.4782391709
2208,4.0,1,1973,9.641719349413021,Suburban,No,464834.42931792844
2583,4.0,1,2011,5.189875061086244,Suburban,Yes,536745.5643166006
1988,5.0,3,2001,2.447698285950909,Rural,,428678.87328551436
2639,2.0,2,2000,1.7956422451641372,Rural,No,481800.67991130793
2541,2.0,3,2015,7.591947460435225,Urban,Yes,558536.0864581015
1461,3.0,2,2006,2.3296280058396057,Urban,No,380988.52389895817
1663,1.0,1,2004,9.441847975480044,Rural,Yes,384812.49518724164
2478,2.0,2,2002,6.0329199656361725,Urban,No,528919.1190305714
643,5.0,2,1968,4.615269283487228,Rural,No,206484.22300578593
1925,1.0,1,1962,7.158994072928124,Urban,No,412896.23291544983
1284,5.0,2,1978,2.790352684613395,Urban,No,318994.7505290486
1761,5.0,3,1955,4.440317655891141,Rural,Yes,355727.2208677272
1850,5.0,2,2022,1.3007246497949279,Rural,Yes,384335.8892929741
1820,1.0,1,1950,8.899103497057238,Urban,No,427653.0865684737
1723,4.0,2,1973,4.827313657896705,Suburban,No,341856.396826618
1451,5.0,1,2023,7.8294267318046815,Suburban,Yes,454206.8540911549
3145,3.0,1,1955,9.251693206051405,Suburban,No,584803.6583487747
2933,2.0,3,1997,6.875138256059491,Urban,No,578330.9730770892
1418,2.0,1,1969,4.381720305565378,Suburban,No,316338.6620428334
2791,2.0,2,2016,6.5757563539097585,Suburban,No,569160.3879125204
1800,1.0,3,2004,4.242979430702057,Urban,No,445641.97135123296
2064,3.0,3,1967,6.10582575321181,Urban,Yes,479887.55653877556
1968,3.0,2,1970,4.889487913442716,Suburban,No,424746.54760230397
1670,3.0,2,2013,2.3488157938355028,Rural,Yes,374574.1706000668
2491,3.0,3,1986,,Urban,No,547926.5214649999
2062,3.0,1,1968,5.467771506273635,Rural,No,416152.7228754347
1761,4.0,3,2005,2.7112838876944934,Urban,Yes,439213.0723852368
1347,3.0,3,2011,9.026467058559975,Suburban,No,381123.6624076
1553,3.0,3,1967,8.678968513766264,Suburban,No,343395.3799214646
1179,1.0,1,1979,6.02943534939104,Urban,No,313636.95169292594
2006,1.0,2,2005,9.73286809230224,Suburban,,457642.62592079205
4203,3.0,2,1991,9.344532408344298,Rural,No,341410.4796220642
1867,4.0,2,2002,9.073052541215569,Urban,No,504389.6751210878
2685,3.0,1,2023,2.199625982657136,Suburban,Yes,553449.2768473389
2599,3.0,1,1999,3.6516660815685764,Suburban,,517870.17975527776
1983,3.0,2,1953,4.691711937788427,Rural,No,384386.73901054414
1956,5.0,2,2012,8.487183445011198,Urban,No,501334.92381729087
2939,4.0,2,2016,8.841121855361973,Urban,No,644813.9706015709
2260,2.0,2,2005,7.763366766129958,Rural,No,435259.8910842189
1836,3.0,1,1998,5.251593605348788,Suburban,No,401110.535034909
1286,2.0,2,1971,2.4571103577396625,Rural,No,278906.9578617677
2196,4.0,3,1961,1.3167657498990257,Urban,,455157.1390734901
2414,3.0,2,1998,7.293721196265424,Suburban,Yes,515217.2613354748
1684,2.0,1,1962,9.947386680514022,Urban,No,376582.1209921293
2145,2.0,3,1982,4.109249073449469,Suburban,No,401823.34390526667
1818,4.0,3,1996,6.1185871251154635,Suburban,No,413870.98602186964
1907,3.0,3,2013,,Rural,No,430021.3416798813
756,5.0,1,1966,,Rural,No,234563.25755712416
1889,4.0,2,1983,8.466013085136701,Rural,No,405588.98719700804
2484,5.0,1,2017,6.628088003736529,Rural,No,536361.0697912754
1684,3.0,1,1988,6.128634780295779,Suburban,No,378685.60150917
2026,2.0,3,2021,7.860535148610876,Rural,,464426.4374645811
1622,4.0,3,1950,3.1685368758596755,Suburban,No,302883.13090312586
2180,4.0,1,1954,6.533023636113738,Suburban,Yes,448232.3626244355
1891,4.0,3,1989,3.16338628130832,Urban,No,440688.5786423433
1530,1.0,1,2012,2.615818672461849,Rural,Yes,341427.1317356826
2666,3.0,3,1950,,Suburban,Yes,526931.3336850647
2464,1.0,2,1984,,Urban,No,492200.91975581116
1697,4.0,2,1966,7.4294125586265105,Suburban,No,368619.9187864331
2248,4.0,2,2009,5.630368954732128,Rural,Yes,505997.20719909365
2268,5.0,3,1950,7.254583865371101,Urban,No,503420.9939865478
2321,1.0,3,1953,,Urban,No,491439.241748137
1152,2.0,2,1958,2.2442144005104625,Suburban,No,241860.36225450985
2503,3.0,1,1994,1.600647830989417,Suburban,No,471950.11404441245
1715,2.0,1,1981,4.5992522326013745,Rural,Yes,387893.43681666104
1821,2.0,2,2018,7.450369044101535,Suburban,No,410513.9394217711
3318,,3,1963,8.975363372601516,Suburban,No,641668.9847159664
2150,4.0,1,2000,1.3131496425379012,Rural,Yes,459978.26999237586
1806,5.0,1,1972,8.136623404541929,Urban,,466638.7335393824
897,4.0,1,1995,1.6787541131254784,Suburban,Yes,266774.32956951647
2694,4.0,3,1976,6.225181081384634,Urban,No,570297.8554097189
1327,1.0,1,1985,4.096925746933864,Rural,No,257799.20137914803
1498,2.0,1,2017,1.1588877124734416,Suburban,Yes,327276.156735723
1834,2.0,2,1981,1.8738409996880345,Suburban,No,358590.3830694747
2708,2.0,3,2022,4.1835359268904835,Urban,No,581813.8543562283
2386,5.0,2,2015,9.583780703984758,Suburban,,543524.1395281046
1921,5.0,1,1991,2.393488610010027,Rural,No,375832.7940363791
2154,5.0,3,1999,3.447793537256999,Suburban,No,460273.10131263157
1699,3.0,3,2006,9.947197672353056,Urban,No,456922.95422691404
2069,5.0,2,2013,5.3255843102716565,Suburban,No,495013.005451496
2036,1.0,2,1995,3.360205960102363,Rural,No,389248.8000209775
2484,1.0,3,2023,6.543455225611362,Rural,No,546997.3830422339
2483,4.0,3,2003,4.9242904093424995,Suburban,,520691.0081318721
2246,4.0,2,2002,8.724773138032834,Suburban,No,502811.9120640416
1818,4.0,1,1978,1.07181229030822,Suburban,No,397485.7921230111
2370,4.0,3,1986,9.970989478311063,Urban,Yes,553774.8051281715
1954,1.0,1,2018,1.5968119722867917,Suburban,No,400396.01923641854
1459,4.0,2,1963,5.83411317749225,Suburban,No,329240.2283124604
1798,1.0,3,1976,7.2765999093872615,Suburban,Yes,408861.9011743532
2042,5.0,2,1954,5.9484718067142275,Suburban,No,424584.3098755691
2455,5.0,3,1993,3.706963832086836,Suburban,No,512639.77138148714
1908,3.0,3,1964,8.698894922671979,Suburban,,432213.2821699943
1395,4.0,2,2016,4.873807276752839,Suburban,No,353842.5177892433
2028,5.0,2,1950,3.706312079229039,Suburban,Yes,430826.8101457829
2056,5.0,1,1973,7.915003309808683,Rural,Yes,464903.89913982153
2092,2.0,2,2011,2.312702811949516,Suburban,No,460446.2972714508
2459,2.0,2,2006,2.845081437616719,Rural,No,460389.4079417018
2509,1.0,1,1969,3.274927893780196,Rural,No,392000.61868268973
1702,3.0,2,2007,4.9139287976485235,Suburban,No,432575.15148228564
1691,2.0,1,1963,1.1830267626265167,Rural,No,277896.6810628226
1479,3.0,1,2002,9.925980868976225,Rural,Yes,374584.06024704187
2349,5.0,2,1984,6.401358575874511,Rural,No,485872.24143132457
2724,1.0,1,2011,,Rural,Yes,507985.4933691253
1842,3.0,1,2010,8.267079385092526,Urban,No,473674.35881971975
1879,2.0,1,1968,2.20878996825466,Rural,Yes,368711.26193645626
2733,5.0,2,1991,2.8816124959625005,Urban,Yes,599511.6986272726
2252,4.0,2,1993,,Suburban,No,452695.8713051251
2218,5.0,1,1950,8.50411429714257,Suburban,No,442998.6202044177
1404,2.0,2,2017,6.341118526853102,Urban,No,373713.4899880312
2339,2.0,3,1995,2.935585452156273,Urban,Yes,514015.76367863116
1535,4.0,1,2000,9.730763197148873,Suburban,No,388113.2247618405
1432,5.0,3,1981,7.630650774161186,Rural,No,305898.7355063753
1826,3.0,2,1968,7.349669428882819,Urban,No,421069.6170975175
1707,3.0,3,1988,3.4029450637956913,Rural,No,383899.1485016539
1889,5.0,2,1963,3.8203626750458555,Suburban,Yes,389900.0895917861
1279,3.0,2,1978,7.0118095747525935,Suburban,No,307919.26803801785
2479,5.0,1,1991,6.34196483558999,Rural,No,501308.5751383518
2563,5.0,3,1963,6.825551888216739,Suburban,Yes,502867.42527587677
1026,2.0,1,1960,8.909405039316095,Suburban,No,245071.50653829318
2489,1.0,3,1996,2.4436083085307763,Suburban,No,501850.612361425
1594,2.0,2,1973,2.0470007559733885,Suburban,No,310640.2398141045
2428,3.0,2,1971,6.081698431026678,Suburban,No,449304.8257254359
1965,1.0,1,1998,5.501401675505217,Suburban,No,406193.96568254073
2014,5.0,3,2004,4.625828985102677,Rural,No,430708.5985017149
1907,3.0,3,2004,,Urban,Yes,511372.05477649474
2606,4.0,2,2019,6.02542230695504,Urban,Yes,625237.0354318421
1380,3.0,1,2022,6.105262364686769,Rural,Yes,329565.0607843735
2303,1.0,2,1984,4.2978638547671615,Suburban,No,480567.289698093
2550,1.0,2,1993,4.096646523998778,Urban,No,498083.5703539464
2358,5.0,1,1985,9.888440007375662,Urban,Yes,545605.1584792996
3162,4.0,3,1964,6.607654904720954,Suburban,No,590188.5669278263
1735,5.0,3,1994,,Urban,No,478551.8196261691
2478,4.0,2,2011,5.027123379139178,Urban,No,593127.3763142509
1946,4.0,3,1999,2.7266887455427877,Suburban,,420948.36352657044
2616,5.0,1,1962,3.9235689384083057,Rural,Yes,505046.6664301292
1996,3.0,3,1980,4.115145404183134,Urban,No,470121.73160581634
1806,2.0,3,1954,6.084212724356573,Rural,No,326671.1370862448
2653,4.0,2,1957,2.3915411532952167,Suburban,No,484388.42552687746
1754,,3,1962,4.483163090708707,Suburban,,363979.32398305443
1293,5.0,1,1990,1.9051945805883095,Suburban,Yes,340399.0648423837
1741,3.0,2,1966,5.468773496522534,Suburban,No,361858.88942244806
2309,4.0,1,1981,9.526819840538742,Suburban,No,481827.15510489827
2696,3.0,3,1954,4.050403074065578,Suburban,Yes,513821.9901823564
2055,5.0,3,1958,1.447412053845818,Rural,Yes,371127.0011389681
2659,1.0,2,1983,,Suburban,No,500071.9107947324
1320,4.0,1,1950,6.712567026884243,Urban,No,329637.3350914605
1778,4.0,3,1989,5.316127381317025,Suburban,,412395.1593331535
1855,3.0,3,2003,4.571736295549089,Urban,Yes,471615.95492669416
1942,5.0,2,1981,9.033981405312455,Suburban,No,438586.47243496665
2042,2.0,3,1999,9.445934649377376,Suburban,No,461601.96195278526
2345,4.0,3,2008,7.058454244292124,Rural,Yes,499756.41002088954
1777,1.0,3,2011,5.511024770798325,Rural,Yes,404507.0128778463
2069,4.0,1,1960,1.607929318901673,Urban,No,414939.82901212474
1977,4.0,1,1972,3.709343381580718,Suburban,No,435045.25964960555
1537,2.0,1,1975,3.5658257019163098,Rural,Yes,317542.64672262
1943,2.0,3,2012,1.5241824660004757,Suburban,Yes,409748.97657424747
1928,5.0,2,1995,8.59026786999684,Rural,Yes,439265.8204158136
1917,4.0,2,2018,8.803428457245502,Suburban,No,489756.80756630417
2015,4.0,2,1955,9.211337951033515,Suburban,No,404993.94580540864
2037,3.0,1,2000,7.676283795026809,Suburban,Yes,423837.3708178323
1783,3.0,1,1992,7.394625730306028,Suburban,No,414564.5853186411
2636,1.0,1,1991,5.300438585339633,Urban,No,548893.6522754551
1415,1.0,1,1962,8.716581438777467,Rural,No,238341.54061968575
1639,3.0,3,1974,5.591211091949985,Suburban,Yes,412826.8718318523
3389,1.0,2,1951,1.2667699786298545,Suburban,Yes,564492.7077626752
1481,4.0,2,1963,6.26419333708198,Rural,Yes,298757.61273140326
1323,2.0,1,1966,4.514118320291074,Urban,Yes,321380.1219481608
2367,4.0,2,1989,5.691681538710318,Urban,,552315.8046524167
961,3.0,2,1988,4.9663548656268555,Rural,No,205111.92060063942
1882,5.0,1,1974,5.471183747001926,Suburban,No,414854.4677578413
3072,5.0,1,1997,1.977154541362057,Urban,No,654950.7028384875
1227,3.0,1,1998,1.1307988162317082,Rural,No,270903.5632398415
1009,,1,1982,4.061686623985409,Suburban,No,268496.74130491784
1250,1.0,3,1976,3.290849874000574,Suburban,,306413.06020641496
2449,1.0,2,1994,3.2505194335536833,Urban,No,505900.7021502925
2562,5.0,3,1980,9.43385701708812,Suburban,No,535821.546458112
1743,3.0,2,2012,8.370865345831634,Urban,No,470695.1172564844
2341,3.0,3,1987,1.1203377583638443,Suburban,No,481404.3948316942
2695,,1,1989,1.0784728936707304,Suburban,Yes,473706.4484360234
2893,,3,2007,7.992099324291278,Urban,No,662115.7010427047
1876,3.0,1,2014,9.8637452265798,Urban,No,454848.8530832337
849,2.0,1,1960,5.186857235922411,Suburban,Yes,221014.94500167272
1589,1.0,3,1964,4.898167883341504,Rural,Yes,302111.7347697256
1786,5.0,2,2006,3.48242072632651,Rural,Yes,399627.9743606198
1870,5.0,3,1974,6.999703667639128,Suburban,No,450001.6127381011
1906,3.0,1,1988,5.244844701457538,Suburban,Yes,433126.7391114938
2559,3.0,1,1982,2.507668377865814,Suburban,Yes,524209.17074873304
2637,4.0,2,1978,5.332371874145033,Suburban,No,503425.18662489357
1914,1.0,2,2007,4.387339105784967,Urban,No,454668.67172475497
2549,1.0,2,2021,9.008253218230502,Rural,,560341.6936453601
2178,,1,1960,7.944279491017239,Suburban,Yes,437051.9269680523
2032,2.0,3,1962,7.311226981621358,Rural,No,374020.02017194417
2453,4.0,2,2018,3.944442008365921,Suburban,Yes,537384.8955080321
2036,1.0,1,1970,2.2565384376610442,Rural,No,331207.70513385785
3028,2.0,3,1952,8.782110857449585,Urban,No,578967.8373976442
1280,1.0,2,1975,4.084726478134726,Urban,No,301548.44836765627
1742,1.0,3,1982,6.336609330092593,Urban,No,366360.4508319536
1936,2.0,3,1971,6.3174301112575195,Rural,Yes,404226.197380064
2219,3.0,1,2011,9.352477734763383,Urban,Yes,525590.3683020881
2633,3.0,1,1954,2.545512702512459,Suburban,Yes,498128.61485470756
1987,2.0,1,1968,7.944809165036743,Suburban,No,420064.5521871485
1288,4.0,3,1958,5.163315197877779,Rural,No,247488.51488740306
2421,5.0,2,2007,2.572768104287433,Suburban,No,526543.7065463156
2377,1.0,2,1973,8.520747465673079,Suburban,No,474482.7214234667
1029,5.0,2,1988,8.381251953444707,Suburban,No,335556.77576221654
1998,2.0,1,2010,1.3616416886167295,Rural,Yes,415310.73818427784
1204,1.0,2,1997,7.384960158027994,Suburban,Yes,275803.9490798081
1667,5.0,2,1999,2.3816789755267775,Suburban,No,367648.0080319332
1548,,1,2011,6.493243148108864,Suburban,No,370137.37838127906
2404,4.0,2,2002,6.7942236826978935,Urban,No,531692.1643742651
2058,5.0,2,1970,6.987200953904883,Rural,Yes,421121.6056454848
1357,4.0,2,1987,2.080871762018091,Suburban,Yes,331955.9940691157
2440,3.0,3,2008,6.384843180123081,Suburban,Yes,547854.1566523636
1283,5.0,3,1992,1.898768903156352,Suburban,No,357083.27462722297
2165,2.0,1,1966,7.709987684452514,Urban,Yes,492729.5229978436
1592,1.0,1,2018,1.5737016933600796,Suburban,Yes,377029.03406870837
1817,3.0,3,1993,7.820299309905961,Rural,No,410275.2284047272
2252,4.0,1,2012,8.951431636772876,Urban,No,539795.1585206407
2260,4.0,1,1972,3.6868747820220826,Suburban,No,445023.32321217033
2668,3.0,2,2017,8.004627863205119,Rural,Yes,551040.7266915201
1958,2.0,1,1975,4.757690883813147,Suburban,No,360705.70294573635
2153,2.0,1,1997,,Urban,Yes,490603.4790933047
5343,4.0,2,1996,7.176271326972601,Rural,No,392875.72526039
2090,3.0,2,1995,3.6022646107477763,Suburban,Yes,468100.6286556275
2219,3.0,3,1978,2.743602929768279,Suburban,No,460774.9984124375
1950,1.0,1,1983,9.232679225183626,Suburban,Yes,397866.18493080593
1098,4.0,2,1959,8.550812535676794,Suburban,No,283775.75155584584
2165,2.0,1,1969,6.9391181652048335,Urban,No,441156.25707169087
2182,5.0,1,1983,4.144344563764447,Rural,Yes,446325.5555351293
4977,2.0,3,1962,5.5941344514324856,Rural,No,270212.9031993246
1357,2.0,3,1959,6.020777178013353,Rural,,212713.62600637108
2737,5.0,3,1994,1.7746295601887083,Urban,No,577147.175843899
2245,4.0,3,1957,9.750104791803347,Rural,No,461320.84025212604
1885,1.0,3,1954,1.826372881419454,Suburban,No,355634.2092870419
1431,2.0,2,1969,7.495152932780038,Suburban,No,305117.52967076073
1589,2.0,3,1993,5.43521490340281,Suburban,No,386666.06797931547
2651,4.0,2,2007,7.838908572695215,Urban,Yes,611427.136311332
2068,4.0,3,1969,,Urban,Yes,480826.6556361365
1724,3.0,2,2020,4.5559932009575395,Urban,No,449567.5747717249
2254,4.0,1,2023,5.729513088837782,Urban,Yes,567676.683690703
1592,4.0,3,1989,2.0866073925665933,Suburban,Yes,363835.48838456924
2750,2.0,2,1965,8.666536328666993,Urban,No,539170.491885941
2676,1.0,3,1953,9.923837704771332,Urban,Yes,523545.7504577808
1766,2.0,2,1959,4.758288119128563,Suburban,Yes,340522.9125139355
1685,4.0,2,2000,4.39134782063322,Suburban,Yes,394642.86701466923
690,3.0,3,1997,6.346725582703947,Suburban,Yes,250090.14263674055
1259,1.0,2,1969,7.1980181253619255,Urban,Yes,370614.48928108363
1330,3.0,1,1981,8.817187711637157,Rural,No,342371.39172840345
2067,5.0,3,2015,4.356019030101077,Urban,No,524566.3971373535
1836,3.0,1,2009,7.8834454664368945,Rural,No,397881.5274763661
1327,3.0,2,1960,3.1607263385368762,Suburban,No,285041.49348932377
1859,4.0,2,1969,7.12403187402211,Suburban,Yes,450869.7435671191
2252,4.0,3,1972,5.2007069828702805,Suburban,No,454594.46857235616
2263,4.0,1,1984,6.955124990930031,Urban,No,476514.6192905961
1050,4.0,1,1966,4.418268721180834,Suburban,Yes,328500.0423644311
1935,4.0,3,1959,3.6490539730270766,Suburban,Yes,411286.0434880369
1308,3.0,1,1987,5.373911333768916,Suburban,No,360103.02012670535
2450,5.0,3,1981,9.055924432508558,Suburban,No,531565.031116758
2392,4.0,3,2003,7.073668405940492,Urban,No,556461.4931091953
1550,5.0,2,2006,6.504915608197003,Suburban,,423942.58949778636
1616,5.0,2,1974,7.478787018454044,Suburban,No,386767.11232493026
1769,2.0,1,1963,7.562005097649683,Urban,No,395172.75082506123
873,2.0,3,1994,3.6526966194070147,Urban,Yes,316355.3709887567
2167,1.0,3,1993,3.0946386623229674,Urban,No,495370.0719786697
1863,2.0,3,1987,5.582186801136204,Urban,No,449420.9826653084
2485,4.0,3,1985,2.3305299833280646,Suburban,No,490819.4003995991
1450,5.0,2,1988,5.272665765223974,Urban,No,385467.8493861972
1690,1.0,1,1988,7.237407387650259,Rural,No,341532.3571210689
1246,2.0,2,1962,1.0666914794003803,Suburban,No,259440.29679694513
1497,3.0,3,2015,2.0003270938365207,Rural,No,337634.1294785033
1409,1.0,1,1983,9.65938347157765,Suburban,No,331059.59203986765
2497,4.0,1,1964,9.351477719120243,Suburban,No,523594.0755935875
1650,5.0,3,2007,4.761248566136659,Rural,Yes,399249.91070469515
2062,4.0,3,2008,6.310295344576868,Suburban,No,487948.00047039427
1809,4.0,2,2015,2.397631927992729,Rural,Yes,396239.44637823175
1365,3.0,2,2001,3.979107898934453,Urban,Yes,371329.27794692887
1915,3.0,3,2018,,Suburban,No,482132.5953589233
2299,5.0,3,1954,8.703699170838807,Urban,No,533594.0372212761
1396,2.0,2,1992,4.6476295022250405,Suburban,No,298968.19675711077
2404,4.0,1,1957,3.7994742187900936,Suburban,,487236.43064906425
1575,2.0,1,2012,7.1351370848539215,Suburban,,388014.7117035743
1758,5.0,1,2017,7.461128411198819,Urban,No,427875.423976853
2265,4.0,2,1984,9.854263253423756,Suburban,No,471300.7137676991
1668,2.0,3,2020,7.275959272415466,Rural,No,409774.1569014694
2018,4.0,1,1981,3.161484976923827,Suburban,Yes,444756.7114361246
1842,3.0,3,1973,1.5398612424966192,Urban,,416875.4106602724
2064,3.0,2,1999,3.3184468408320678,Suburban,No,381830.25195419684
809,1.0,2,2008,3.0398736168703895,Suburban,No,235103.5587339343
1085,5.0,3,2014,1.8355085342606121,Suburban,No,313570.274974076
2307,2.0,3,1987,4.999488222696174,Urban,,508126.3817978157
2518,4.0,3,1987,3.5932521103696256,Suburban,No,492635.18198466505
1544,1.0,3,1970,,Suburban,Yes,315159.336161259
1877,5.0,1,1972,4.635187738351746,Suburban,Yes,354700.62230217975
2147,5.0,3,1995,8.889549499347876,Urban,No,538568.3200414814
2346,5.0,1,2018,3.760588543366521,Urban,No,529399.3265551662
986,2.0,2,1979,8.48341532878359,Suburban,No,253802.5444969232
1556,3.0,1,1989,5.09063098207718,Suburban,,361663.4583353558
1833,1.0,3,2019,1.2912237891421174,Urban,Yes,441927.0815389031
2351,2.0,1,2018,5.382580871256702,Urban,Yes,537576.6004157079
3249,4.0,2,1991,3.0409136945748614,Suburban,No,642802.9492010165
1885,2.0,3,1967,3.766979505500414,Suburban,No,408954.3336456246
1296,4.0,2,2008,7.159216621243449,Suburban,No,393534.75553223095
2201,4.0,2,1962,5.7655419087635655,Urban,No,450596.9423092946
2660,5.0,3,1970,8.997512495170746,Suburban,No,574231.2361262251
2054,2.0,1,2017,9.423591912964682,Suburban,No,444150.96019500186
1546,3.0,2,2010,7.2186164208124906,Rural,No,384525.9676030902
2478,4.0,3,1987,8.771818720372654,Rural,No,492520.43766794493
2331,5.0,2,1989,2.7556695282233323,Rural,No,464567.41445865616
1486,3.0,1,1976,1.7134703017250037,Urban,No,350233.8954350259
2190,2.0,2,2007,3.9967219755187564,Suburban,No,459332.15697547566
2498,3.0,2,2015,3.9314466649964745,Urban,No,565545.3001689009
2590,2.0,2,1992,6.985832661465479,Urban,No,547883.6070091194
1966,4.0,2,1969,8.563237845190104,Suburban,No,413206.94479921187
1820,1.0,1,1984,3.671941088409863,Suburban,Yes,366560.4744079682
2613,1.0,3,2004,4.822957005908321,Rural,Yes,500075.4974329925
1394,4.0,2,2023,1.9445982451892196,Suburban,No,361324.6662207058
2219,3.0,1,2021,4.714668459851307,Suburban,Yes,500912.09579261957
1314,2.0,2,1989,2.9296783475445083,Suburban,,286199.9461570336
2532,1.0,2,1995,4.442098436082743,Urban,Yes,516968.18816391064
1870,2.0,2,1991,,Urban,No,426979.7100250836
2634,4.0,1,1967,8.27856581305287,Urban,No,570042.0816279179
2245,3.0,2,1964,1.0365641892215862,Rural,No,384825.1517299425
1388,2.0,2,2015,4.048374355734127,Suburban,No,347494.5162403111
2712,3.0,3,1962,9.723120764397253,Rural,No,509312.73582982196
2775,1.0,1,2006,7.110934271724846,Urban,No,613666.8555917107
2441,2.0,3,1958,7.949505081303177,Suburban,,495854.0607756529
1619,5.0,3,2015,8.73886386840107,Suburban,,421583.45309305645
1846,1.0,3,1965,4.256596810710446,Suburban,Yes,368114.82063627767
2072,3.0,3,1951,1.5935015822611294,Suburban,No,382715.31367022294
1648,4.0,2,1965,4.696209606738405,Suburban,Yes,356049.24243908416
2846,,3,2021,6.8743579769601375,Urban,No,630951.6066145435
2072,2.0,1,1950,4.337124221604366,Rural,,391885.45131765434
648,1.0,2,1975,5.034812601125384,Urban,No,172248.36410796965
2169,2.0,3,1993,8.42953585502045,Suburban,No,464793.394816414
1825,2.0,3,1954,1.326134122568206,Rural,No,335063.501150299
1962,5.0,1,1970,4.01248923362302,Urban,No,469836.4501718875
1815,5.0,1,1984,5.395717250926073,Rural,Yes,423108.8299404469
2403,5.0,3,2003,3.692683313802073,Urban,Yes,533055.5754381417
2559,5.0,3,1999,5.012464146115216,Suburban,No,555263.4115081191
2141,4.0,3,1993,4.615879062051566,Rural,No,482111.9832689915
1830,3.0,3,1953,9.31518048759542,Rural,Yes,366411.93145171617
1979,5.0,3,1991,5.438102918258331,Urban,No,467342.2324206877
2009,1.0,1,1990,5.286897622156514,Urban,,447307.29441781377
1598,2.0,1,1985,3.290392862505887,Suburban,Yes,363018.3353971844
2289,5.0,2,1973,1.416905425106033,Urban,No,507230.3715551435
2230,1.0,2,1954,3.6953029402832196,Urban,No,424089.52198445227
2770,4.0,1,2006,1.2448736201024881,Suburban,Yes,582023.4844712954
2627,1.0,2,2016,8.440968248588463,Rural,No,512932.05495204526
1657,1.0,3,1960,2.838588976734977,Suburban,,304629.7785414058
2410,4.0,2,1994,9.200741760524675,Urban,Yes,573068.6337602338
1524,4.0,3,1971,8.972524415902402,Suburban,Yes,383689.70532931434
2347,2.0,3,1960,6.9822628861088205,Urban,,496719.47820525174
1741,5.0,2,1987,8.762893132174117,Urban,No,466037.3275133203
1488,1.0,2,2008,8.901235316257722,Urban,,393770.1229278821
2140,3.0,3,1953,7.987117449264933,Rural,No,431052.9145491096
662,3.0,1,2016,5.571351394614301,Suburban,No,285612.68812267965
1124,2.0,2,1959,9.55041828242205,Urban,No,318270.13016308664
1911,3.0,2,1968,8.35966954732297,Suburban,No,425828.8380431214
2041,2.0,1,1977,2.1428650796978754,Urban,,372385.5988888466
1815,5.0,2,1966,4.779174621358488,Suburban,No,404069.2723079362
1210,2.0,3,1973,5.857220682260168,Urban,Yes,335811.5759467865
1591,,1,1950,,Rural,No,304501.23545459926
2195,4.0,1,1954,4.415813138110478,Suburban,No,386414.468495474
2290,4.0,3,1981,5.784762263969298,Suburban,No,489342.2613861953
1991,4.0,3,2002,1.836928394305512,Urban,No,447898.6645572519
2578,4.0,3,2006,6.897091925825046,Urban,Yes,570369.4461008846
2198,4.0,1,1992,5.4796797499949195,Suburban,No,496425.001281459
1626,4.0,3,1988,8.088876790129994,Urban,No,418301.1773088976
1859,4.0,2,1983,7.24048924995557,Suburban,No,394175.91926969175
1298,4.0,2,1954,2.0149281439051903,Urban,Yes,324615.62841879745
1945,5.0,3,1967,,Urban,No,443485.4460617204
2556,4.0,2,1953,7.626220323218022,Suburban,Yes,529239.5923112715
2342,2.0,2,2019,4.031975733968207,Urban,No,525243.5919957742
2701,5.0,1,1960,6.102109297800028,Suburban,No,537478.1797346992
1848,3.0,3,1996,9.651425917659465,Rural,No,379107.4330867862
2673,1.0,2,1980,,Urban,No,525128.6057993007
1903,5.0,3,1962,2.7126028513503107,Suburban,No,420129.1800294307
2735,4.0,3,1972,5.325484614551158,Urban,Yes,567453.9997091274
1989,5.0,2,2014,7.645901055902701,Suburban,Yes,510061.22082112916
2353,1.0,2,2017,,Urban,No,480527.1918909507
2737,1.0,1,1979,2.0571533476734105,Suburban,No,505066.3493084923
1903,4.0,1,1980,3.8419824784300185,Suburban,No,378855.9046612335
2109,4.0,1,1996,6.799893002956766,Urban,Yes,524830.5675162658
2644,2.0,2,1965,8.132930099679498,Suburban,No,488392.8403796272
1933,1.0,1,1992,,Urban,Yes,455218.6600374259
1339,4.0,3,1952,7.85211128503366,Urban,No,330133.51331689465
3071,1.0,1,1961,5.430327990290226,Rural,Yes,544150.2937568031
1765,2.0,1,1960,3.633553502811009,Suburban,Yes,351215.4293272584
2079,3.0,1,1965,9.347647452332952,Suburban,No,398694.85262024304
2578,1.0,3,1978,5.807892916243004,Urban,No,520254.8970937763
1695,2.0,3,1970,7.199142468890356,Rural,Yes,363641.19265745167
1496,2.0,2,2007,5.251963216757847,Rural,No,313844.8950633242
2126,2.0,1,1992,3.178963563100146,Suburban,No,425764.8407304239
1103,5.0,3,1954,5.922446024801552,Suburban,Yes,309774.27365942736
1856,4.0,3,2001,8.559137764680088,Rural,No,389757.17963333393
2122,1.0,3,1962,4.449888351248868,Urban,No,402253.6040290591
1865,5.0,2,1961,7.018538525439653,Rural,No,390560.7393892748
1228,1.0,2,1950,1.3812053883536817,Rural,No,217666.38169246662
2797,5.0,2,1957,9.428838195915155,Suburban,No,550721.1968449197
2051,4.0,1,1965,9.729383858854805,Suburban,No,458009.3062876478
2715,2.0,3,1964,4.476651433611313,Rural,No,462998.7721846855
1869,1.0,2,1968,5.485455221326421,Urban,No,406029.2448428869
1559,2.0,2,1974,2.445244317276479,Rural,No,286435.6186426032
2134,4.0,3,1980,2.7657704483224133,Rural,No,466125.01068027184
1892,1.0,3,1951,6.418617611100254,Urban,No,403207.58519484673
1411,3.0,1,2008,6.64304017546509,Suburban,No,327582.96147857094
2734,3.0,1,1980,4.074462388702228,Urban,Yes,598581.513767948
1688,3.0,1,2017,4.366253691878661,Rural,No,340068.91912361473
1079,4.0,2,2017,5.556056765826389,Rural,No,327277.20421973104
2664,3.0,2,1961,9.458131686212822,Suburban,Yes,513916.43571867043
1747,1.0,3,1966,2.346909706396998,Urban,Yes,405655.78683723835
1696,,1,1978,5.963750301410833,Suburban,No,361156.90703569376
1117,1.0,3,1985,1.523675280837029,Suburban,,226960.31735553977
2870,4.0,1,2012,5.125141881023002,Suburban,Yes,610010.4722054857
1355,2.0,1,1964,4.574909857005343,Suburban,No,259671.09050786658
2029,5.0,1,1979,2.477791027227294,Suburban,No,401748.54973747063
2456,3.0,1,2000,2.4759598722826883,Urban,No,494470.8653594717
2210,5.0,3,1960,5.050867582081579,Urban,No,472627.78070395655
1970,2.0,3,2006,2.139354149946088,Urban,No,434445.5881285769
1149,4.0,2,1962,3.6530053952969546,Suburban,Yes,286925.0642080492
1595,4.0,1,2004,1.6409651718126665,Suburban,No,348390.8591294318
2093,2.0,3,2012,3.675643515687112,Rural,No,391750.91399531893
1606,5.0,1,1951,5.8032321531759745,Suburban,No,356586.30049967946
2101,3.0,1,2021,7.694839043242386,Suburban,Yes,502397.11786225584
2340,1.0,2,2005,8.473661767960927,Urban,No,517084.52248006576
2481,4.0,2,1956,4.040582462032454,Suburban,Yes,484191.0346836377
4158,,3,1992,9.449171979998098,Suburban,No,370473.7937794924
3098,5.0,3,1980,3.16562308543408,Urban,No,633949.0472978828
2383,3.0,2,2010,1.7251872439888714,Suburban,No,500790.9169800018
1999,5.0,3,1971,9.325086991824465,Suburban,Yes,468452.0446374193
2544,3.0,3,2011,5.858295066360662,Rural,No,538887.0000323845
3182,1.0,2,1977,4.162413725875113,Suburban,Yes,596288.686617044
1280,1.0,1,1974,9.082997708628355,Suburban,,261109.74051789579
1887,,1,2014,7.981711883805795,Rural,No,388867.1950859514
810,2.0,2,1981,8.491993448200173,Suburban,No,224699.97815100697
2096,3.0,1,1997,3.6310910441111384,Suburban,No,440898.2227410371
2182,3.0,1,1973,8.861367063713153,Suburban,No,474374.7736642011
1980,3.0,2,1991,6.847952348082344,Urban,No,465482.60259893234
1672,3.0,3,2019,7.642142709665923,Suburban,No,435856.1879661574
975,1.0,2,1985,3.811799591417828,Suburban,,202067.43187462643
2186,2.0,2,1980,3.2051396387045026,Urban,No,464157.3541787511
2727,2.0,1,1976,4.673633659706001,Rural,No,468928.4745262736
1704,4.0,2,2015,6.176914553900844,Urban,No,486163.8255180298
2220,2.0,1,1994,6.993882207159261,Suburban,No,498364.2502387164
1215,2.0,2,1993,5.481680966018073,Urban,No,333792.3285549141
2228,5.0,3,2006,7.289778069631587,Suburban,Yes,525903.3449833713
1803,5.0,1,1970,7.374984158315367,Suburban,Yes,423539.28417958773
1618,4.0,2,2004,6.99467067162631,Suburban,No,399576.9122144447
1619,3.0,1,1964,3.2597962113224384,Urban,No,372542.4881873272
1803,4.0,2,1983,5.016956400850783,Suburban,No,392843.3428706779
2191,,2,1952,7.891733905239339,Suburban,No,425911.820705788
1343,1.0,2,1950,8.98265300568076,Suburban,No,288269.1601568673
1801,2.0,1,1973,5.510540154619269,Urban,No,393223.4738188129
1979,1.0,1,1992,,Suburban,No,429983.38029352686
1450,2.0,3,1976,2.572413898829025,Suburban,No,316820.0952818277
2898,4.0,3,1958,3.0194119601696725,Suburban,Yes,573880.029739267
1573,2.0,3,1966,5.146761760372321,Urban,Yes,366171.5179232425
1665,3.0,3,1988,5.5786652070234855,Suburban,,372458.86795228685
4530,3.0,2,2004,4.8202940065142705,Suburban,No,369855.1098889953
2899,4.0,1,2017,4.873572903757793,Rural,No,540195.262177883
2276,5.0,2,1994,5.385255613414974,Urban,No,487119.05285119754
1531,3.0,1,1977,3.881497436939121,Suburban,No,332296.5648184042
2553,4.0,1,2005,2.1784880043645507,Suburban,No,505234.95640242816
2100,1.0,2,1978,9.60497801513307,Urban,Yes,456262.28118140565
2128,5.0,2,1978,8.154882354431166,Urban,No,498422.9513791532
1827,3.0,1,2018,8.334128160355185,Suburban,No,413986.783082608
1625,4.0,3,1960,4.284630107106233,Urban,No,347582.71155163314
2168,4.0,3,1951,4.634958785792758,Urban,No,412021.1897325027
1727,1.0,1,2017,9.42258935294767,Suburban,Yes,414815.6849296826
2908,1.0,2,1959,9.756220603918006,Rural,Yes,524079.9073861258
1365,5.0,2,2021,9.483587781997747,Urban,Yes,455750.076729467
2768,3.0,1,1976,6.783401638559461,Suburban,Yes,546496.7288032655
1944,4.0,2,1984,3.184443430279262,Suburban,No,426508.08693490486
2149,5.0,1,1999,6.444760150603769,Urban,No,515095.45121102006
2416,5.0,1,2023,6.30177943542153,Urban,No,566635.5472328764
1684,1.0,1,1951,9.174116442677105,Urban,No,395432.5407637662
2432,4.0,2,1966,3.805017416659213,Urban,Yes,513298.088086854
646,2.0,3,1973,2.806119370945738,Suburban,Yes,229907.18066369626
1640,1.0,1,2006,3.3922630621745387,Suburban,Yes,367255.1025413918
1537,4.0,2,2020,3.1883053869054923,Suburban,No,370794.1124888863
1373,5.0,3,1965,6.835459771003783,Urban,No,374281.8763544966
1892,5.0,1,1985,8.31189686721125,Urban,No,507052.3775893486
2192,3.0,3,1994,4.313019181450943,Urban,No,495980.08457248687
2351,2.0,2,1959,2.5877163753350905,Suburban,Yes,480891.99793120305
2120,,3,2012,4.087824549317343,Suburban,No,492728.52558113885
1667,3.0,3,1992,5.919025348735967,Suburban,No,376102.7900775613
2184,3.0,2,2000,6.980374340154343,Suburban,Yes,449314.4721631065
2062,2.0,1,1952,5.948188006651437,Urban,No,408980.79166987917
2468,1.0,2,2015,3.3105726254475147,Rural,Yes,462260.91528872226
2388,1.0,2,1984,9.262169027609124,Rural,No,449640.67049726436
2015,5.0,1,2018,4.940313441205179,Suburban,No,484116.150587143
1551,1.0,1,1985,5.130729762753785,Suburban,No,340394.4313933096
1673,3.0,2,1998,9.706467028751446,Urban,Yes,447131.03316876997
1725,5.0,1,1950,8.815307053998891,Suburban,Yes,426937.2888373861
1842,1.0,1,1991,8.256422541449215,Suburban,,408062.86035939085
2134,2.0,2,1990,2.644219145190512,Rural,No,417530.9291350387
2357,3.0,2,2022,8.542785778218384,Urban,Yes,544422.6806621341
1974,4.0,2,2006,5.097777771116475,Suburban,Yes,479067.44922961376
2008,2.0,2,1969,2.8845440352478318,Suburban,No,361765.29519186885
2071,2.0,3,1963,9.917937694212654,Suburban,Yes,452025.8189486108
1742,1.0,3,2001,2.5484883429547347,Rural,Yes,387894.4073799586
1537,5.0,1,2003,9.297438633769133,Urban,,426106.4084697547
1122,5.0,3,1998,1.0047568054020202,Urban,Yes,331061.32275809714
1652,3.0,3,1979,4.9412625384009115,Suburban,No,348336.9315134703
2236,1.0,3,1952,1.2690638902172315,Suburban,No,392198.7259608904
1648,5.0,1,1961,9.212069275326295,Suburban,No,415508.3670052005
1881,4.0,3,1980,2.1330012926276654,Urban,Yes,421785.17867711594
2233,1.0,2,1986,7.057886265000624,Suburban,No,449773.08847980655
2260,,2,1976,6.680983377537416,Suburban,Yes,436118.73641792283
1460,5.0,1,1973,8.011615678002403,Suburban,No,328696.0302620683
2498,2.0,1,1990,7.721898807595211,Suburban,No,515000.55691892165
2563,1.0,1,2013,1.2920397233420082,Suburban,No,478225.38670750195
1435,2.0,3,1960,4.4956056425581785,Suburban,No,329984.7192011901
1588,3.0,1,2022,3.90270759607715,Suburban,Yes,373610.7759618771
2595,3.0,1,1965,9.755967372232218,Urban,No,572513.0209544757
1926,5.0,1,1963,,Suburban,No,432334.75605525315
890,3.0,2,1996,,Suburban,Yes,280340.4459677173
1300,5.0,1,1979,4.9794434804644565,Suburban,Yes,356654.5433303084
1875,5.0,2,1973,9.018714994181211,Suburban,No,443602.41370548814
1418,2.0,2,1962,,Suburban,,317713.0732316683
1793,2.0,1,1958,3.055948247793211,Urban,No,340013.89730281336
2016,3.0,1,1998,,Urban,No,459777.86085240776
2731,2.0,3,1975,5.575490662606893,Urban,Yes,544665.8902518695
1854,1.0,1,1998,5.804265480464204,Suburban,No,382373.9489035073
2536,4.0,1,1991,4.7471044549537815,Rural,No,460187.5356187902
2714,1.0,1,1994,2.498124527056217,Suburban,No,469428.60144250403
2717,1.0,1,1970,2.495993344390267,Rural,,456871.54111186025
2142,5.0,1,1978,3.650330987124338,Urban,No,451199.08012137574
1018,4.0,1,1973,5.214786776591422,Suburban,No,264848.87476601015
2230,5.0,3,1991,8.417132504528936,Suburban,No,500011.2790760664
2524,2.0,3,2020,5.0214881948666115,Rural,No,489648.1299461988
1959,2.0,1,1990,9.080157888503347,Urban,,475911.6628801787
2872,4.0,3,1997,2.084650326227714,Suburban,,539646.6815427091
2429,3.0,2,1992,3.445956792495264,Suburban,Yes,510406.44090077415
2284,2.0,3,1957,,Rural,Yes,388722.85350853944
2543,1.0,2,2012,5.5902300940920435,Suburban,No,512800.60513282474
2166,4.0,1,2012,1.810290656732608,Suburban,No,462218.48537019955
753,4.0,2,1955,8.161157304002929,Suburban,Yes,232203.92300564775
1750,2.0,1,2023,1.357873362578223,Rural,Yes,396686.48550530005
2598,2.0,3,2001,5.278540832427692,Rural,No,521769.16693942546
1596,5.0,2,1970,4.785530585182794,Suburban,No,361586.0272044665
1888,5.0,2,1963,2.820095712472697,Suburban,Yes,436332.3938287222
1477,1.0,2,2007,6.281684012140162,Urban,No,369815.8681896414
2891,4.0,1,1974,,Urban,No,579788.4158518176
2840,3.0,1,2005,2.7817012992946477,Suburban,No,540477.0744773425
1558,3.0,3,1958,,Suburban,No,368518.02757472714
2073,4.0,3,1985,6.946259420605342,Urban,No,489916.5005734468
1659,1.0,1,2006,1.1093756548900622,Urban,No,395719.97928002494
2307,5.0,3,1954,5.516782143803718,Suburban,No,459049.69190171163
2254,5.0,2,1956,3.4417603338053535,Rural,Yes,418646.2599824441
2405,5.0,2,1955,9.236010370178967,Urban,No,509648.79393497197
2165,3.0,2,2001,7.530227650635824,Suburban,No,487930.6864773135
3467,3.0,3,2023,6.504532272616422,Urban,No,700910.0944074893
1486,1.0,2,2019,1.8014867305182025,Suburban,No,370653.16570206784
1144,3.0,2,2004,9.375813232547436,Suburban,No,339838.6824779121
1803,2.0,1,1963,2.297811199491684,Urban,No,346234.68772892834
1216,3.0,1,1950,5.056719764133913,Suburban,Yes,286522.06102993153
1253,5.0,3,2022,7.129374140027121,Suburban,No,366580.71791129425
1499,1.0,1,1986,5.452921110180701,Suburban,No,292945.52214570396
1538,4.0,3,1998,8.942230323356524,Urban,Yes,453344.20235829696
1522,4.0,3,1961,8.518071358880448,Urban,Yes,405170.00669542677
2259,1.0,1,1954,2.2183106481164443,Rural,No,389738.40630497824
1746,2.0,1,2019,6.558726341645776,Urban,Yes,461535.9079649594
1910,4.0,3,1960,1.4698283525927158,Rural,No,345546.8536749942
2447,5.0,3,2002,7.485197555015064,Suburban,Yes,577724.44240077
1616,4.0,3,2004,7.624188282508163,Urban,No,425181.02450030955
1867,4.0,2,2023,4.1004203467922435,Urban,No,459100.547179386
2182,5.0,2,1999,8.079344356284984,Suburban,Yes,508342.69195243396
1029,3.0,1,2002,6.8743220582892,Suburban,Yes,281664.4600903305
807,2.0,2,2004,5.536456553602676,Rural,No,252676.00483161412
2173,5.0,2,1952,5.097452987378757,Suburban,No,430035.8858007736
2246,,3,1965,1.9822645439942401,Suburban,Yes,460762.76419380127
3032,1.0,2,1994,5.779935813850567,Rural,No,590130.0758862948
2079,,1,1985,2.404899566911678,Urban,No,444824.86293720105
2409,3.0,2,1968,6.904274163938753,Suburban,No,451878.8140837142
1902,5.0,2,1953,,Suburban,No,426737.89752371964
2148,3.0,2,2008,3.6147779828890045,Rural,No,441969.5337870777
2833,5.0,1,1961,3.2229917170481768,Rural,No,484767.4776454118
938,5.0,1,2012,5.284562423671874,Rural,Yes,303413.23642757843
2206,1.0,3,2005,5.612391226521791,Urban,No,488853.118473668
3067,4.0,2,1976,8.181327845644205,Suburban,No,571576.64298619
2141,2.0,3,2017,3.7356220005806593,Suburban,No,467780.38355054404
2825,1.0,3,1973,4.630803717615662,Suburban,No,524785.5585387434
1685,3.0,1,1975,4.089658058811022,Suburban,No,309418.303682376
1983,5.0,3,1971,,Urban,No,454775.7865235548
2016,,2,2019,6.103871572015417,Urban,No,536895.717463764
891,2.0,3,1968,6.017240114507421,Rural,No,207693.12734620637
1415,1.0,1,1983,4.252081013646013,Suburban,No,309402.50005868415
1451,1.0,1,1960,6.421917557431637,Suburban,Yes,317402.8647180601
2411,3.0,1,1994,6.544402140513733,Rural,Yes,441135.81133304274
2436,1.0,2,1986,5.742080485700963,Suburban,Yes,475116.05994202726
2162,1.0,3,1972,5.071255365657482,Urban,No,465537.1203266796
2412,4.0,2,1989,1.7014295383173887,Suburban,No,488889.52294203994
1917,2.0,1,1992,5.871412427752165,Urban,Yes,469298.39248385536
2600,1.0,2,1953,7.414299914381982,Suburban,No,468279.89779564564
2004,3.0,1,1964,2.9379443025360565,Suburban,No,408060.68213558255
2028,5.0,2,1972,8.000516494144945,Suburban,No,467890.46722507884
1867,1.0,2,1961,6.277872568349118,Suburban,No,399517.53410013125
2342,1.0,3,2017,3.137688626303567,Suburban,Yes,525378.2896036241
1789,5.0,3,2017,2.466561451828081,Rural,No,413661.163407781
2488,4.0,1,2001,3.2086130616891566,Suburban,No,468789.69331939844
1433,2.0,3,1990,7.831774881866719,Urban,No,367367.91322894575
1450,4.0,3,2008,3.254606869831732,Urban,No,386048.1521702373
2343,3.0,2,2007,7.149013467399344,Suburban,Yes,510567.8182854383
1955,1.0,1,2008,5.912348715521065,Suburban,No,401781.40544936556
1773,4.0,2,2021,5.921610032685832,Urban,No,491645.8061988315
2445,2.0,2,1972,8.673393895889523,Urban,No,512889.8272924323
1696,3.0,3,1950,8.872544092127153,Suburban,Yes,383033.6013689418
1899,4.0,3,2005,5.8321805555422115,Rural,No,418745.6194239373
2699,1.0,1,1953,1.5876151454388387,Suburban,No,435202.5158046963
2769,2.0,3,1978,2.450661730988145,Urban,Yes,566518.4830308916
2786,1.0,2,1966,9.538007093728357,Urban,Yes,568566.5408590413
1858,1.0,3,1998,2.2121892001602594,Urban,No,436573.5235791386
2615,3.0,1,2000,8.518165960650052,Rural,No,545871.7984698743
1525,2.0,1,1998,5.863661249609708,Urban,Yes,401427.9875746261
1546,5.0,2,1973,2.026110800817268,Rural,No,329413.31326962676
824,1.0,2,1993,9.275533355829921,Urban,No,275247.983176332
2836,2.0,3,1990,9.352944834673703,Suburban,No,593228.7703178474
1568,1.0,1,2006,6.538253567307262,Suburban,No,377652.6857733276
1936,4.0,2,2005,,Suburban,No,449190.41722950246
1544,4.0,3,1981,,Rural,,346880.811972474
2347,2.0,3,1980,6.6498412187303,Suburban,No,478527.15958733135
1812,3.0,3,1965,6.599244339252619,Suburban,No,397990.8436834856
1347,5.0,2,1981,7.600674740287906,Urban,Yes,381004.2574987738
2220,4.0,2,1991,1.6043000682477344,Suburban,No,454807.69648131117
1283,3.0,3,1983,1.9227701311466616,Rural,,262189.8228015425
1581,5.0,3,1986,,Rural,No,348357.6523481275
946,4.0,2,1965,4.147229784776543,Suburban,Yes,272413.43162954244
1288,5.0,1,1962,6.742274273809539,Rural,No,317122.34551456966
2089,1.0,3,2015,2.5468755062709283,Suburban,No,428068.2815899778
1017,2.0,1,1982,5.869263313823636,Suburban,No,232380.3350830024
1259,4.0,1,1984,2.6680557386939583,Urban,Yes,346371.333550252
1998,4.0,2,1986,4.19937671782665,Suburban,Yes,443973.27045035985
1728,1.0,2,1989,9.419491401937021,Suburban,No,368749.60380996665
2996,4.0,1,1957,9.06129447801971,Urban,No,586595.628102201
2916,4.0,2,2003,9.577935375512528,Suburban,No,606324.2461050024
1566,,1,1956,6.322775147056446,Suburban,No,355992.56422093825
2278,4.0,1,1951,5.511701917944889,Urban,No,440321.71329132526
2374,,2,2005,8.640233438222522,Suburban,No,520876.4202377706
1701,3.0,2,2006,1.7169838988990316,Rural,No,387592.02837823605
1252,4.0,3,1998,9.806045017771837,Suburban,No,347504.9051442173
1993,1.0,2,2018,5.161351187769364,Suburban,Yes,457859.16837704676
1913,4.0,3,1957,7.082077142287167,Suburban,No,404302.88240505895
1782,,2,2012,7.556229243471222,Urban,No,489129.60286579764
2221,5.0,2,2020,6.659558625409451,Urban,No,546816.7062099999
1624,1.0,2,1995,9.023726433908504,Suburban,Yes,395483.6233864486
1424,3.0,2,2016,3.593451597047562,Rural,No,355900.95184063964
2054,,1,1995,5.790773564055501,Suburban,No,429873.228829826
2192,3.0,2,2016,4.872747967436775,Rural,Yes,487685.5926960222
1411,2.0,1,1991,7.337159419417438,Rural,Yes,345964.1958845066
2464,5.0,2,2013,4.556036553708642,Rural,,510147.14508478716
1114,,2,2022,9.035742137146519,Urban,No,373427.6427743223
1710,5.0,1,2002,5.413871221320994,Urban,No,476851.0407552589
1870,3.0,2,2020,5.824072962119785,Rural,Yes,441895.9273460131
1681,,3,1956,5.440539410617233,Urban,No,383426.41438950686
1717,3.0,3,1956,6.603725771556617,Urban,No,349522.85724558827
2935,5.0,2,1985,5.5936136394025695,Urban,No,646723.4992842645
4722,5.0,3,1962,9.436762887864974,Rural,No,348329.5641554206
3220,,3,2016,2.18010167196436,Rural,Yes,644244.9547224059
2218,5.0,3,1969,1.1208461398064455,Rural,No,413770.2705752515
2046,2.0,3,2022,,Urban,No,459564.3435657304
2238,5.0,1,2002,7.881677325727999,Suburban,No,506654.6463451839
3264,3.0,1,2001,6.833762012248327,Rural,No,641444.0286910962
1503,5.0,1,2010,9.664607363152456,Urban,No,430062.9940806827
1439,4.0,3,2010,2.640493095382925,Suburban,Yes,369196.7180101368
1622,2.0,3,2005,7.245843103998006,Urban,Yes,462116.810661378
2016,5.0,1,1989,8.342810663829509,Suburban,Yes,477352.98788033787
1137,4.0,3,2012,9.208575628656513,Suburban,,337779.02373999584
2011,,1,2006,5.756963148039309,Suburban,No,429353.31092323427
2846,2.0,1,1953,4.267957313600959,Suburban,Yes,504286.23876593006
2075,5.0,1,1975,9.598251095244027,Rural,No,454407.6105640523
1853,3.0,3,2011,8.123240105718734,Rural,No,389618.13392384426
1690,4.0,1,2003,5.2375954134406335,Urban,No,426163.2493550246
2449,2.0,2,2011,6.860494530341497,Urban,No,544841.6850582883
1587,5.0,1,1967,3.5071919254676427,Suburban,No,358274.59914744506
2923,3.0,1,1959,6.5335768653860935,Suburban,No,542905.0587006216
2966,2.0,2,1985,5.860267340320272,Rural,Yes,547950.6179981335
2128,4.0,3,1951,1.3530279161156455,Suburban,No,379004.8275032306
1994,5.0,1,2009,8.791730491383912,Suburban,No,486672.55563407287
2515,2.0,2,1996,5.411730241223849,Suburban,No,521322.199011553
2547,4.0,3,2022,5.317629168798248,Suburban,Yes,558317.1856947044
1597,4.0,2,1981,3.5508687618168335,Suburban,No,342498.2110224368
1736,,1,2018,2.767488407055734,Suburban,No,394855.3877453344
1338,4.0,2,2000,3.622346406628449,Urban,No,380277.1023269965
2204,4.0,3,2016,6.849824513908847,Suburban,No,504306.943016673
2333,1.0,1,2016,1.87884308085908,Urban,No,511747.56671356247
1325,4.0,2,2017,3.995779364944926,Suburban,No,364930.4404303706
1772,5.0,3,2005,9.808662728840327,Rural,No,438254.5333069341
1326,2.0,3,1963,3.4437571811443894,Rural,Yes,242618.74421124218
1550,,1,1965,9.699895136823567,Urban,No,421947.0491736785
2275,5.0,1,2015,1.9432969093850918,Suburban,Yes,458358.7461928057
1633,,1,1982,8.145866352960667,Suburban,No,331234.60925147776
1849,1.0,1,1962,4.957643547385754,Urban,No,367301.7349876572
1186,,2,1979,2.753352446506951,Suburban,,282284.8531663583
2093,,3,1975,8.0868024156642,Rural,,461522.4850428122
1977,2.0,1,1962,1.0628271225278723,Suburban,No,353218.48938658426
1635,1.0,1,2017,4.124261861906211,Suburban,Yes,382955.9084452912
1905,1.0,1,1982,6.443715989523234,Rural,No,388368.980441413
2090,5.0,2,1964,3.0787322125270156,Suburban,No,381279.4010140777
1592,1.0,3,1966,,Urban,Yes,365476.3414785063
1261,3.0,3,1955,1.8230802775485837,Urban,Yes,297462.8013574676
2902,5.0,1,1954,8.678910951723218,Suburban,No,546857.4479893701
1683,1.0,3,1982,4.799497103969544,Suburban,No,374785.49160182476
1951,1.0,2,2003,2.3076562310276914,Suburban,No,377380.914975457
2505,1.0,3,1965,2.791846102663167,Urban,No,464422.5596060535
3764,5.0,1,1995,3.4765020951147987,Suburban,No,705557.7881147845
1377,2.0,3,1973,3.065198279048651,Urban,No,315315.6105041046
2224,4.0,2,1954,5.529760611099302,Urban,Yes,505652.166292281
1646,1.0,2,2016,9.146963533279777,Suburban,Yes,425664.58798713714
1730,4.0,3,1999,2.655235837556979,Urban,Yes,431060.48085877846
1639,4.0,3,1990,5.0810181677999635,Suburban,Yes,428803.30773432524
1437,1.0,1,2004,6.975365394584467,Suburban,No,356263.21776467934
1979,1.0,1,1969,2.654147520155043,Rural,No,365497.2289259458
1262,4.0,1,1999,2.3859290022459194,Suburban,No,298542.26178716705
2473,2.0,3,1984,2.3982645627819887,Urban,Yes,535533.0852358795
2027,4.0,2,1999,8.937855670628824,Suburban,No,444548.8754319347
2211,2.0,2,1982,7.40138893252453,Rural,No,442436.89538879413
1766,3.0,3,2016,4.0273189986074245,Rural,Yes,386229.2124116994
1816,2.0,2,2020,9.123050968461039,Suburban,Yes,428966.6428579903
2143,5.0,2,1959,9.5819113074231,Suburban,No,455314.25630022277
1417,1.0,3,1990,4.584464123593827,Urban,Yes,362666.3585633394
1821,3.0,2,1989,5.594028083213906,Urban,No,430659.0250916763
1570,4.0,3,1955,4.222761792485814,Rural,No,323254.95722690626
1554,,1,1982,3.048002407298707,Suburban,No,328176.2199713993
945,3.0,2,1965,8.020088985186778,Suburban,No,281707.8967393623
2669,5.0,3,1973,6.841564047696583,Rural,No,517897.43189548276
1656,2.0,2,2009,4.3020134861586765,Urban,No,404943.64509131043
2581,4.0,2,2023,1.1294198486016047,Suburban,Yes,526851.4317882499
2534,4.0,1,1960,7.873060558034322,Suburban,Yes,506126.59277593193
1357,2.0,3,1993,5.296342865108533,Suburban,Yes,318452.3969701295
1455,5.0,1,1952,1.6577679278709394,Rural,No,268781.2946195622
3280,1.0,2,1987,2.120521405493358,Suburban,Yes,580863.0630410295
2875,1.0,2,1989,6.65540085472125,Suburban,No,544329.5376157975
1984,4.0,2,1968,5.916991190212131,Suburban,,431870.4301397678
2128,5.0,3,1989,3.1643044171548382,Suburban,No,439908.4346339848
1684,4.0,1,2002,2.2589135729865437,Suburban,No,413855.9313490512
6648,1.0,3,1985,8.962608493358665,Urban,No,497534.6114246448
1641,4.0,2,2016,2.2138021456964796,Suburban,No,377082.96799561195
983,2.0,1,1969,,Rural,Yes,239247.5143610836
1339,2.0,2,1977,6.57947685881501,Suburban,No,306789.1065108836
2010,5.0,1,2006,3.2729705442256463,Suburban,No,444836.0191916133
1434,1.0,3,1952,6.9093999225910805,Suburban,Yes,297172.95119021495
1966,5.0,3,1986,5.401882326497368,Suburban,No,452801.347882251
1462,5.0,3,1967,2.9012358622065983,Urban,No,348543.8896856565
1608,1.0,3,1995,1.6267477686607208,Urban,No,350972.5958453405
2426,3.0,3,1954,,Suburban,No,405415.55444649793
2123,3.0,1,2022,6.272742199569616,Rural,Yes,491666.4835744922
1995,4.0,1,2006,7.824207051595881,Suburban,Yes,465602.5051745476
2439,3.0,2,1975,7.206938067796538,Rural,No,501742.6543025735
2240,2.0,1,1982,6.335677315566403,Suburban,No,455309.01987303887
2723,5.0,2,1985,2.8983533716061927,Urban,No,585499.1000413809
1770,,3,1971,8.756097379410434,Suburban,Yes,440692.620401188
1785,5.0,1,1966,6.6596117856575985,Urban,No,425277.7701998563
1349,1.0,1,1993,7.247787021362019,Urban,No,356014.680924451
1785,,3,2001,3.014479692470924,Suburban,No,420916.77766163106
2482,1.0,3,1971,3.353419032069658,Urban,Yes,510699.2366311139
2649,4.0,3,2018,9.167946041577483,Suburban,No,571855.3445563462
2480,,2,1950,5.284662136436104,Rural,No,417096.57757576305
1102,3.0,2,1979,5.984582181775789,Suburban,No,287792.5140603094
2541,1.0,1,1988,1.9968894169613698,Suburban,Yes,455585.87763586483
1080,3.0,3,1984,4.551165835471119,Urban,No,305319.8951729313
2449,5.0,1,2018,8.983324298385503,Urban,Yes,592269.3357495547
1816,2.0,3,2019,9.101359009805067,Suburban,No,416507.2822330441
2351,3.0,3,1960,7.5713742067498995,Rural,Yes,466327.23057815264
1333,2.0,3,2000,5.910739068222701,Rural,No,332168.39233262616
2585,5.0,3,2012,9.377400165911814,Suburban,No,589781.541067057
1267,5.0,3,1983,8.846568987763654,Suburban,No,313378.0946592189
1665,1.0,2,2004,8.617160833962778,Suburban,No,370193.48105351685
1500,4.0,1,2022,8.936265290469166,Suburban,No,426190.76781786035
1122,1.0,3,1969,5.079145484422343,Suburban,Yes,284796.0421581271
2047,2.0,2,2007,5.729409548317708,Suburban,No,461356.97909548087
2903,1.0,2,1966,4.816113411308222,Suburban,No,503720.8010341739
3333,3.0,3,1983,7.660603178533409,Suburban,No,634226.1146552525
2048,,3,2011,6.32734417843707,Suburban,Yes,491429.3260025951
2558,4.0,2,1983,1.6272804242731893,Rural,No,455792.09725867957
2116,,3,2021,2.229401929921731,Urban,No,502524.3867040636
2249,2.0,2,1968,2.7309199993283597,Suburban,No,423050.4784214325
1828,5.0,3,2015,7.034984527630035,Rural,,447645.098392194
2097,4.0,2,2021,1.9882459801078731,Suburban,No,458767.4010204501
2268,2.0,3,1991,5.867377683806475,Rural,No,498227.61730220437
1710,4.0,2,2000,8.567514791139422,Suburban,No,423948.45736033143
1961,4.0,1,2020,9.527630710228692,Suburban,No,488850.336792417
1970,5.0,3,1998,4.854089418097029,Urban,Yes,528370.2441494772
2413,3.0,3,1978,5.800866178335583,Suburban,,466511.94350756303
1466,2.0,2,1979,8.483752298650597,Urban,No,359914.90782846673
1974,4.0,3,1974,9.421676099165202,Suburban,No,411786.010954963
2956,,1,2017,4.508752815621365,Suburban,Yes,603158.9871373132
2582,1.0,1,2011,4.177544665362212,Suburban,No,503390.47901783924
2674,3.0,2,1987,5.0576017797666655,Suburban,No,525102.4128223846
2012,5.0,2,1966,3.284242480770639,Urban,No,449638.07736511703
2160,2.0,3,2023,,Rural,No,473719.8119392951
2501,4.0,2,1950,3.863779549346405,Urban,,519210.8894593734
2780,2.0,1,1967,5.045115838316546,Rural,Yes,507208.39787916664
1024,5.0,1,2012,3.8796694048618905,Rural,No,273056.59120258514
1342,3.0,3,1995,2.0702894695274883,Suburban,No,335700.69473009324
2654,1.0,1,1968,6.4598265079464525,Suburban,No,508056.09486413805
1861,3.0,2,1999,6.288494836550247,Suburban,No,446203.00691721565
1664,1.0,3,2003,3.6541012906249906,Suburban,Yes,384240.75791141915
1372,2.0,3,1980,1.2825835213633416,Suburban,No,316648.9389141375
1722,3.0,3,2014,9.430719864787577,Suburban,,479967.3185932508
1298,3.0,2,1995,4.199925153201141,Rural,Yes,330778.7554055493
3045,3.0,3,1984,5.848792702584364,Suburban,No,577675.9322670758
1988,5.0,3,1998,2.2937385752625703,Rural,,435194.5771150514
1971,2.0,1,1983,3.260512652284408,Rural,Yes,390967.6277959411
2294,1.0,1,1978,4.917274959372256,Urban,No,487045.9629886912
2481,3.0,3,1955,6.060199448944193,Urban,No,511426.78396359447
2472,2.0,2,1950,8.68612750878325,Rural,No,446414.0871585158
2536,5.0,2,2004,,Suburban,Yes,567628.6521875132
1684,5.0,2,1976,8.846026931653403,Rural,No,394700.5995552338
1851,2.0,2,1961,5.125994859719107,Urban,No,427652.4797196151
2384,1.0,1,1953,4.89409181456804,Suburban,No,423787.3742636906
1736,2.0,2,2001,4.567733839144632,Urban,No,450109.968778231
1997,2.0,2,1960,8.9756032314339,Rural,Yes,410586.50328828197
2199,4.0,3,2001,3.259154426733274,Urban,No,513039.8932520961
2392,5.0,2,1975,8.71627754944028,Suburban,Yes,510607.7613025109
1111,1.0,2,1977,1.8019313883025427,Suburban,No,222339.80905463974
2357,4.0,2,2021,,Suburban,No,577003.775254505
1883,2.0,2,2015,5.527141802626918,Suburban,No,421619.8193783011
2353,5.0,1,1976,9.990146844024945,Suburban,No,524003.3956460251
2388,4.0,3,2004,6.471405460919983,Rural,Yes,488042.5912140339
2803,4.0,1,2020,2.0584186448649002,Suburban,No,562514.9117177448
2676,1.0,3,2003,1.5480251789032153,Urban,Yes,574346.0488122479
2673,2.0,3,1995,2.740769555635377,Suburban,Yes,548598.2647737571
2721,1.0,3,1985,4.790340341401279,Suburban,Yes,535673.6228765636
2145,4.0,3,1970,7.724706826405027,Urban,Yes,489801.869255435
2016,4.0,1,1998,1.006433156156856,Urban,No,456427.53322947334
2436,1.0,3,1983,3.316121003329659,Suburban,Yes,468414.15591801837
2366,4.0,2,1983,6.288129565492512,Rural,Yes,485861.53738833027
1845,3.0,2,1989,3.680950269008127,Rural,Yes,381766.4895170163
2202,5.0,3,1956,4.2124927905461815,Suburban,No,382539.6473374902
1982,2.0,2,2001,3.70687215637028,Suburban,No,391746.9542456773
1573,5.0,2,1998,9.578646273158533,Urban,No,455843.6714652743
2645,2.0,3,1986,1.5924985905480367,Rural,No,475967.30719331757
2027,4.0,3,2011,9.167601180326642,Urban,,538051.1629052375
3024,1.0,3,1964,3.909152577923666,Rural,Yes,505868.88277362986
1187,1.0,1,1951,3.218919779033942,Suburban,No,256435.58643051478
1721,4.0,3,1960,8.949416811341239,Urban,No,429269.12349729467
2016,2.0,3,1966,3.583759835062299,Suburban,No,359782.8295216357
2568,4.0,1,1994,9.8873515854627,Suburban,No,549823.6125064027
2199,2.0,2,2017,5.932789460244179,Suburban,No,487769.7489305904
2155,4.0,1,2010,5.287347754557866,Urban,No,503510.5743755777
1436,4.0,2,1995,9.78838378853924,Rural,No,397728.4977733724
1421,4.0,1,1981,3.040901815198003,Suburban,Yes,336134.4171618639
2161,1.0,3,1968,9.180723961819563,Suburban,No,400883.275349804
1317,,1,2016,6.323721440240465,Rural,No,330464.8816876515
1734,4.0,3,1953,7.794709398629779,Suburban,No,367001.5506413588
2250,5.0,2,1974,6.238308678832974,Rural,No,454322.0592305818
1508,5.0,3,2022,6.567836178380956,Urban,No,441176.5669060205
2802,1.0,1,1970,2.3942925720562354,Suburban,Yes,517719.47767190204
2611,3.0,1,1963,2.3649636683518955,Suburban,Yes,461472.3674145374
1214,1.0,2,1971,4.574413034663268,Urban,No,315739.68062066246
1533,3.0,3,1997,4.117503163063197,Urban,Yes,415233.6524429884
857,1.0,2,2000,,Urban,No,300129.5439456923
1608,5.0,3,1960,7.504843403460779,Urban,No,355343.7859858153
2383,4.0,3,2008,6.0741283576852165,Rural,Yes,547214.0945835292
1793,2.0,2,1963,4.618082815191552,Suburban,No,331885.8393109609
2230,4.0,2,1956,7.091286289510801,Suburban,No,466603.57974232186
1238,5.0,3,2018,7.186109941088925,Suburban,Yes,361743.42416555394
2398,2.0,2,2007,8.28191750619381,Urban,No,527222.6251748691
1722,3.0,3,1989,8.305571804104476,Urban,No,441280.07277518883
2006,3.0,2,1974,1.6261044682558774,Urban,No,415261.4296715027
1953,5.0,2,1991,,Suburban,No,433772.53650433035
1364,2.0,2,1993,4.779362767514719,Urban,No,319665.5953092779
1423,4.0,1,1954,8.622325449762654,Suburban,,347671.8339059355
2483,5.0,2,1977,5.516270081786196,Suburban,No,507956.12476139655
2199,3.0,1,2009,5.399251800572221,Suburban,No,501997.765270284
2525,5.0,3,1970,5.983950239803805,Urban,Yes,585847.1373943461
2162,4.0,3,1998,2.144927033386243,Suburban,No,441497.99144661124
2071,1.0,2,2005,6.087669345281889,Rural,Yes,433113.47806398
1136,1.0,1,2006,5.963925215739906,Rural,Yes,296172.78284254886
1864,4.0,3,2010,7.789829098435443,Urban,No,486844.13693106687
1986,2.0,1,1987,6.707378741396049,Rural,No,383338.19156830054
2976,5.0,1,2022,9.595270303231922,Suburban,No,641643.4493581977
2343,4.0,3,1951,1.7209123420241803,Suburban,No,416713.49257097207
2768,1.0,1,1952,7.944864203710505,Urban,No,533965.516665648
2298,3.0,1,1992,,Suburban,No,490763.7482080986
1644,4.0,3,2023,3.4241043969296436,Rural,Yes,379876.0269241207
2058,4.0,2,1984,7.286952431766106,Suburban,No,497850.5604772057
2118,4.0,2,2022,6.9338912301677365,Rural,No,479818.0445025538
1530,1.0,1,1989,3.688352781080538,Suburban,No,309583.3112550347
1807,1.0,2,2007,7.514042534841776,Urban,,422764.2168853867
1897,4.0,3,1983,9.37587108213258,Urban,Yes,513186.18124513753
2802,4.0,3,1974,3.7469710346003127,Rural,No,485057.21311113576
959,,3,2005,9.820743662126345,Suburban,Yes,323056.50105063216
2602,3.0,1,1981,3.0185811375378147,Suburban,No,519960.48892773705
1531,5.0,3,1971,2.211775391360159,Suburban,Yes,327820.71633670625
1313,5.0,1,2014,1.6934531346698374,Urban,No,358746.32002953516
2589,5.0,1,1970,2.923150205256743,Suburban,Yes,512738.43270929885
2365,1.0,3,1970,4.08260456270199,Urban,No,475505.5473260483
2627,1.0,3,1977,7.5984357955976645,Suburban,No,519251.77374018007
2400,2.0,1,1968,1.648098806680331,Rural,No,399485.73469748115
3029,1.0,3,1963,5.565386454744208,Suburban,No,539664.0281859527
2279,4.0,2,1973,5.6686841245650665,Suburban,Yes,523273.9490381566
1921,3.0,1,1969,3.051487325516997,Suburban,No,387244.5284236192
2171,3.0,1,1981,1.4091099300803922,Suburban,,385182.70184262143
2621,3.0,3,2023,3.0260711987694915,Suburban,No,533670.9187542613
1610,3.0,3,2001,3.073505630135024,Urban,Yes,374633.22784852417
1674,5.0,1,2014,7.1922137746029655,Suburban,No,431705.3790172815
1845,5.0,1,2001,,Suburban,No,400719.3046280297
947,4.0,1,2007,4.062377734867898,Rural,No,237914.88279098735
2069,2.0,3,1959,1.426869649335944,Suburban,No,354527.70876101445
1056,1.0,1,2019,6.615513957692173,Urban,Yes,375789.70752373646
2026,1.0,2,1964,5.267293804286066,Suburban,No,393157.0251956593
2432,5.0,2,1996,4.104725231260419,Rural,No,468619.454075409
1761,3.0,3,1959,7.325923102990666,Suburban,Yes,380956.67782300565
2838,4.0,1,1970,7.139097086768433,Urban,No,585267.1895873264
1269,,1,1968,3.951164405831163,Suburban,No,263212.7448571761
2595,5.0,2,2017,7.38466886077742,Suburban,No,582193.2585863079
2337,4.0,1,1971,4.133889187342905,Suburban,No,455901.55398781324
1141,,3,2012,,Suburban,No,335439.1625647717
3355,5.0,3,1987,7.478468662595326,Rural,No,645296.7156717144
1968,4.0,3,1964,7.552231616606946,Suburban,Yes,428545.9862631296
1561,3.0,1,2019,8.791902445854507,Urban,No,438350.34050436923
1296,4.0,1,1993,5.508498262334845,Rural,No,294449.0908992331
1889,2.0,2,1979,3.0914107536303175,Urban,Yes,416447.34264965623
1936,4.0,2,1973,8.532073630151856,Urban,Yes,473633.79294948117
2051,,3,1995,2.5720025188247284,Urban,Yes,449912.13108453085
1851,4.0,1,1953,,Suburban,No,411538.1940999194
2316,5.0,1,1955,3.7598817800707556,Suburban,No,469022.2408755732
1806,1.0,3,1987,1.1688667033282476,Urban,Yes,377742.51158404036
1032,5.0,3,1975,2.680896895675673,Urban,,318206.1616109195
1925,2.0,2,1968,4.7331265435067245,Rural,No,372734.7319726776
816,3.0,2,1951,,Rural,No,209508.5818064591
2176,2.0,3,2017,4.6856887981037,Urban,No,545528.7837157556
1510,1.0,1,2018,2.825938741503463,Urban,No,377243.57060088025
2081,3.0,2,1996,1.1705889867651353,Suburban,No,424830.43419951276
2657,4.0,3,1978,3.6910582993977057,Urban,No,549364.9992747353
1525,1.0,1,2013,3.0367409914772763,Suburban,Yes,346529.80130417715
2530,3.0,3,1961,4.77783754183353,Rural,,484058.83677510417
1783,5.0,1,2022,7.831137907084537,Suburban,,427479.64586632967
2876,3.0,2,1960,5.587979950031945,Suburban,,542956.4338168513
1817,5.0,1,1957,7.912587388751043,Suburban,Yes,411739.27144573134
1579,5.0,1,2009,4.030113011555139,Urban,,444698.5020824976
2343,3.0,3,1975,1.1186613396887959,Suburban,No,434027.5421113256
1782,2.0,1,1981,9.299558253837056,Suburban,No,380719.74815849937
1579,2.0,2,1988,3.832430559199694,Suburban,No,377778.78444572526
1761,5.0,3,1953,5.741898736703716,Suburban,No,330536.05150278466
1977,1.0,3,1993,5.222932273990097,Suburban,No,446030.1066615833
2671,3.0,3,1984,6.24776573936701,Suburban,No,496237.3238793871
1032,1.0,3,2000,8.964676931039861,Suburban,No,321924.53713622823
2011,2.0,3,2000,8.805200523774772,Suburban,Yes,461251.37265747413
2312,1.0,3,1978,9.829272040682273,Rural,No,441943.170478347
2096,4.0,3,1985,5.755323394404657,Suburban,Yes,496457.72170540266
2654,4.0,2,2009,9.302177742184792,Urban,No,616537.6286131731
1962,2.0,2,1964,5.342052120210309,Urban,No,457518.49952272663
1907,1.0,3,2000,1.3996345531574392,Urban,No,480757.60666239396
2296,3.0,1,1999,2.315753808752189,Urban,No,470582.2402421371
2049,2.0,3,2004,4.005874658059194,Suburban,No,444353.49744674505
1804,,3,1961,7.529118919669487,Rural,,388855.83377936546
2258,2.0,3,1999,1.7323435216291838,Suburban,No,451640.01787626493
1673,1.0,1,2011,4.253967769537962,Suburban,Yes,368081.734347972
1694,1.0,2,1954,9.84124942219809,Rural,No,284406.08040675626
1736,1.0,1,1976,8.071123386489182,Rural,Yes,353245.8831027648
2676,5.0,1,1958,6.147961511509598,Rural,Yes,519815.00795003504
389,1.0,1,1984,1.5559322788106071,Rural,Yes,117222.9257581312
2197,4.0,1,1962,1.131570214000504,Rural,,419309.72285818344
2017,4.0,3,1993,1.9472341226714247,Rural,Yes,450790.77548907895
1159,5.0,2,1995,3.9441704425603485,Suburban,No,314301.31444928463
2154,4.0,1,2017,6.457540113623871,Suburban,No,476342.22319628624
2237,4.0,2,2023,,Urban,No,555772.7900946573
2294,2.0,3,2002,,Urban,,496884.28881372744
674,1.0,3,1950,1.8176349076904768,Urban,No,166876.8517531524
2683,2.0,2,1960,4.841154566570112,Suburban,No,487481.09203556145
1631,2.0,3,1999,7.958143129541217,Urban,Yes,453527.24464406807
2343,4.0,2,1958,8.38978795555045,Suburban,No,494907.61014146666
2370,3.0,1,1987,3.619471744162465,Rural,No,449611.0800506413
1561,1.0,3,1962,6.970943500692891,Suburban,No,327269.26167217153
2330,3.0,3,1954,4.5343882962749,Urban,Yes,499492.6820007998
1807,4.0,2,1974,9.75261433146664,Suburban,No,403609.9815824079
964,5.0,3,1959,,Urban,No,336013.22062917706
2583,2.0,1,1954,4.5631326741812295,Urban,Yes,493615.33715546364
1612,4.0,3,1971,5.514108520111199,Suburban,Yes,378287.97177890164
1572,4.0,3,1991,1.229522770085071,Urban,No,381490.0591035602
5394,3.0,3,1969,4.7613545183955885,Rural,No,376370.3356930259
2136,5.0,2,1977,8.458372129153465,Urban,No,555924.7813462338
1971,2.0,1,1970,6.508738132309358,Suburban,No,421154.9046639058
2274,5.0,1,1960,9.724789696476853,Urban,No,496474.8126158042
1330,5.0,3,2018,3.9306060013901662,Suburban,,381374.62661843543
1628,5.0,3,1986,2.4537185879585484,Suburban,No,389487.97767014
1942,1.0,2,1998,7.75518738557891,Urban,No,447417.3541432122
2948,5.0,1,2018,1.392912924427979,Urban,No,606991.7656202158
1943,4.0,3,1982,,Suburban,Yes,457116.8935774856
2542,1.0,1,1994,5.56254757885599,Urban,No,541857.297639326
2019,1.0,3,1957,7.781847948347428,Rural,No,409412.8287126199
1758,5.0,3,1955,6.408729855189152,Rural,No,401602.20583794254
1876,4.0,2,1964,9.954033115361655,Suburban,Yes,476989.7895015982
1915,2.0,1,1964,6.894463646360073,Rural,Yes,388157.55660197017
2301,5.0,1,1958,7.524706083977924,Suburban,No,472876.2387883329
2687,1.0,3,2010,9.945243964723621,Urban,No,594992.8017572392
2179,2.0,3,2005,6.332162735658946,Urban,Yes,512159.0157647697
2593,2.0,2,1954,7.431565270034448,Suburban,No,513517.9190351068
1517,1.0,3,1975,3.6849482930891293,Rural,Yes,292637.9156265108
1792,2.0,1,2006,5.830799655792249,Suburban,No,417318.0800525512
1637,4.0,2,1984,,Suburban,No,378544.5001161526
2157,4.0,1,1959,8.679897587628865,Rural,No,390156.90729577205
1820,5.0,2,1970,3.7565912370200647,Rural,Yes,357608.5030577098
2364,5.0,1,1961,4.214961010053982,Urban,No,513925.8530277562
1534,2.0,3,1958,8.617362486486863,Urban,No,332552.93516576063
2021,1.0,1,1965,3.5620652038632423,Urban,No,386591.78180598747
2343,4.0,1,2022,8.988561714401182,Suburban,Yes,536670.8229326458
967,,2,2003,7.96392498439345,Urban,No,294316.9605001613
3060,5.0,1,1972,2.371208340880183,Urban,No,572279.5088213638
1858,4.0,3,1988,7.477884820871288,Suburban,Yes,449279.969287644
987,,2,1971,8.508942058851208,Suburban,Yes,280183.97208039183
2079,4.0,2,2004,2.2990847694856837,Urban,No,487196.2679961191
2016,4.0,1,1980,5.1161392446599985,Suburban,No,453376.01550119894
1959,2.0,2,2023,8.763653473120076,Suburban,No,430263.0703290269
2495,5.0,3,1996,2.7878500708497977,Suburban,Yes,581882.9738736211
2373,5.0,1,1976,5.041802300540772,Suburban,No,468684.7706895555
2148,3.0,3,1997,6.514931891910453,Rural,Yes,460396.9006202818
2225,3.0,1,1988,1.8752712346836589,Urban,Yes,471634.2977372318
1947,5.0,1,1970,2.908502093601724,Suburban,No,394009.382511229
2887,5.0,2,1964,5.200573390318122,Suburban,Yes,531513.8696326717
1260,5.0,2,1994,4.3631322043104,Urban,Yes,374504.4450002209
2069,,2,1968,3.9229839196111698,Suburban,No,434267.87479130604
2032,4.0,1,2002,1.2373030154554043,Urban,Yes,471359.8342541692
2406,3.0,2,2004,9.35141474428188,Urban,No,540857.5475680991
1578,2.0,3,1998,8.842805210106807,Suburban,No,391836.5569240675
1128,1.0,2,2010,4.533575314080435,Suburban,No,286860.53531536966
2078,2.0,3,2009,2.632374524300401,Suburban,No,465642.27187031135
2140,1.0,2,1973,1.6214119052032006,Urban,Yes,445607.32181478164
2744,4.0,1,1988,2.1086909234802165,Suburban,No,536742.3779845323
1364,3.0,2,2010,6.4182025835532395,Suburban,No,392760.3258994352
2577,1.0,3,1972,7.605254752973084,Urban,Yes,539634.1924590222
3183,5.0,3,2021,2.4077978097494395,Suburban,No,646752.2046532679
1811,4.0,2,1988,2.0151142083045532,Suburban,Yes,419117.8029493245
1354,1.0,3,2021,7.219709861460708,Urban,No,389621.87715246575
1796,5.0,1,1960,5.653201039731737,Suburban,No,359929.01055743475
2007,4.0,2,1991,4.346530402681672,Suburban,No,432542.1000397145
2281,1.0,3,1974,7.524811559214859,Urban,No,466614.0044640815
1704,5.0,2,1983,5.101093552520689,Suburban,No,406845.5509957671
2777,3.0,2,1971,5.186094693260614,Suburban,No,499231.5369461105
1442,4.0,2,1951,1.1416713332363142,Urban,No,330286.2919010405
1130,1.0,2,2000,3.8440831159895565,Suburban,No,228776.6094697197
2553,5.0,2,1965,1.0453117248440367,Urban,No,511163.15359537833
862,,1,1960,9.31462581641571,Suburban,Yes,275310.4722037181
1897,5.0,2,2018,3.6454518185635143,Rural,No,423385.7920991471
3558,3.0,1,2011,2.6246808179554497,Suburban,No,682156.6656216217
1993,1.0,2,1968,1.8180756753304153,Rural,No,345918.5620994769
1439,5.0,3,1978,1.4197240002735154,Suburban,No,364973.0641179337
1971,5.0,2,1991,8.974082018129536,Urban,No,543499.7911346639
1974,2.0,2,1972,2.5166155956055696,Rural,No,397140.21261227404
2080,4.0,3,2009,6.557363695074484,Suburban,No,476694.8743443422
2331,5.0,1,2022,6.860962982475746,Suburban,Yes,546631.0226283137
1480,3.0,1,1967,3.857900016388904,Suburban,No,294983.175124991
2843,,1,2004,8.499215475658985,Suburban,No,611460.0111121652
2122,1.0,1,1967,2.926272322547511,Suburban,,428674.8727404293
2363,4.0,3,1976,1.64312168375875,Suburban,Yes,466850.36235444376
1685,2.0,1,1950,1.6168774796790106,Suburban,Yes,329093.7232260969
2643,1.0,1,1963,3.7038414423497663,Rural,,423686.59987933293
1871,5.0,1,2008,5.169218423643113,Suburban,Yes,417496.7419555961
2138,1.0,1,1982,6.664268891436715,Rural,No,433414.328434927
1533,,1,1985,7.558374698500897,Suburban,No,308307.35259575286
1501,2.0,2,1988,2.6082185514875142,Rural,No,332629.0792060024
2344,3.0,2,1994,7.155307296854587,Urban,No,513265.5927522758
1778,1.0,1,1974,2.6428604700955587,Urban,No,364261.4566891959
1573,3.0,3,1964,9.974737353110005,Urban,No,404758.89196932694
1678,4.0,3,1969,9.631612446080053,Urban,No,425814.47937599284
2349,2.0,2,1983,1.9216674098749373,Urban,No,487611.82687349577
1685,5.0,3,2007,6.896080829642279,Suburban,No,405465.80184254353
1941,1.0,2,2009,9.129402036382556,Urban,Yes,479800.8218162661
2007,3.0,1,1979,1.7263218758606849,Urban,No,426874.63011985505
1041,1.0,1,1962,2.115833688352548,Suburban,Yes,226055.58253592992
1264,2.0,3,2016,4.122978415015188,Urban,No,353272.33881126565
2168,5.0,3,1994,1.8615565244883472,Urban,No,517343.070109576
1631,4.0,3,1989,8.970329372110703,Rural,No,389115.2396755014
2528,4.0,1,1987,8.879903591967393,Urban,No,543855.2744995843
2483,3.0,1,1996,9.53841414480162,Suburban,No,505645.87914411305
2359,4.0,3,1978,2.8449287306906705,Urban,Yes,473257.1175025201
2909,3.0,3,1983,1.4081607326579704,Rural,No,515508.47904732445
1958,,3,1960,5.001651788498791,Rural,,409440.2318947759
2324,1.0,3,1969,8.92497957495311,Urban,No,452894.24086563184
1707,2.0,2,1969,,Suburban,No,365719.36252497765
3226,5.0,3,2022,9.984854288279001,Urban,No,706427.475481419
2991,5.0,3,2005,9.151180323099801,Urban,Yes,659626.7333307151
2005,4.0,2,1972,4.534753911156913,Urban,No,430343.253984613
2193,4.0,2,1974,1.3557976719638378,Urban,No,451921.2809052077
2679,2.0,2,1982,1.0465417375306894,Urban,Yes,496554.37899082835
1926,1.0,2,1980,6.797855340154725,Suburban,Yes,414622.9633394138
1671,5.0,3,2023,9.241893370915951,Suburban,No,468787.467121242
2436,4.0,1,1950,4.99807169488186,Urban,No,495936.06401559483
2039,5.0,1,2003,8.868628667201689,Suburban,No,458487.529666186
2091,1.0,1,1965,6.100667872611578,Suburban,No,384982.37149687205
1582,3.0,1,2008,1.8821770999680063,Urban,Yes,387172.095700077
1141,1.0,1,2015,8.184838294675515,Urban,No,385507.5180930862
2118,5.0,1,1952,5.433346303698281,Urban,No,440108.929366636
2452,5.0,2,1964,1.4595751314069685,Suburban,Yes,533613.729479162
1887,2.0,2,1981,8.331432112521211,Urban,No,417971.6469584186
2718,5.0,1,1999,7.818888476728715,Suburban,No,573879.9223835863
1648,4.0,3,2009,5.115585326000878,Suburban,Yes,422999.2435610585
1472,2.0,3,1957,1.1751781313840395,Rural,No,268970.64321751514
1966,5.0,1,1956,4.122430523884045,Suburban,Yes,429779.1290322352
1958,1.0,3,1953,4.914557258482789,Urban,No,388134.4777961017
2384,5.0,2,1959,2.4878339283024022,Urban,,536291.5429619446
1612,1.0,2,2009,2.448143510727688,Suburban,No,339831.11722585105
2684,1.0,3,1974,2.5028272957322666,Suburban,Yes,482986.25448806264
2983,5.0,1,1991,4.335193726668805,Rural,No,545490.7630419515
1980,1.0,2,1996,8.357896331431283,Rural,No,385789.3427995246
7872,3.0,3,1981,7.834217219998495,Urban,No,576264.4671529626
1471,2.0,3,2023,1.0910295699849182,Urban,No,388752.3433974757
2537,5.0,2,2022,1.0867835290373413,Suburban,No,552820.1548616168
2523,3.0,2,1974,1.6992678912081955,Suburban,Yes,452753.7731341055
2431,1.0,1,1965,5.199236075459049,Urban,Yes,500723.1333806445
1992,,3,1998,8.999939855310352,Suburban,No,475465.9092699694
522,2.0,1,1965,2.6403140499139877,Rural,No,130778.58897651659
1679,3.0,2,1987,5.29116274675987,Rural,No,337067.4349034433
1687,3.0,3,1954,1.366727298597294,Suburban,No,316035.31405969855
1510,5.0,2,1956,1.1829380490195032,Suburban,No,299492.55955861707
2061,,2,1957,1.0673407443733525,Suburban,,342356.0853739977
1790,4.0,2,1982,7.630128312949738,Urban,Yes,484493.9699965621
1587,5.0,1,2011,1.2144242300578418,Suburban,Yes,445737.48461235483
1470,5.0,2,2023,3.4643401380250705,Suburban,No,385347.51257593243
1642,5.0,1,1981,6.80543152706699,Suburban,No,384566.5421909202
2560,2.0,2,1950,6.567858074686367,Suburban,Yes,476447.46081344027
1669,,2,1969,1.4963028442712436,Urban,Yes,339930.899946698
1742,,3,2004,3.31000070206291,Rural,,387058.7774640158
1771,4.0,2,2012,6.753899695410631,Suburban,No,428836.260148942
2169,3.0,3,1955,4.530211899233237,Rural,No,350884.99728300795
2228,3.0,3,2001,5.192405247496298,Rural,Yes,438447.5361635677
477,1.0,1,1951,2.8637714710871656,Rural,Yes,130675.94347389606
2510,3.0,3,1988,1.3398168183176904,Suburban,No,501699.88622612186
2718,3.0,3,1981,4.106825439518307,Urban,No,562744.6968557048
1474,,2,2000,7.1468557012804,Suburban,No,368678.9079367113
1513,3.0,2,2018,7.898765429919523,Urban,Yes,425189.71406566125
1774,4.0,1,1981,6.3327692770236395,Suburban,No,378584.17133424734
1621,2.0,3,1952,4.538808494483845,Suburban,No,316929.9760254751
2111,4.0,3,2011,6.248222177133916,Urban,No,488080.10473600874
1026,2.0,1,1962,7.34489800960854,Rural,Yes,252557.59334938304
1441,,2,2019,7.7974458238691,Suburban,No,411730.43868912477
2769,5.0,3,1970,1.850372392582095,Suburban,No,554934.6038689845
1535,2.0,1,2010,8.226853637711326,Rural,,386477.8142309498
2621,2.0,2,1963,,Rural,No,386319.4355059196
2177,3.0,1,2020,8.834117130503287,Suburban,,521462.53959278093
1095,2.0,1,1971,4.530167597463037,Suburban,No,259130.65554658213
2317,4.0,3,1981,5.9223006617054565,Suburban,Yes,478386.430333872
1941,5.0,2,1990,3.609842459885219,Suburban,No,415952.98709684046
1772,5.0,3,1981,4.839975878804495,Suburban,Yes,412970.6263007795
2122,3.0,3,1991,8.606743875701264,Urban,No,475503.9429113486
2237,4.0,2,2001,3.6612669054709874,Urban,Yes,513236.4056877916
2353,4.0,2,2003,6.077622188531214,Suburban,Yes,513607.056002047
2589,1.0,2,2011,6.823712009647696,Suburban,Yes,507066.1472869686
2204,2.0,3,1992,2.317673806416363,Urban,,474869.8121068095
1312,3.0,2,1952,8.000344769714992,Suburban,No,323456.9972800105
1763,5.0,2,1987,9.991608046736328,Suburban,Yes,441430.81725240586
3471,1.0,2,1988,2.395553579130345,Suburban,No,613599.7990913753
2362,4.0,1,2019,7.910960183379857,Suburban,No,518127.97472649236
3184,2.0,2,1994,2.3236578411730875,Suburban,No,594519.8561641983
2697,5.0,3,1995,9.552306278309631,Suburban,Yes,615643.9024934128
2120,1.0,1,1962,4.698870289826726,Suburban,No,381766.56978247466
2150,4.0,3,2001,,Urban,Yes,536107.1700784838
1981,5.0,1,1958,1.6112600749283503,Urban,No,434321.8294752674
1131,5.0,2,2006,8.118830268094907,Suburban,Yes,357937.0304724394
2009,4.0,1,2018,5.26040289412058,Suburban,No,420786.75356921204
2605,4.0,3,1992,3.6054462984688866,Suburban,No,521346.05133296933
1700,3.0,1,1956,7.730992762017152,Rural,No,334006.0139268406
2205,5.0,2,1993,6.717958743211987,Suburban,No,473632.9417741954
2425,4.0,2,1993,9.125964232398887,Suburban,No,521287.79227536067
1545,1.0,3,2017,3.239287202189728,Urban,No,411462.49488267704
1774,2.0,1,1993,,Suburban,No,387571.60728609795
1491,3.0,3,1989,6.776813955568425,Urban,No,379500.8632402185
1588,4.0,3,1992,5.053906570066427,Urban,No,415290.55959895113
1356,2.0,3,2011,1.4781818144692251,Suburban,Yes,344161.10283525207
1549,3.0,2,1992,7.886585164837702,Rural,Yes,363519.850076091
2709,5.0,1,1968,8.725614688573135,Urban,No,554655.5672730331
1542,2.0,2,1998,8.28626150407235,Suburban,Yes,372715.76933073
2063,3.0,2,2014,7.620994848255631,Urban,No,549792.1718277165
1748,4.0,2,1974,9.724700539612764,Rural,No,360951.6655750289
2589,4.0,1,1990,8.641925155208456,Suburban,No,523530.5150669008
2655,3.0,2,1972,9.350911212641995,Urban,Yes,581251.3586402745
2432,5.0,2,2007,7.574309343296746,Urban,No,628751.5218575371
2153,3.0,2,1992,8.381864434269897,Suburban,No,466503.8139028631
1884,1.0,1,1989,3.602423935696859,Suburban,Yes,394429.64987567667
1404,3.0,1,1979,7.020092532204727,Rural,No,285415.8582811979
2971,3.0,3,1983,2.849849078379215,Suburban,No,537156.8594141587
1620,4.0,2,1959,1.623434284226462,Suburban,No,332393.407496856
2331,5.0,2,2009,6.213307581258102,Urban,No,562649.7555046218
2529,3.0,1,1950,8.046180763413812,Urban,No,492395.1157240534
1722,2.0,1,1961,1.7448200063515766,Urban,No,337662.18088032835
2519,4.0,2,1995,2.6315353309629943,Suburban,No,475841.226974626
2382,4.0,3,1966,1.83670644582589,Suburban,No,476876.95196501276
2863,3.0,3,2007,6.707601690341226,Urban,No,623315.6959372583
1765,2.0,2,1987,1.7155187145716455,Rural,Yes,374922.62504883023
1357,3.0,3,1955,1.8396601746847607,Urban,No,313656.2671305821
1747,2.0,3,2011,3.377505862838402,Suburban,No,411318.1112504789
2104,4.0,2,2023,3.432113781528939,Suburban,Yes,482795.94344919216
2029,2.0,3,1959,6.017532624881816,Suburban,No,386727.5690424579
1803,3.0,1,1975,1.2896772389286086,Rural,Yes,343826.59989577415
1045,1.0,2,2007,6.5381022720321935,Urban,No,305967.6774057141
2235,1.0,1,1966,4.7053734950352135,Suburban,No,420746.8604986219
2986,2.0,2,2002,2.6085868153523473,Urban,No,561649.9850311769
2232,3.0,1,1954,6.880116645450398,Urban,Yes,471966.9503952937
2304,,3,2016,3.967065659209516,Urban,No,512072.20756586094
2286,1.0,1,1969,8.44740481997668,Rural,No,443552.8657900317
2198,4.0,1,2000,9.90489239434673,Suburban,No,506681.4548534672
2465,3.0,1,1995,8.011259959184715,Suburban,Yes,508413.6947633709
2197,3.0,1,2016,7.686910053851863,Urban,No,525092.9948551833
1843,1.0,1,1952,4.196381086270974,Rural,No,322337.5472225629
1602,5.0,2,1972,5.81145121623705,Suburban,Yes,356403.64513801195
1875,4.0,1,1958,1.474131989636589,Suburban,Yes,379335.00800093095
2157,5.0,1,1960,7.546017109142558,Urban,Yes,502454.456572843
1841,4.0,2,1996,7.0753626893880845,Urban,No,464782.5835564837
2157,1.0,2,1998,,Suburban,No,444548.9617212006
2219,3.0,3,1993,5.807227879043134,Suburban,Yes,468811.2268355503
2416,4.0,1,1962,7.1138247202500695,Suburban,No,489356.9084091203
2641,3.0,1,1957,4.31104672714805,Urban,No,537824.9433063979
2039,,3,2012,7.530472705067358,Rural,No,439226.83844826807
1346,2.0,1,1971,8.170413324113184,Rural,No,285183.7959611833
1827,1.0,3,1987,3.011830497760595,Urban,No,402330.7964316737
2022,1.0,2,1976,3.7112870983167108,Rural,No,346956.7898492421
1082,1.0,1,1975,4.6140662871951825,Suburban,,256780.1170957814
2694,2.0,1,1972,3.121103295489847,Rural,No,459073.727059768
2071,4.0,2,2014,7.9804679622055055,Urban,No,523189.56950833055
2190,5.0,1,2023,6.146584573071449,Urban,No,558401.9465870005
2682,1.0,2,1996,4.420925535437526,Rural,No,489429.60380791035
1684,5.0,2,2010,1.1445568087363154,Urban,Yes,457299.6536435676
2287,5.0,3,1995,3.932840249003317,Urban,Yes,514078.4097329033
1945,,2,1953,8.528517772300443,Urban,No,413822.4044237195
1907,4.0,3,1980,7.691603927610438,Urban,No,469016.8954859319
1613,2.0,2,1953,1.6064117421607695,Urban,No,308901.7124966898
2832,1.0,3,1978,8.213008190886997,Suburban,No,567552.9050414339
1812,2.0,3,2022,2.611492554395112,Suburban,Yes,442565.3564355502
2349,2.0,3,1993,9.88348318421224,Suburban,No,487990.3917749481
1062,2.0,3,1952,,Suburban,Yes,274957.2415691592
2589,1.0,1,2008,9.219344555734258,Suburban,No,527107.3623839156
2526,1.0,2,2002,7.92505356128299,Suburban,Yes,517517.311109067
2048,2.0,2,1960,7.396991254796668,Suburban,No,370009.40903991024
1886,2.0,2,1955,3.1999358675239264,Suburban,,341430.486340203
2200,5.0,2,1996,6.277585736412973,Suburban,No,501400.5588347081
3144,4.0,3,1956,7.26782368487126,Suburban,No,591101.5177636379
1118,5.0,1,2017,3.5927768274676395,Suburban,No,345327.71855172375
2391,4.0,2,1950,4.584771991835773,Rural,No,411838.0526344149
1544,4.0,2,2005,9.523452681330742,Suburban,No,421134.13354235556
1990,2.0,2,1992,4.671617519000456,Urban,Yes,471851.95693042496
1876,5.0,3,1977,3.8384242375163597,Urban,No,429191.1539249688
1785,4.0,2,1978,1.9649125008748807,Suburban,Yes,393430.82762911764
1994,4.0,2,1967,4.072072247506105,Suburban,No,393105.3084144755
1432,1.0,1,2022,6.509287213313268,Suburban,,365161.26863306644
2514,4.0,3,2011,2.329588866676575,Urban,,587819.068613252
1102,2.0,1,1955,6.447578367029307,Urban,No,281792.75071668683
2269,3.0,2,1965,,Urban,No,466466.0004775928
1836,1.0,3,1950,7.914195729763904,Suburban,Yes,368528.44726530235
1414,3.0,2,1971,9.863277196197352,Suburban,Yes,405878.0172048055
2101,2.0,2,1995,4.911054715084847,Suburban,No,408607.88476761687
1221,3.0,3,2011,1.2918937473232575,Rural,No,281817.1887350072
2019,4.0,1,1972,8.69220871090799,Urban,Yes,480865.2913026188
1288,3.0,3,1970,1.7516285248578516,Suburban,No,316126.4412843155
2230,5.0,3,2000,8.754914858146007,Urban,Yes,530115.7664086852
4611,2.0,1,1987,9.844303953446508,Suburban,Yes,359104.1684240256
1774,5.0,3,1977,9.161407175333434,Suburban,Yes,400706.0379115331
2146,3.0,1,1993,9.676094471200154,Urban,Yes,505408.4612205168
1613,5.0,1,1988,1.210023383143667,Suburban,No,339361.96984509274
1971,1.0,3,1991,1.1023284120633448,Suburban,No,408242.37456962577
1243,3.0,3,1991,2.892679998126017,Urban,No,307301.39005829
2315,,1,2009,8.188410675164361,Rural,No,530637.6500888456
2882,4.0,1,2006,1.804731881889837,Urban,Yes,634788.531099393
3396,3.0,1,1956,7.718664050464863,Urban,Yes,645180.180929472
2045,1.0,1,2000,1.113040537489573,Suburban,Yes,361948.050163749
2394,4.0,1,1981,7.5798937454751805,Suburban,No,502930.346503515
1109,3.0,3,1956,3.2506231588262784,Urban,No,307120.8713607469
2751,4.0,2,1989,4.963949699461331,Suburban,Yes,535468.9975191759
2388,3.0,3,1964,9.788548736825085,Urban,No,501921.901239344
1758,3.0,2,2008,5.965616189629689,Suburban,No,415852.02710603166
2618,2.0,1,1961,1.6716129549535443,Suburban,No,446398.42323803314
1872,5.0,3,1991,8.858185017472758,Urban,No,519964.69162754144
1770,3.0,2,1988,3.9130058839547894,Rural,No,362463.3390166057
2237,1.0,1,2012,6.268180153322407,Suburban,No,472925.36929832544
1468,5.0,3,1951,7.405947968275934,Suburban,No,361594.94206448476
2510,2.0,2,1978,7.997618838203615,Suburban,No,459634.5394891864
1472,5.0,3,2010,4.892458346603723,Suburban,No,395988.20451192016
1474,5.0,2,1978,7.957788351307495,Suburban,No,357983.9226620611
1545,3.0,3,1987,2.0520486833351894,Suburban,No,330037.83406407223
2379,1.0,3,1956,5.731019569568952,Rural,No,407302.95296712185
1691,,2,1979,1.1969691469254276,Urban,No,376157.2136883903
1326,1.0,3,2005,4.656439682840723,Rural,Yes,304320.92014088517
1697,1.0,3,1985,4.2828969020876055,Rural,No,335908.2101841521
5949,4.0,1,1991,9.803193550032363,Suburban,No,430784.62287986965
1409,3.0,2,1953,,Suburban,No,317423.99350269535
1424,2.0,3,1954,9.16382956393757,Urban,No,343472.2393468302
3055,5.0,2,1995,4.917698126530736,Rural,No,606018.0735420533
1569,4.0,3,1951,5.800490244706632,Rural,No,347119.7407076337
1838,2.0,2,2003,4.156445130774989,Rural,No,414753.3066509342
1816,3.0,2,2008,6.760139894141728,Suburban,No,422743.53491620225
1789,1.0,1,1982,7.65208278698643,Urban,No,364205.647992508
2310,3.0,1,1971,8.119540316712989,Urban,,515654.08303637424
7422,3.0,2,1996,7.245455911919463,Suburban,No,514173.5837008373
1847,4.0,3,1955,3.96952801908241,Urban,No,404261.30612543743
1381,2.0,2,1973,3.9753629140963183,Suburban,No,308250.0496810353
2637,4.0,3,1998,4.131170394818785,Suburban,No,552972.488856548
1952,,2,2000,,Urban,Yes,446596.31860725494
2865,4.0,1,1990,9.487467723421641,Urban,No,607510.8300170772
877,5.0,1,2016,2.7615270960125238,Suburban,No,303177.96753609326
2097,1.0,3,1951,2.4328785575484053,Suburban,No,397174.8029301694
2959,1.0,2,1992,5.971190225266893,Suburban,Yes,603839.664283688
1823,1.0,3,1981,1.4267397201290946,Suburban,Yes,386219.6764830052
1887,,1,1961,8.540589853322869,Suburban,No,397374.8142553828
2147,5.0,2,1972,8.885804985529374,Suburban,Yes,535883.6766238419
1720,1.0,1,1965,4.580288624139733,Suburban,Yes,330359.91191987705
1843,1.0,1,1993,9.742768056771277,Suburban,No,404484.8942731513
1831,,2,1951,3.918315427372783,Rural,No,362696.5045058184
1686,2.0,3,1956,3.3421251212142105,Suburban,Yes,350309.7884103817
2614,3.0,2,1970,9.907202735240308,Rural,No,560149.6008157666
2230,4.0,1,2007,3.2527466158989604,Urban,No,496312.4909812339
2125,2.0,1,1972,4.998271985143203,Urban,No,429783.021983701
2404,2.0,1,2009,,Urban,No,535201.4898009647
1867,2.0,1,1974,3.902771124025101,Suburban,Yes,369813.5613071546
1612,,3,1984,4.457952145414723,Suburban,No,380264.59705494804
1698,5.0,2,1994,7.486830942688443,Urban,No,432909.3907718338
2000,3.0,2,1956,7.507225929436308,Rural,No,397007.8915470852
1470,2.0,3,2018,8.232566392230703,Suburban,No,396888.65471763234
1749,4.0,3,1981,6.34331566508932,Rural,Yes,407402.17492007033
1741,2.0,1,2002,3.1017147129720635,Rural,No,374452.3637961739
3062,5.0,2,2018,3.99798433557547,Urban,No,644735.0186326322
613,1.0,2,1974,9.10636060817797,Urban,Yes,250599.1116787484
1910,1.0,2,1951,7.603555512902723,Rural,No,340513.52646332287
2862,3.0,3,2010,1.7922553943302608,Rural,No,571019.6536355051
2060,1.0,1,1958,7.782548192881903,Suburban,No,399519.9848418873
2376,2.0,1,2000,3.975918656850257,Urban,No,540672.4874699541
2049,5.0,2,1951,1.2090428630810888,Urban,No,456096.1402192189
1666,3.0,1,1994,5.353586412873631,Urban,Yes,397974.51619535254
879,2.0,3,1981,8.950565808872877,Urban,Yes,306527.70229049714
2102,1.0,3,2021,4.999144559048474,Suburban,No,460823.27920443355
1612,4.0,2,1981,9.899201751740266,Suburban,No,389926.9885254291
1599,2.0,1,1957,2.6026884708335745,Suburban,No,294005.7603309404
1750,4.0,3,1969,4.158076586357117,Urban,Yes,419174.2301975037
2872,4.0,3,2014,1.149569298021882,Urban,No,618572.3610071676
3202,,3,1970,1.4531851137575367,Suburban,Yes,605724.1721350532
2108,,3,1956,4.188852252085172,Rural,Yes,403626.8819346379
1767,1.0,1,1958,5.7554932637619185,Rural,No,287671.09403448924
1411,1.0,3,1951,3.133846929655109,Suburban,Yes,265153.74518435664
2234,2.0,3,1968,2.4981434174538175,Suburban,No,420023.2167210246
2891,1.0,1,2009,4.786061532989738,Urban,,586197.6354350642
1876,3.0,2,2019,2.5360804141011224,Urban,No,458111.6587923888
810,1.0,2,2008,6.678069835322838,Rural,No,226180.62796893707
2335,2.0,3,2018,9.59760140750371,Urban,No,547493.162986388
2492,1.0,2,1994,8.25889069269953,Rural,No,449697.91528521985
1207,5.0,1,2011,2.93692405146078,Suburban,No,326272.03645711346
2088,4.0,3,1959,9.560217784134679,Suburban,Yes,474245.03928511497
2225,4.0,1,2014,7.760149615540129,Urban,No,527443.1301623222
1963,4.0,2,1975,2.394748342427996,Suburban,No,368737.1096848605
1604,5.0,2,2009,6.2148761258221175,Urban,No,476468.3887569412
2507,3.0,3,1967,9.698307799533756,Urban,Yes,533822.4794484909
1798,,2,2008,1.870823073827359,Suburban,Yes,406245.9947204345
1257,5.0,3,1970,3.4390447731701355,Rural,No,298521.10314569355
975,2.0,3,1995,4.366825695592732,Suburban,No,298633.3990345989
2630,3.0,1,1961,2.040348458655261,Suburban,Yes,484008.2351905338
6924,5.0,2,1981,3.6932138798968257,Suburban,No,483195.41218506586
2043,1.0,2,1988,7.230926948650654,Suburban,Yes,426124.5547820575
1779,3.0,3,2004,5.295149090502167,Rural,No,383069.21311755484
1735,4.0,3,2004,4.789667025789548,Suburban,No,410692.95935416396
1462,,3,1959,4.887453329624356,Suburban,Yes,375573.32085943356
1784,3.0,3,1984,7.836870294626439,Urban,Yes,469703.56571784435
939,3.0,1,1955,9.921528256383404,Urban,No,266804.1701700017
1631,5.0,2,2017,6.2978132122408255,Suburban,No,431156.58091255155
1844,4.0,1,2011,7.763951708582227,Urban,No,476053.76111266564
2304,4.0,2,1958,4.353038909271177,Suburban,No,442306.5567848697
1980,3.0,1,1978,8.7457606184328,Urban,No,428187.1049529309
2397,2.0,3,2020,4.782932462419601,Urban,No,544146.7605474913
2674,3.0,1,1955,9.41610719932401,Suburban,Yes,532289.4743953163
2529,5.0,1,1993,7.691541645410647,Suburban,No,530986.523626212
2235,,3,2013,7.366988807939732,Suburban,No,514339.68657308235
2005,5.0,3,2016,3.611214528459053,Urban,No,538271.427524085
1509,4.0,2,1993,8.165234218116943,Rural,Yes,367851.4587471703
2369,,2,1963,1.947530881776761,Suburban,Yes,453864.88128539384
2839,5.0,1,1958,5.842218160984792,Suburban,,532927.5665470632
2171,5.0,1,1972,7.618395678169234,Urban,No,492440.6712630006
2958,2.0,1,2006,8.95232787806804,Urban,No,615120.8237554968
1237,2.0,3,2006,,Suburban,Yes,341672.8228180388
1422,3.0,2,1964,3.324906743633012,Suburban,Yes,296600.5213032234
2427,3.0,1,2013,,Suburban,Yes,556275.948644578
2132,3.0,2,1956,7.911824537323276,Urban,No,445294.60946652316
2656,,2,1969,,Rural,No,464245.4782111869
1992,2.0,3,2013,8.85148805091693,Urban,No,511319.1094509969
1566,3.0,3,1968,,Suburban,Yes,413752.4346523257
1893,2.0,1,1955,5.839608331976753,Rural,No,343558.9948087449
1233,5.0,1,2000,1.3452845172766825,Urban,No,352983.075296179
1435,5.0,1,1988,9.240528918404138,Urban,No,423804.1117112639
2486,3.0,1,2014,2.1048927103297057,Suburban,No,485646.49252752995
2436,5.0,1,2020,6.698095826282193,Urban,No,578732.1929842355
2181,5.0,2,1974,4.6081650826165514,Urban,No,511226.8331653743
1139,2.0,2,1972,9.928302861400738,Suburban,No,294317.7086695048
1820,1.0,3,2007,9.254482035814156,Rural,No,395451.65339386347
1387,4.0,3,1960,8.060534125480054,Suburban,Yes,350699.81664352026
2588,3.0,2,1983,2.793493880494452,Urban,No,509366.0513822476
1708,1.0,3,1980,7.292736890456228,Suburban,No,400052.12707465916
1457,3.0,3,1987,6.14931227875628,Suburban,No,370904.436280795
2014,1.0,1,1995,2.2181208647031005,Suburban,No,404780.6829798483
1679,5.0,3,1961,8.152129932728439,Urban,No,422100.1659443695
2741,3.0,3,1958,1.7781070409914754,Suburban,No,489975.40063908807
1632,1.0,3,1962,5.334487067074782,Urban,No,346051.17892314953
1300,4.0,2,2013,4.839070961813035,Rural,No,314364.2301963809
923,5.0,2,1969,8.25577667798354,Rural,No,281827.9932791427
1984,3.0,1,2008,4.848106760255313,Suburban,Yes,468184.38185697433
1719,3.0,3,1971,7.248797920302365,Rural,No,340955.5864996111
1285,1.0,2,2014,5.304346551577863,Suburban,Yes,334605.7056034186
2594,3.0,1,2009,6.238187063708611,Urban,Yes,574571.2096834733
2333,5.0,3,1990,3.169368979801126,Suburban,No,503648.0300706596
1985,2.0,1,1994,2.8220793759092,Suburban,No,421366.1097794782
2682,1.0,1,1953,7.389219695557501,Urban,No,490328.4767089905
2331,4.0,3,2019,2.100973398408123,Rural,No,469936.80351412605
1588,3.0,2,1994,2.5838559919354864,Urban,No,375201.49053274724
1480,5.0,3,2007,9.468517601539931,Suburban,Yes,421877.7683415534
2408,3.0,3,1972,3.2799614273711346,Rural,No,405875.68539886514
2198,4.0,3,1981,3.9096616922382275,Rural,No,391739.5172306139
2084,5.0,2,2012,6.698748829067659,Rural,No,470558.0594062012
1576,4.0,3,1957,4.963188465645375,Urban,No,377873.8731007858
2303,5.0,2,1974,6.031004039616537,Rural,Yes,474099.8904484017
1622,2.0,1,1982,2.301333381644809,Urban,Yes,399882.87157937384
1949,5.0,2,2015,7.05166908616254,Suburban,No,439516.84800792136
2723,4.0,1,1965,2.409250168980944,Suburban,No,534900.5978081932
1669,1.0,1,2004,7.729529771015721,Suburban,Yes,390659.73422144324
1213,2.0,3,1985,5.712555587359707,Suburban,No,300844.760759062
1473,3.0,2,2021,8.34573710960688,Suburban,Yes,415554.7886128706
2497,2.0,1,1956,2.554147583920888,Suburban,Yes,433177.8351278087
2127,2.0,1,2018,4.397858968707631,Suburban,Yes,460113.2654144926
1935,3.0,2,1957,8.621487925619235,Rural,No,409804.078768539
1745,5.0,2,1952,8.188410763976322,Urban,No,423774.5925944219
2242,2.0,1,1984,9.691785771195368,Suburban,No,462026.34510893514
1575,2.0,1,1985,2.997644102866403,Rural,No,283515.15206372447
2152,1.0,2,1979,5.851252291619183,Suburban,Yes,409772.62691026984
1634,1.0,2,1964,1.1609626787811353,Suburban,,295550.6148659593
1551,4.0,1,2017,9.687111192673004,Urban,No,444822.96894805663
1681,3.0,3,2007,2.5761444323143463,Rural,No,387571.75802391063
1812,5.0,2,1977,9.142368458088692,Suburban,,442219.26156673674
1975,5.0,1,1991,7.104998298251692,Urban,No,501248.1657985301
2117,4.0,1,1967,9.431636329832955,Rural,No,421664.980346077
155,5.0,3,1954,3.2340625665718097,Suburban,Yes,119416.41534817491
1596,5.0,2,1958,4.1064785805466055,Suburban,Yes,349123.7608840647
1804,1.0,1,1958,2.4796159019432142,Urban,Yes,373001.4357029802
2752,5.0,3,1967,4.80190234508892,Suburban,,546985.5489369512
1459,,2,2005,9.527495324510513,Suburban,Yes,396428.48800627165
2081,4.0,3,1964,6.140468499953031,Suburban,No,423474.98581485986
2747,4.0,1,2011,4.745136588800272,Suburban,,543477.6339708165
1343,2.0,3,1984,3.9237969820395633,Urban,No,380810.0418943403
2196,5.0,1,1989,,Urban,No,520344.59775701223
4794,5.0,1,2000,7.508956448893213,Suburban,No,397185.01919257105
1747,5.0,3,2009,4.661096204829198,Suburban,No,421586.3328244322
1598,1.0,3,2005,3.078089781147258,Suburban,No,387415.3619015949
1634,5.0,1,1990,6.265038395704945,Rural,No,352932.774682943
3360,1.0,3,2003,4.2900637625017115,Urban,Yes,666567.2511803163
2422,2.0,2,1966,9.948919901053024,Suburban,No,463390.3226495721
2550,3.0,2,1974,4.969401633224503,Urban,No,508420.2139224862
2245,5.0,3,1958,4.910399387335837,Urban,No,492815.99625180505
1196,,3,2005,8.555202896461056,Suburban,No,308506.72709934553
2197,4.0,2,1972,3.259170850864594,Urban,No,501514.23774266057
2536,5.0,1,1951,1.5938834981470906,Urban,No,507302.0134315277
1573,1.0,1,1994,8.684369328394036,Urban,No,385117.768402614
2482,4.0,2,2014,6.3013631876326475,Urban,No,545934.5457674114
2352,4.0,1,1987,3.3414109397204026,Rural,No,408582.4410280748
2926,2.0,3,1955,4.0848270091876575,Urban,No,545836.8062459123
1791,2.0,3,1997,4.830853460513988,Suburban,No,383488.3543206526
1451,2.0,2,1993,7.123519217568727,Urban,No,370918.4907143465
1819,4.0,2,1956,5.213638684487741,Suburban,Yes,390176.42609741277
2717,4.0,2,2015,4.562376020262677,Suburban,Yes,596830.5118766133
1085,5.0,2,2011,8.024198520295835,Suburban,Yes,372955.2447895926
965,5.0,1,1979,1.646636783502898,Suburban,No,263502.51151421777
2044,1.0,1,2001,6.872832016155089,Suburban,,453808.5865818841
1778,4.0,1,1985,5.040309984154964,Suburban,Yes,403747.46678093466
2003,5.0,3,1984,4.013681569178303,Suburban,No,442434.5668118338
2472,5.0,3,2015,9.348181207199204,Urban,No,626972.0375307846
1723,2.0,2,1999,8.00136406356866,Suburban,No,433650.37158353924
1063,2.0,2,1952,2.9733287366235657,Rural,No,209543.59759546112
3022,,1,1953,6.871027930450198,Rural,No,511491.0421651528
1501,3.0,1,2004,8.400578423290447,Suburban,No,402734.41162611754
1470,5.0,1,2001,9.904056089673274,Suburban,Yes,410875.31092158554
2551,2.0,2,2008,7.285824947338153,Rural,No,500717.9650370412
1807,2.0,1,2020,7.216218535396671,Suburban,No,419518.7302299508
1968,4.0,2,1969,6.519627951450394,Suburban,No,437611.08767139126
2241,2.0,2,1968,1.36002350210443,Suburban,No,411253.47216098773
2541,4.0,3,1957,6.265508192541693,Urban,No,520982.2887723016
1833,1.0,3,2016,8.245428902907157,Suburban,No,410914.603009806
2759,2.0,2,1976,4.5587659974169075,Rural,Yes,497881.77853249974
932,4.0,1,1957,6.28281324204488,Rural,Yes,250230.13823985006
2379,2.0,2,1967,9.338393931075409,Rural,No,464954.3676187422
1580,1.0,2,1978,2.5483069513467926,Suburban,No,289514.7853296846
2686,2.0,2,1995,3.52428189915074,Rural,Yes,515003.7209917721
2071,4.0,2,1985,1.9928577049041372,Rural,No,426830.76599709014
1663,1.0,3,1952,5.502201437652824,Urban,Yes,327442.0001294369
2331,1.0,3,1958,8.556844528136487,Suburban,No,454758.06544305274
2446,,2,1959,4.916953082573138,Urban,No,486713.11205633084
2320,3.0,3,2015,1.6285587192817368,Urban,No,537660.9285007498
1485,4.0,3,1950,3.3718394366504896,Suburban,No,330756.12391529774
1757,3.0,1,1953,9.007358586384717,Rural,,337791.29576699995
1997,1.0,3,1997,,Suburban,No,397258.4668677635
1979,3.0,3,1967,9.226641072216195,Rural,No,410350.26224554254
2374,2.0,2,1994,8.509942569667862,Suburban,Yes,517355.7379543284
992,3.0,3,1964,4.728624517763915,Rural,No,218828.7672608071
2167,5.0,3,2000,6.701895999169361,Urban,Yes,542424.0982116163
1855,1.0,3,2010,6.979826204500171,Urban,Yes,454154.585609527
1580,1.0,2,1953,7.721176926208067,Urban,,356495.56997945625
1628,4.0,2,1968,3.9966985581319148,Suburban,Yes,363266.5484464823
1892,2.0,3,1960,3.600905010485895,Suburban,Yes,352164.5718131392
199,4.0,2,1977,7.161298938879586,Urban,No,198410.46074127665
1649,3.0,2,2006,8.368788083871902,Suburban,No,422337.07010484574
1562,5.0,1,2003,4.728221078733624,Suburban,No,407111.42454728886
2266,5.0,3,2014,3.889616899892168,Rural,No,482302.4425778634
1597,5.0,1,1996,8.429829785428534,Suburban,Yes,427096.0565751552
1892,5.0,3,1953,7.182554854739342,Rural,Yes,377525.0076076429
2771,2.0,3,1983,4.0919501747703375,Suburban,No,567312.0814032767
2497,3.0,1,2003,5.766994234535716,Suburban,No,479344.91586854204
2451,5.0,1,2010,9.647762436066099,Suburban,Yes,522921.4895108205
1750,1.0,3,1969,7.748842044148654,Suburban,No,387982.35907653207
2271,3.0,1,1952,2.9949832767785294,Suburban,No,436366.51761284424
1883,2.0,1,1989,3.6552803166211074,Suburban,,387205.28913596907
1901,5.0,2,2018,3.3869859069137473,Suburban,No,489545.8913894824
2204,2.0,3,1972,8.635140687883233,Suburban,No,467261.9110508004
1701,5.0,2,2018,6.77277306451522,Urban,No,454761.54507647315
2746,1.0,3,1981,9.459976500900119,Urban,No,579062.3445652132
5757,3.0,2,1973,1.8184075391707035,Suburban,Yes,372521.21061553585
2309,1.0,3,2000,1.4680341639288503,Suburban,Yes,451183.9146042129
2727,5.0,2,2007,7.085816430660548,Suburban,No,611801.510309516
2515,4.0,3,1991,3.3996152315692836,Rural,No,488946.7024873526
1295,3.0,2,1984,7.112544694365306,Suburban,,320471.61663908337
2222,2.0,1,1981,7.5112315598129875,Suburban,No,458326.08307334216
2425,5.0,3,2003,3.7403302898019923,Suburban,No,540948.2821090543
2445,1.0,1,1994,9.574012975765296,Urban,No,560548.6857660209
1443,4.0,2,1997,7.972667979050464,Rural,No,350715.861472665
1671,5.0,3,1998,4.3061959311060445,Rural,No,360947.69885280996
2497,2.0,2,1983,4.709067951270574,Suburban,,499566.22570630163
1619,1.0,2,1965,7.442843051568528,Suburban,Yes,321747.08484298084
1850,3.0,1,1960,3.7363307371311,Rural,No,340781.5087148741
2787,4.0,3,1968,3.6583766112915996,Urban,No,539953.5493645422
1976,5.0,2,1978,6.6241858494873584,Suburban,,455184.1111375714
1636,5.0,1,2003,2.2131485189445446,Suburban,No,365229.69439843885
1561,5.0,1,2002,9.940084275710074,Suburban,No,398766.2208456871
2166,5.0,1,2016,3.5851358947593988,Suburban,No,468567.07315774186
1333,,1,1981,4.444430198172597,Urban,No,263955.87229689537
1876,3.0,2,2005,3.0183852407309466,Suburban,No,398857.5064081526
2166,2.0,2,2012,6.791464320926323,Suburban,No,510810.06871447177
2649,4.0,2,1953,1.5443976656503469,Rural,No,474957.8295612022
2333,,3,1960,9.35027791260413,Suburban,No,504069.3235681357
1642,5.0,3,1952,3.735868382414549,Suburban,No,321833.40148301114
2589,3.0,1,1976,9.346377370923177,Urban,Yes,549921.8154356157
1850,3.0,2,1993,3.281852776694372,Suburban,No,399399.00370468636
1382,1.0,1,1967,5.624093502070555,Suburban,No,323048.3086788368
1913,1.0,2,1979,7.256545136141454,Urban,No,378256.077355807
2719,1.0,3,2019,6.513641914517288,Suburban,,569659.361075614
2082,4.0,1,1996,5.612433079531013,Suburban,No,418504.29202241026
2006,1.0,2,1983,8.096794415707574,Rural,No,397884.8580581808
2818,5.0,2,1991,5.234446346552279,Suburban,No,576159.3720587168
1284,,2,1972,3.998569974104452,Urban,No,303102.44431492104
1357,4.0,1,1989,7.467336348981884,Suburban,Yes,394268.7370098148
1192,1.0,3,1964,9.435443916727758,Urban,No,266778.02723318385
2186,1.0,2,2006,6.412468375939805,Rural,No,418141.11580315506
2083,5.0,1,1963,3.5173839484091225,Rural,No,389816.3466825736
2771,5.0,2,1961,7.865279256083897,Suburban,No,529675.7629718203
2121,5.0,1,1984,7.857323056558139,Suburban,No,439825.7150177257
1797,1.0,3,1974,3.401777127765672,Suburban,No,320888.3631236171
2000,5.0,2,1951,4.461672446880742,Urban,Yes,457148.3712224255
2058,3.0,1,1967,2.2685034469826304,Suburban,Yes,417549.52153530635
1164,2.0,2,1984,1.7170081958600556,Suburban,Yes,243529.00590417557
3355,2.0,1,1958,8.266264498432609,Urban,Yes,669589.4511100296
2259,5.0,3,1960,4.35318628340306,Suburban,Yes,465911.69476369687
2105,4.0,3,2016,3.531807634217987,Suburban,No,458143.54692611634
2307,,1,2018,3.30482188217183,Suburban,Yes,528624.7302125263
2354,5.0,3,2023,1.6732504503372727,Rural,No,485374.1808920961
1929,1.0,2,1987,9.863764645006839,Urban,No,461424.8307680525
1684,4.0,3,2019,4.303410106900802,Rural,No,404548.3892332739
2299,5.0,2,2008,2.4782447122885762,Urban,Yes,551577.9790131852
2192,3.0,3,2015,8.777263148455889,Suburban,Yes,498094.2335740346
1595,2.0,3,1990,7.508078587305502,Rural,No,373712.79569742637
2709,3.0,2,1973,6.963587331843531,Rural,No,533946.8602109541
2146,3.0,3,1999,3.6749324173631095,Suburban,Yes,455493.74760772253
2364,3.0,2,1954,,Urban,No,457759.2551453934
2695,4.0,2,1970,8.569786032763641,Urban,Yes,539960.0863032074
2010,4.0,3,1955,6.759075139047776,Suburban,No,379545.13332389534
2158,,3,1953,,Suburban,No,432700.14859176904
2405,,2,1958,1.9835183661281337,Urban,No,442920.9397870125
1637,1.0,1,2018,9.102433881911624,Suburban,No,412456.73384218116
2027,5.0,3,2017,9.599837087598312,Suburban,No,524705.6395242187
2062,5.0,3,1958,7.469154319694474,Suburban,Yes,446957.9947974248
1521,1.0,1,1967,7.222526297445808,Urban,No,368337.76798198646
3158,5.0,1,2008,5.839390342666402,Suburban,No,644145.5327355581
1296,3.0,3,1992,9.743593925082552,Suburban,No,370798.46924013755
1350,2.0,3,2015,7.247354130596053,Rural,No,297556.38078507525
2657,5.0,3,1978,1.6906091816144466,Suburban,Yes,531719.077225526
2356,,1,1997,1.8255645385675006,Urban,Yes,520307.5317483677
1487,1.0,3,2000,9.672152501084806,Urban,No,368779.50330460636
2303,5.0,1,1991,9.489515344800884,Rural,No,505956.1204652313
2733,2.0,1,1985,6.020522405419122,Suburban,No,525812.4311479828
1984,3.0,2,1994,2.9272668769087176,Suburban,Yes,452948.15591850603
3299,3.0,1,1984,,Suburban,No,611014.8855726605
1137,1.0,2,1955,7.871894686717684,Urban,No,291421.2347099277
2346,4.0,1,1986,1.0745409215135622,Urban,No,455878.16523748345
2583,5.0,1,1985,8.405313316270421,Suburban,No,555432.2202964851
2445,3.0,2,1965,5.183175036713627,Urban,No,503772.33840187505
1897,3.0,2,2021,5.168475713736133,Rural,Yes,418238.4503039674
1854,1.0,2,1971,4.908760866552607,Urban,Yes,391461.3194230236
2222,3.0,2,2018,7.226614850951266,Suburban,Yes,470670.1917523951
2407,5.0,2,2018,2.885153476374649,Suburban,No,518134.16800860304
2301,1.0,2,2012,6.459943923897768,Rural,No,472672.302713613
2520,2.0,2,1968,1.396871007100596,Suburban,No,443001.9987037737
1490,1.0,1,1967,8.302144467367523,Rural,No,309125.9501029859
1886,5.0,1,2022,8.338991669093627,Suburban,No,447251.0720923336
1529,5.0,2,1966,3.8069195819916604,Suburban,No,345474.14951347106
1806,2.0,3,1990,1.9487748341416307,Suburban,No,376076.24148643744
7521,1.0,2,1982,7.729740597122868,Rural,No,478839.20875588804
2053,5.0,3,2004,5.231929705523185,Rural,No,478791.66520694405
3303,5.0,1,1973,9.324702770257401,Rural,Yes,632862.5952557612
2096,2.0,1,1989,4.181361776021488,Urban,No,441606.8374331623
2029,4.0,3,1977,8.573581277247014,Suburban,No,437095.52400117373
2053,1.0,1,2016,1.227905992334374,Suburban,Yes,444357.6593696181
1681,5.0,2,1988,7.955144320416034,Suburban,Yes,454053.95342495415
1971,3.0,3,1970,7.104248888106974,Rural,No,387524.0199812848
2563,2.0,3,1986,5.736409164325518,Rural,No,473941.32661663054
2056,4.0,1,1951,9.193832952902827,Urban,,451480.927736624
1603,4.0,3,1955,9.478100697754867,Suburban,Yes,384144.99981158663
1537,2.0,3,2001,9.367166464433103,Suburban,Yes,380790.73769752035
1774,4.0,3,1954,6.380226366962936,Rural,No,406959.8524274869
2036,5.0,1,1996,5.674568060747796,Suburban,No,429149.9464147078
2596,4.0,3,1992,,Suburban,No,493710.3317295437
1329,1.0,3,1989,2.4586331743846026,Suburban,Yes,281077.3501903857
1840,3.0,2,1960,6.013850598330349,Urban,Yes,420516.51172130735
2072,5.0,2,1963,2.3364705114938418,Suburban,Yes,434010.1702237485
1083,2.0,3,1951,2.5490409720825347,Suburban,Yes,224885.63389821158
1583,3.0,1,1988,4.210686973871928,Suburban,No,390263.2249728004
1660,5.0,3,2012,2.680723377462689,Rural,Yes,394145.8993733752
1602,,1,2012,5.515553272428887,Suburban,No,335449.22018475004
2095,4.0,2,1967,6.973745370830407,Suburban,No,432753.735919655
1919,2.0,2,1950,7.281105187789371,Suburban,No,392447.8555715834
1722,2.0,3,1966,,Suburban,No,321491.45885113045
2213,1.0,1,2003,5.696191376343073,Urban,Yes,510030.60184572055
2861,4.0,1,1988,5.2733001587452835,Urban,No,576955.1441639622
2819,1.0,1,1997,3.2073869268821955,Urban,Yes,577360.4464488414
1038,1.0,3,2015,6.888185484975735,Suburban,Yes,338548.1526028119
2288,4.0,1,1964,6.913262702147604,Urban,No,515754.87509864656
1910,5.0,2,1971,3.3022450813645348,Urban,No,401587.44094921974
2077,1.0,1,1969,7.30512120447645,Urban,Yes,477346.1158817358
1800,3.0,1,1992,8.7220479811245,Suburban,No,431397.08320420136
2058,5.0,3,2005,6.352384596721375,Rural,No,435036.63911025366
2075,4.0,3,1973,,Urban,No,412902.87363494
1710,2.0,3,1992,3.9453463788952687,Urban,No,388483.5010946193
1551,5.0,3,1970,1.8350914794112547,Suburban,No,390835.4713002737
1775,1.0,3,1997,3.718279854839177,Suburban,No,383294.4563378155
2117,3.0,1,2015,2.9074981988104547,Urban,,465051.0293321089
2299,4.0,1,1965,5.991659800070138,Urban,No,488260.834168112
2426,2.0,3,1989,4.811900402305728,Suburban,No,512470.4535008421
1752,3.0,3,1970,7.504156744034673,Suburban,No,385624.68714490114
2141,2.0,1,2001,4.267380880294953,Suburban,No,425622.68678156706
2481,4.0,3,1957,2.392485852416783,Rural,Yes,456623.6584233749
2582,5.0,2,2004,3.124224241166729,Suburban,Yes,528832.4704802576
1970,1.0,1,2007,5.912048702948956,Suburban,No,402850.5047821451
1889,4.0,2,1954,5.048693518823141,Urban,No,404615.2475027078
2095,3.0,1,1991,1.3834774736077198,Suburban,Yes,434526.5235571151
1425,5.0,1,1979,2.88950950335542,Rural,Yes,316395.75335906306
1903,2.0,1,1958,3.6706283783127702,Urban,Yes,378259.0353569739
2372,,1,1990,7.528235890753961,Rural,Yes,508473.28053223377
2320,5.0,1,2000,7.573842572782571,Suburban,,511504.15699477115
1864,3.0,1,2006,7.281888518755004,Rural,Yes,386862.4804075798
2108,1.0,1,2022,8.366153185678886,Suburban,Yes,453300.21726943494
1587,5.0,3,2010,8.864917488313639,Rural,Yes,422924.59560679045
2351,5.0,3,1955,1.6399740842171144,Suburban,No,483722.3581747792
1961,1.0,3,1975,5.4375157306715804,Suburban,,381445.3229328189
1862,1.0,2,2023,2.340633560549812,Rural,No,336031.9600450576
1819,2.0,1,1955,4.186541175828305,Suburban,No,343997.9678646705
1968,2.0,3,2002,6.968773469009923,Rural,Yes,471770.48436256143
1776,1.0,3,2010,6.414928503072205,Urban,No,416494.3276106534
2329,4.0,3,1982,2.1570365527675275,Urban,Yes,508605.6246563246
1802,1.0,1,1994,7.813734271654038,Urban,No,442166.4362782662
2796,2.0,1,1989,8.083150794583856,Rural,No,566887.9901212001
2732,3.0,2,1973,2.252654905104108,Rural,No,443252.4852011099
1554,3.0,2,1994,6.54093149669298,Suburban,No,369434.2194047855
2034,5.0,1,1987,9.507063741472024,Suburban,No,473897.81767911714
1674,3.0,2,1978,1.8454676106063514,Suburban,No,324056.1324547061
1836,2.0,3,1957,2.481460940783959,Suburban,No,363759.8251028438
3001,3.0,2,2013,7.889721052083462,Suburban,Yes,669939.7527973052
1846,4.0,3,2022,4.032331302205513,Rural,No,430308.04014481494
2180,1.0,2,2000,9.600144462712809,Urban,Yes,512497.4566359928
2270,1.0,3,1955,6.6192673808363685,Urban,,422555.43069506524
1499,2.0,2,1996,5.348802888497518,Suburban,Yes,337220.4710550667
1572,5.0,2,1998,,Urban,No,431977.09352135455
1396,1.0,1,1981,3.152122631320347,Suburban,No,318080.00831635884
1557,3.0,1,2003,6.850187221161719,Rural,Yes,367854.7768997969
574,4.0,3,1985,6.328260660343131,Suburban,No,198228.3316198369
2272,5.0,1,1968,4.22121538808926,Suburban,,458864.4645994303
3027,5.0,3,1986,9.259990717091073,Suburban,Yes,650198.5312518089
2073,5.0,1,1966,7.856235057616503,Suburban,No,422077.8408059492
1291,1.0,1,1965,3.3406063918322175,Suburban,Yes,245503.47321756036
1678,5.0,3,2007,,Suburban,No,446436.5776830088
1770,2.0,2,1993,,Urban,,417774.74875139794
1491,3.0,3,2017,9.073962345085944,Suburban,Yes,423482.0457216858
2430,4.0,3,1998,2.225979681247461,Rural,No,483069.18179665634
2405,3.0,3,2000,1.2969708510670968,Suburban,No,504540.03791653994
1422,,1,1954,,Rural,No,278765.15247613104
2362,2.0,1,2007,5.033375820994964,Suburban,No,460790.11182795337
2763,3.0,1,1995,,Suburban,No,560219.8287546632
2951,1.0,3,2004,2.5493089085340563,Urban,,576758.9055513814
3432,2.0,2,2022,1.2122399591558635,Urban,No,670096.2414743919
1549,5.0,2,1966,5.763230175363871,Urban,No,420778.82726024976
3412,4.0,3,1961,2.598094966551858,Suburban,No,603591.2258145122
1822,4.0,3,1973,1.4455808657648244,Urban,No,400175.98804078274
1703,2.0,2,2005,1.199858098646419,Urban,No,390618.6249432684
2163,5.0,1,2004,2.281902899791896,Suburban,Yes,458340.19107651315
1708,3.0,3,1965,4.3827092591990535,Suburban,No,347057.63570074545
2199,,2,1971,8.955714954573224,Suburban,Yes,462814.95473556616
1339,5.0,2,1993,7.845171496184476,Rural,No,338542.3591337431
1880,5.0,2,1992,5.771514136766669,Suburban,No,427755.3862794682
2642,1.0,1,1970,4.873102888400494,Urban,No,452998.49425728474
1971,2.0,2,1957,5.102191687409879,Suburban,No,395725.72481810005
2070,5.0,2,1998,,Suburban,No,501023.9213817582
2237,3.0,2,1955,7.521680177763608,Suburban,Yes,440150.95307815215
2585,,3,1996,2.548112630541038,Urban,Yes,572696.2037832466
1172,1.0,3,1985,9.457586988512277,Urban,No,328640.43732473033
2292,3.0,3,1972,7.956235484396965,Suburban,No,493120.7031248617
1865,4.0,2,1980,1.307404669423795,Suburban,Yes,426400.4888685409
2083,2.0,2,2011,5.520313252511428,Urban,No,534830.6728679053
2529,3.0,1,2006,6.875036161648476,Suburban,Yes,530951.2956982254
1402,4.0,2,2019,1.5489010285570524,Suburban,No,343527.0716440892
1493,1.0,1,2014,4.177541583102361,Suburban,No,356498.0234145089
1032,4.0,2,1986,6.834722155532337,Suburban,Yes,283546.5064788373
1725,5.0,1,2017,8.344789069040928,Rural,No,439404.34470577247
2665,1.0,3,1966,9.794241060774118,Urban,No,560825.8154979151
1939,3.0,2,1956,2.0946740764067204,Urban,No,418201.7771609991
1329,2.0,1,2001,6.691621506610749,Suburban,No,301543.3986800495
1757,1.0,3,1984,9.03510715894464,Suburban,Yes,397318.1194237909
1256,1.0,3,1951,7.452260736613868,Urban,No,307511.82271871396
1437,1.0,2,1989,6.691596664700635,Suburban,Yes,360230.0926046013
2194,4.0,1,1986,2.9297977750884825,Suburban,,431329.8225094725
1413,5.0,1,2006,,Urban,No,404610.36968801747
2556,2.0,1,1959,6.062422448057809,Suburban,No,452888.25111552654
1964,2.0,3,1995,2.0027460701710433,Suburban,No,415722.0970174224
2042,5.0,1,1954,9.42041567558185,Urban,No,457380.4155147324
1860,4.0,3,1954,9.895516635759304,Suburban,No,403917.1707024953
2386,4.0,1,1976,5.839052173323039,Urban,No,522000.18897658004
2391,5.0,3,1954,7.988311846654934,Urban,No,544255.2492543807
2167,5.0,2,2010,6.249814353181049,Suburban,No,471436.9825342636
2282,3.0,3,1957,4.799851693919729,Rural,No,412477.4845937856
1893,4.0,1,1980,4.681972303456218,Urban,No,472767.82165949943
2271,1.0,3,1970,9.67882869013362,Urban,No,499201.05479831796
5493,2.0,1,1970,4.319078467891778,Rural,Yes,340181.629838273
2001,4.0,2,2000,5.414087684302936,Suburban,,424803.64331515285
1862,5.0,3,2008,3.2364170727888837,Suburban,Yes,441516.7613479595
1771,1.0,2,1951,3.279538490006937,Suburban,No,299158.5051802079
1655,3.0,3,1979,4.206043858727325,Suburban,No,361530.1776999021
2233,3.0,3,2007,9.322998726317303,Urban,No,500832.9899219771
2655,1.0,2,1969,4.568842477311222,Rural,No,457432.1397591539
2585,1.0,2,1989,5.97060557874244,Rural,Yes,496946.3384466765
1371,5.0,3,1978,5.911781199315849,Urban,Yes,357182.29351454723
2644,5.0,3,1954,6.248361318923727,Suburban,No,492592.17296320444
1840,2.0,3,1959,8.380390903268143,Suburban,Yes,446263.7894096877
2300,2.0,2,2010,9.1108126709616,Urban,No,539458.9501466223
1546,3.0,1,1950,2.8787218063410753,Rural,Yes,305973.09325347707
2070,1.0,2,1996,8.744025537769355,Urban,No,460160.9027273567
2156,3.0,3,2006,5.929364145767003,Suburban,,474579.35657661106
1257,5.0,3,1963,9.320225763791077,Urban,Yes,399637.2981577294
2304,4.0,2,1974,9.245409174749131,Suburban,Yes,478225.7249742637
2672,5.0,3,1970,4.504899619617953,Suburban,No,511453.14598689956
1912,4.0,3,1965,6.866890666771685,Urban,,437914.9717118887
2680,1.0,3,2023,8.842700688238079,Suburban,No,547677.4925507782
1905,1.0,3,1981,4.462379857104196,Suburban,Yes,381345.71660838043
2424,1.0,3,1994,1.3944283528704453,Rural,Yes,504002.28620106174
890,2.0,1,2013,4.238270615480677,Suburban,No,282411.2700615695
3209,2.0,2,2022,4.2886374634647915,Urban,,655978.639334418
2747,4.0,2,2009,8.26071040767987,Suburban,No,594067.4390763628
1857,3.0,2,1968,3.7866113194566693,Urban,Yes,388792.4722540084
1013,3.0,1,1996,9.045853271326266,Suburban,No,305781.52919371135
2144,4.0,1,2013,5.937773841521274,Urban,No,488725.4152885699
1278,2.0,2,1979,6.275387648480185,Suburban,,324870.04366149695
2222,5.0,2,1996,8.263067931440816,Suburban,No,479378.9484472473
2205,4.0,2,1982,2.2111770756572433,Urban,No,483118.7951555593
1529,3.0,3,1970,1.161474591117289,Suburban,,330327.1375694298
2560,4.0,1,2012,1.5095320793968123,Suburban,Yes,531835.4591919761
2402,4.0,1,1991,,Suburban,No,471500.17229309067
2487,1.0,3,2010,7.29905391934922,Urban,No,565200.3989255008
2004,2.0,1,1992,3.204739783332864,Rural,No,388236.80934771354
1292,1.0,2,2017,8.716798976704386,Urban,No,380194.3092250244
2488,2.0,1,1975,8.945875154980687,Suburban,No,486067.38297749206
1864,4.0,3,1982,4.204782758083507,Urban,Yes,427229.906632581
1305,2.0,2,1982,2.7534282066751556,Rural,No,298027.59074959357
2676,3.0,1,1998,5.48930777288704,Suburban,No,540310.5724381714
3049,1.0,2,1990,8.342275330757683,Urban,Yes,611421.0832159832
1979,4.0,1,2021,7.1640277639269,Suburban,No,466497.39591870346
3079,3.0,2,1985,1.2316803074752722,Suburban,Yes,579052.9710259388
2045,2.0,3,2021,1.0643549751871513,Suburban,No,406119.4477339341
1809,2.0,3,1971,2.024231753179589,Suburban,Yes,386542.17778405925
1684,3.0,1,1996,4.030964254815654,Rural,Yes,405564.3942947758
2818,2.0,1,1969,5.83193989137321,Suburban,No,528170.2858891955
1609,1.0,2,1973,8.358264490472525,Suburban,No,319993.4040706205
2367,5.0,3,1992,2.2851348581070736,Urban,No,497466.0892251295
1720,,2,2022,2.372311150335665,Suburban,No,376793.71871533745
1769,4.0,3,1965,8.772673560972127,Urban,No,454774.8349418279
2515,2.0,2,1976,9.316224319247938,Suburban,Yes,537498.7524016723
1809,4.0,2,1994,5.961604619400871,Urban,No,411871.1884356957
1797,2.0,2,1986,8.064033427923825,Urban,No,421780.13790518435
2566,2.0,1,1962,4.084040061291109,Urban,No,481198.9913962987
2798,4.0,3,2000,9.516401929517148,Suburban,No,584625.2808330185
2322,1.0,1,1951,9.143924067899274,Urban,No,419530.37809763727
1672,5.0,1,2008,8.646444510053186,Rural,No,406806.6618411808
1744,5.0,2,1963,1.116834302487609,Rural,No,322679.7084037663
2039,1.0,3,1998,5.709682759108213,Suburban,Yes,435170.59766545857
2160,2.0,1,1979,1.2399562201809546,Urban,No,436707.9949948822
1506,5.0,2,1958,7.097009984593939,Suburban,No,362440.9494851245
2361,1.0,3,1973,2.650992672641117,Urban,No,426790.40408292407
2042,1.0,3,1990,6.7553196486703975,Rural,No,377100.1191524809
1142,5.0,1,2009,1.8816273479312908,Urban,No,351135.389442692
1535,4.0,2,1981,7.80954534650266,Urban,No,395338.23540957633
1747,3.0,1,1996,7.538031907861334,Urban,Yes,422682.15541831
1963,4.0,3,1970,1.0414889514198793,Suburban,No,386666.29499310977
2944,2.0,1,1991,8.128478526293609,Suburban,No,572938.3985831976
2119,4.0,2,2019,2.4740859184500867,Rural,Yes,473374.45220404625
1579,3.0,3,1951,1.9836112357009625,Rural,No,269608.3589872107
2110,3.0,2,1980,5.502224855194167,Urban,No,460466.8332750407
1823,1.0,2,2005,6.3108209680598675,Suburban,Yes,403224.45555802283
2162,2.0,3,1979,1.9279522839005838,Rural,No,434047.30813114496
2290,1.0,2,2012,3.7427371612416303,Suburban,,442835.94283244864
2604,4.0,2,1964,4.670154120388997,Suburban,Yes,499731.5948136674
1987,4.0,2,1967,9.492544163803128,Suburban,No,426982.0136462981
2819,5.0,3,1981,3.2619003203689836,Suburban,No,551578.7322629897
2454,1.0,2,1963,3.344392410249068,Suburban,No,415675.35492591426
1646,1.0,1,2011,6.934557044456909,Urban,No,421440.8634908457
3104,1.0,1,2001,7.544372435014639,Suburban,No,591633.540183777
2163,1.0,2,1971,1.0973994220104815,Suburban,Yes,442066.6920713911
1582,3.0,1,1963,2.2062776744424135,Suburban,Yes,341212.2263315181
2826,5.0,1,1983,4.219219324449167,Urban,No,587019.7045859315
3038,2.0,3,2005,6.688099069936996,Suburban,,576532.6635069133
1983,2.0,2,2002,2.2070711275774983,Suburban,Yes,424504.7883626112
1748,2.0,3,1998,4.212542038965051,Urban,No,429475.4348779349
5739,,2,2012,1.7218235229986765,Suburban,No,421276.561077022
2357,5.0,1,1965,,Urban,Yes,536405.5488596215
2638,5.0,3,1989,4.8372879706764795,Rural,No,533029.7290736313
2285,3.0,3,1987,8.092731054229105,Rural,No,480302.8432174838
2050,1.0,1,1967,6.164995967935675,Suburban,,386313.53290957655
2749,4.0,1,1972,6.931968113246501,Suburban,Yes,553364.931008438
1843,1.0,2,1997,7.040424798682725,Suburban,No,385337.9005760592
2515,2.0,2,1995,6.306477326256864,Rural,No,476443.3157900544
1855,1.0,1,1971,1.1448283830378854,Rural,No,276940.33678033995
2215,3.0,1,2003,8.488533531019279,Rural,,496034.5157363966
1943,2.0,3,1989,,Urban,No,427959.4915308267
1972,4.0,3,1979,5.808162361058999,Suburban,No,418009.3718491473
1811,2.0,2,2004,2.0094246631657278,Suburban,No,379687.7059651043
2672,1.0,3,2005,6.89231390485949,Suburban,Yes,575707.1124029055
1633,5.0,1,1991,,Urban,Yes,407902.3544351019
1629,5.0,1,1991,1.6595206714950148,Urban,No,380588.0768129093
3060,5.0,1,2011,8.687863753104633,Suburban,No,656433.1067481003
2488,2.0,1,2002,7.40542018900179,Suburban,No,496706.1265095455
807,5.0,2,2002,8.243425690331328,Suburban,No,267988.10405264975
1717,3.0,1,2013,8.165140330068766,Rural,No,382691.9669671363
1094,4.0,1,1950,4.219104999117768,Rural,No,249124.32777038973
1524,5.0,1,2018,5.3399170933464815,Urban,No,438821.52919949597
430,3.0,1,1976,3.102890064914738,Rural,Yes,166419.4259988544
1931,3.0,2,1966,7.794068822344696,Rural,No,402151.48967629974
1429,2.0,2,2012,5.715655619633974,Suburban,No,368294.7392505388
2029,2.0,3,1990,6.850050087902488,Suburban,No,432558.23584985425
1187,4.0,2,2007,4.2096006927218275,Rural,No,327637.7643408085
2041,4.0,2,2006,7.112642777200123,Rural,No,435036.1507694509
1792,1.0,2,1987,7.040842279996037,Urban,Yes,439349.4962524204
2750,4.0,3,2015,7.931427506310522,Urban,,598135.8798079415
2705,2.0,1,1994,,Suburban,No,517430.9774226072
2392,3.0,3,1972,6.613015384808703,Urban,No,524642.9947119036
1836,1.0,1,1969,8.915287188774734,Urban,Yes,412933.08230367163
2992,4.0,2,1985,1.847450999617572,Suburban,No,599717.9224840758
1223,3.0,1,1991,9.646720037233088,Urban,Yes,366711.5153402688
1298,,3,1971,2.870048112607317,Urban,Yes,342842.74858758075
1958,5.0,1,2009,9.428917154625958,Suburban,,523078.71854329755
3127,1.0,1,1960,8.812179211144905,Suburban,Yes,600232.499075936
1898,3.0,2,1977,7.931693225750873,Rural,No,408980.9363861088
1908,2.0,1,1994,2.8849077138609043,Suburban,Yes,388178.10380720894
1279,2.0,1,1971,2.9479420128768417,Urban,No,295333.10723572195
2472,1.0,2,2012,3.3337437174182614,Urban,No,493747.35576627793
2476,1.0,3,1980,8.294107890871324,Suburban,Yes,498395.01493764366
2394,4.0,2,1960,2.6892035677763007,Rural,,449444.74608471023
1685,4.0,1,1985,6.2275669897783095,Urban,No,420894.44857421715
1646,1.0,2,1984,7.9977613934729055,Suburban,No,337443.6312395638
1353,1.0,2,1972,5.1456706711900235,Suburban,,326563.0496858257
2041,3.0,1,1978,8.566714609844711,Suburban,Yes,445788.1549176246
1459,4.0,3,1972,6.058926984778924,Suburban,No,339601.3868604659
1411,2.0,2,1965,6.356128510576752,Suburban,Yes,321193.3351628599
1788,,3,1968,,Suburban,No,420421.99022954225
1755,4.0,2,2012,8.613811356722724,Suburban,Yes,439967.46671011165
1731,1.0,1,1999,1.0417059542652023,Urban,,390623.353492859
2233,1.0,1,2022,4.532997510321974,Rural,No,461936.64467635704
2039,4.0,2,1992,9.666923650449403,Rural,No,479634.99503119616
1855,5.0,2,1968,1.8880458849397679,Rural,No,336576.04127087357
2091,5.0,2,1967,3.1010366322513314,Suburban,No,417590.8794641392
1504,4.0,1,1955,6.1383797077642654,Suburban,Yes,328987.58141895325
2052,5.0,2,1984,,Suburban,No,461727.0884528338
2075,4.0,1,1963,1.8748299942546267,Suburban,Yes,411431.570486365
1248,1.0,2,2013,1.036273655235691,Suburban,No,293278.51494801155
2497,1.0,1,1958,7.183196640929573,Rural,No,446973.7392867734
1559,1.0,2,1984,6.375718433588879,Suburban,No,333406.63486269454
2045,2.0,3,1951,3.4395445349046705,Urban,Yes,433446.8827134742
2582,1.0,3,1955,9.61853425849679,Urban,No,529151.734453699
2462,1.0,1,1974,6.032349103261758,Urban,Yes,515581.52079777874
2017,4.0,2,2022,6.970719906317435,Rural,Yes,476973.95685405616
1818,5.0,3,1999,4.409039760312854,Rural,No,424471.201214954
2473,5.0,2,1956,9.29429384045654,Rural,Yes,481209.2623616291
2337,1.0,2,2012,,Urban,No,488161.0323429731
1690,1.0,2,1977,7.739087752821335,Urban,Yes,394403.23352205235
1602,,3,1951,2.0499945656636784,Suburban,No,306708.32891770866
963,4.0,1,2014,5.840078807124821,Urban,No,340177.00637600396
2077,4.0,3,2008,6.200106077371626,Suburban,No,496705.4568892939
1958,4.0,1,1973,2.695182079429092,Urban,No,410150.7246726879
2568,5.0,3,2011,3.913990686911314,Suburban,No,589265.1454419261
2179,2.0,2,2020,2.6082747723748696,Urban,Yes,506113.40138379356
2667,5.0,2,1987,8.605234774186293,Suburban,No,549717.8980422965
1651,4.0,2,2011,6.914701539911238,Rural,No,414161.89628517
2569,3.0,3,2014,5.01790683504132,Suburban,No,552428.6969508753
1735,2.0,3,2000,6.003822254056722,Suburban,No,393778.55439520447
2388,1.0,1,2001,4.096373954624819,Suburban,No,457574.74434790976
1270,5.0,3,2023,4.858653934686851,Rural,No,345437.45687284146
2117,2.0,1,2012,6.574346206702917,Suburban,No,461871.797442814
1007,3.0,3,1960,2.90330740797065,Rural,Yes,236347.64299995214
1866,2.0,2,1997,2.2068666212729395,Urban,No,390452.7909852995
2220,5.0,3,2003,9.500130038591312,Suburban,No,512254.7266753502
1739,,2,1999,3.131690191755028,Urban,Yes,454863.40228035714
1474,1.0,3,2023,5.457020022823018,Rural,Yes,349897.912083107
2423,4.0,1,1987,7.853702646011399,Rural,No,467298.7807831837
1948,4.0,3,1957,6.004750679002303,Urban,No,446944.0545280089
1755,5.0,2,1955,6.713872124206155,Suburban,No,415367.37028837885
2020,4.0,3,2017,2.470896522532433,Rural,No,448262.08602518274
3318,4.0,1,2018,4.554356285066451,Urban,No,651936.6706613187
2576,5.0,1,1955,7.212130781545265,Urban,No,530907.642437345
2581,5.0,1,1981,2.8880761450969663,Suburban,Yes,542368.8746871612
2217,3.0,1,1987,5.3520085441858845,Urban,Yes,475676.86541474215
2083,4.0,3,2006,6.303247751616415,Rural,No,481152.00622119446
801,2.0,1,2013,8.103995155662359,Urban,No,312707.51895861194
1660,1.0,3,2003,2.947078895790498,Rural,No,349867.2670150568
1759,1.0,3,1963,9.80282740464842,Urban,No,361026.3944599208
1062,5.0,3,2013,9.706837142810386,Suburban,No,379172.10595686757
1421,5.0,1,1999,1.1106416834631094,Rural,No,323282.9985461282
1009,3.0,1,1996,4.311797701183119,Rural,Yes,253645.06557600616
1980,4.0,3,2003,1.6105556480712497,Suburban,No,421509.6861599514
2409,5.0,3,1968,3.8552193697566803,Rural,No,447382.8933318739
2553,5.0,3,1988,6.463565974115756,Urban,No,576110.337180152
2207,1.0,2,2014,6.478628750306909,Rural,,449765.2995101151
1518,4.0,2,2009,1.8699738539455777,Suburban,No,357138.5231343872
1033,3.0,1,1982,7.094065027337372,Suburban,Yes,305399.2514844696
1121,,2,1981,8.617049411824217,Suburban,Yes,338608.48234806
1365,5.0,3,1985,6.680480756497242,Suburban,No,351574.2666398791
1555,5.0,3,1973,,Rural,No,294436.74343405815
1920,1.0,1,1992,1.022455519735129,Suburban,No,409115.4597348109
1492,5.0,1,2020,6.835676807546728,Suburban,No,452743.66177480423
2169,5.0,2,2020,7.099785843089535,Rural,Yes,492407.05614985566
1883,1.0,3,1995,7.37874339185892,Suburban,Yes,401045.2401819144
2005,5.0,1,1996,1.3533450499470352,Suburban,Yes,436220.68640489306
2570,4.0,1,2018,5.648029846717969,Rural,No,524643.444004575
1409,4.0,2,1963,4.720881372147339,Rural,No,296796.5106912273
2209,1.0,1,1994,7.906134425058489,Rural,No,442945.0119447767
1993,,2,2001,7.504203051881477,Rural,Yes,437529.35972906626
1833,3.0,3,1999,9.55594747197209,Urban,No,476489.74669977
2442,5.0,2,2014,9.077590210698258,Urban,Yes,582466.156149396
2439,3.0,1,2013,6.022061155456887,Suburban,Yes,514680.7821078984
1526,4.0,2,1972,9.82426529327442,Suburban,No,406325.4193214673
1908,1.0,2,2020,2.351915282501632,Urban,No,486740.9839054393
2140,1.0,3,2019,1.064428152358083,Suburban,No,429078.2647673297
1863,3.0,2,2008,1.9704956409407384,Urban,Yes,440861.86080993724
2292,4.0,1,2022,4.196006481240278,Urban,No,540074.2248065002
2140,5.0,1,2023,7.797334284975131,Suburban,No,461407.9153599721
2916,4.0,3,2003,4.447601557234245,Urban,No,653762.1718409798
1234,4.0,3,2020,8.025417709500754,Suburban,No,333883.48619657167
1938,1.0,3,1975,7.685057238956466,Urban,Yes,422528.5256801024
1545,2.0,1,1993,8.149148208052344,Urban,No,377224.7084692183
2302,5.0,2,1962,2.685450809795726,Urban,No,508002.689278628
1191,5.0,1,2003,5.644301680571061,Rural,Yes,356043.7527933342
2173,1.0,1,1989,7.414226096482701,Suburban,No,435225.53072516044
1684,4.0,3,1953,3.5575723329315374,Suburban,No,350408.82070837315
1632,1.0,3,2002,8.542237767548805,Suburban,No,368816.23745081096
1276,4.0,2,1950,8.013807692712009,Rural,No,311684.41498732386
1767,2.0,2,1955,2.078888749751353,Suburban,No,312566.01990489464
2542,2.0,2,2004,2.960991865146567,Suburban,,498915.55582317995
1987,3.0,2,2015,3.136360561817852,Urban,No,458195.7762755861
2313,4.0,1,1967,8.90628899968167,Suburban,Yes,512869.5315941104
2832,,2,1978,2.680541851055998,Rural,Yes,500818.048026261
2131,1.0,1,2002,6.5988666305631964,Suburban,Yes,423585.4070944128
1720,1.0,1,1982,1.5842086364734755,Urban,Yes,357953.4697214409
2233,3.0,2,1952,5.972548209737619,Rural,No,383921.75011179916
1727,5.0,2,1969,2.271268920876976,Suburban,No,328581.72088501387
1747,,1,1953,6.179461523999695,Suburban,No,328331.0139747439
1240,2.0,3,1957,4.310161512674575,Suburban,No,289713.73271528125
2463,,2,1977,6.451144570107626,Rural,Yes,454012.9975185178
1806,1.0,3,2015,4.549989001198481,Suburban,Yes,407340.6670769834
2091,1.0,1,2022,8.688656900605285,Suburban,No,440295.0431866904
1482,5.0,3,1975,7.812799569919753,Suburban,Yes,402719.48635441734
2217,,1,1983,8.60231988450985,Suburban,No,457970.2396017934
1619,5.0,3,2020,2.998469958717778,Rural,No,390536.9017587858
1929,5.0,3,1998,2.3393438950649927,Suburban,,435631.6388606128
2438,3.0,3,1998,6.016012015382862,Suburban,Yes,489006.4188769344
2395,2.0,1,2022,8.85549891013526,Urban,No,545360.5374074839
1988,1.0,1,1976,1.9956156084687362,Suburban,No,372034.1549579794
1115,1.0,1,2014,3.1049936344823084,Urban,Yes,329050.0747303695
3496,1.0,2,1982,7.7139839655192715,Suburban,No,631011.0549578707
2872,5.0,1,2021,5.188248799940281,Suburban,No,606059.3882832348
2361,4.0,2,1998,6.431169733467731,Suburban,No,519484.36132047983
1623,2.0,1,2012,6.325789817991594,Rural,No,360950.0970261096
1943,1.0,2,1981,,Suburban,No,375183.8644304973
1728,4.0,3,1968,7.351320762697618,Urban,,435707.5096040531
2631,4.0,3,1999,8.67042228899859,Suburban,,605023.7383723338
2131,4.0,1,1971,9.169813441631536,Urban,No,476405.77882458083
1607,2.0,2,2016,,Rural,Yes,366372.0565159723
1764,4.0,3,1958,5.982455148683734,Suburban,No,384155.02621327224
2560,1.0,3,1984,1.3633439089497013,Suburban,Yes,469579.88982683065
2800,1.0,2,2020,9.10837099483288,Suburban,No,588077.0652501966
2764,3.0,1,1953,4.863392266460387,Suburban,Yes,485248.41199420305
2378,5.0,3,1986,9.104728690020025,Urban,Yes,551969.2693989599
1873,4.0,1,1977,2.689150688657549,Suburban,No,382683.0533323981
379,5.0,1,1958,,Urban,No,201014.2348878939
2148,5.0,2,1984,9.174917286471942,Urban,No,525579.7123511729
1999,5.0,2,1974,9.44538024739716,Suburban,Yes,465277.2916240741
2069,,3,1958,7.901106705966777,Rural,No,448935.4840142549
2026,5.0,2,2010,2.998228355322774,Suburban,No,440730.4940010238
1336,,3,2001,2.547868534948944,Suburban,No,306424.4666525484
2278,2.0,3,1966,7.732117655351898,Suburban,No,467903.2686708121
2316,4.0,3,1958,6.712972448847811,Urban,Yes,494034.41408149025
2341,4.0,1,2003,8.848689923943896,Urban,No,550274.9663251912
2473,1.0,1,1954,3.491302765257159,Suburban,No,443490.8526920933
2302,,2,2012,3.6582142623434466,Suburban,No,433899.2617586451
1794,5.0,2,1996,7.584770075592384,Suburban,No,408360.0554625467
1964,2.0,3,1968,3.410817470057622,Rural,No,361943.674452701
2045,4.0,3,2015,5.161395087147776,Suburban,No,427693.8364973611
2053,3.0,1,1994,5.681279287481158,Urban,No,450153.24651095574
2499,1.0,1,2020,7.022660705790044,Urban,No,555154.7943229966
2321,3.0,3,2022,4.0994515697454155,Suburban,No,524009.98232686985
3038,4.0,3,1982,8.725032817299248,Urban,No,645058.6305565815
3103,1.0,2,1992,4.620961241324851,Urban,No,566201.5650045875
2039,,3,2021,1.3723596733124703,Suburban,No,438940.97418350447
81,1.0,3,1975,1.6030188387383317,Suburban,No,83851.4359045132
2618,4.0,3,1994,,Suburban,No,564339.8411612713
1729,3.0,1,1984,6.598385141199166,Rural,Yes,386267.53971592244
1599,2.0,1,2002,5.418352345197805,Suburban,No,375537.21142509975
1800,1.0,2,1959,8.827125636367619,Urban,,404194.7304981895
1776,3.0,2,1990,7.45196220979613,Suburban,Yes,437661.2695990017
2306,4.0,2,1966,2.632529201466638,Urban,Yes,489171.67389899574
1220,3.0,3,2020,1.0656307404268452,Suburban,Yes,330784.921227222
1461,1.0,3,2015,9.839172725125051,Rural,Yes,364360.2017690351
2171,3.0,1,1960,6.662944396928049,Suburban,Yes,419937.5223447406
2311,4.0,3,2012,5.2936681100433205,Rural,No,523484.00218945905
2320,5.0,3,2016,9.5019052843207,Urban,No,584767.2377862267
1606,2.0,1,1995,4.322868882382931,Urban,Yes,383225.5137108575
1510,2.0,2,1969,7.502973552975301,Suburban,Yes,324845.70132539695
1746,5.0,3,1962,7.03102848684794,Urban,No,428154.7616102523
2119,1.0,1,1966,7.09319301703014,Suburban,No,415762.1881106282
2742,3.0,1,1981,7.094194242609895,Suburban,Yes,558814.9522625402
976,3.0,2,1965,1.093845973298497,Urban,No,273259.926567378
1889,5.0,1,1972,8.4187183983697,Suburban,,439952.3676926552
1333,5.0,2,1960,,Suburban,Yes,365964.1181662217
1173,4.0,2,1963,5.044144469725425,Urban,No,312358.83513334265
2483,4.0,2,2016,6.044352654381631,Urban,Yes,592779.4430717984
2272,2.0,2,2020,3.922440989835165,Urban,Yes,513492.6166804078
2224,1.0,2,1994,8.06564901147133,Suburban,No,444321.06315421336
2460,1.0,1,1982,7.629411888870589,Suburban,No,441336.2779883818
1760,5.0,3,1994,7.646509122759923,Urban,No,455723.4307104783
1783,2.0,2,2003,7.614305615042878,Rural,Yes,398117.45749536494
3092,2.0,2,2000,2.966895044305576,Suburban,No,559114.5964582327
1876,4.0,3,1972,2.012705095763464,Urban,No,427390.6699060159
2367,3.0,3,1978,3.796788221725069,Rural,No,448583.4073582171
2003,1.0,2,1955,,Suburban,No,402571.9024637569
1075,2.0,3,1988,4.595710330473695,Rural,No,268771.66953750723
977,4.0,2,1954,3.243212526426024,Suburban,No,217146.17991645387
1710,4.0,1,1989,1.2005989058191773,Suburban,Yes,412498.65211157297
2528,4.0,3,1970,2.0901980769060247,Urban,No,502606.1754465694
2394,3.0,3,2008,1.9479870754237032,Suburban,No,474641.0287200414
2457,2.0,1,1969,9.609753050263153,Suburban,No,518769.1310616851
1506,5.0,3,1973,8.009424671526194,Suburban,No,384028.7804825888
2807,5.0,1,1952,2.1047667469455478,Suburban,No,498597.6293958853
1517,4.0,2,2021,5.204895752133009,Rural,Yes,409894.01809929643
2106,4.0,3,2006,6.890374626988195,Rural,No,475380.4533512503
1994,3.0,3,2020,9.649301092515657,Rural,Yes,504134.47670634335
1913,4.0,1,2019,3.4206752452702673,Suburban,Yes,430380.26942551305
2669,2.0,2,2019,3.3764205992772736,Rural,No,504142.6928834045
1647,4.0,2,2012,6.114318863202767,Suburban,No,401619.9448505709
1325,4.0,1,1996,8.71640050226091,Suburban,No,372842.14329331584
2009,2.0,3,1968,3.5165906030023457,Suburban,No,376076.2483880894
1800,1.0,3,1962,2.1324271627379603,Urban,No,331604.25619934057
3688,5.0,1,1994,3.3951715034720187,Suburban,Yes,658738.7926653507
2338,4.0,1,1981,5.041605546220906,Urban,No,489056.5725452508
1795,2.0,1,1979,4.239579757682915,Urban,No,403941.3708181291
1471,5.0,3,1991,8.75091690450064,Urban,No,420528.8236738698
1059,3.0,1,2021,,Suburban,No,339882.3955275761
1487,1.0,2,1991,4.406048825616635,Rural,Yes,330011.4769621771
2057,4.0,1,1956,8.410791731282465,Urban,No,435917.2680895671
2713,1.0,2,1952,,Suburban,Yes,470202.5080501158
2560,4.0,2,1986,5.983329832477651,Suburban,No,536791.8698714982
2114,4.0,1,1952,8.485333088017503,Urban,No,461612.35910346574
1838,4.0,2,1967,4.767609201367148,Suburban,No,372096.9374458448
2134,1.0,3,1991,2.2909045221833915,Urban,No,445041.3019972068
1740,3.0,1,1958,3.5568106620575253,Suburban,Yes,341000.96760186757
2859,2.0,3,2006,5.427168696783961,Rural,No,556750.2362687612
1905,2.0,3,1973,8.591476113920589,Suburban,No,414493.7264769916
1956,3.0,2,1956,7.737375447012954,Suburban,No,415706.9283364994
892,3.0,3,1991,,Urban,Yes,293884.9836949504
1902,4.0,3,2007,5.915416097271545,Urban,Yes,453426.9200507269
2418,,1,2005,8.851157081157886,Urban,No,576871.1266890554
1466,2.0,1,2007,6.19399214619148,Urban,No,377666.374361697
1624,4.0,3,1967,1.584438003968033,Suburban,Yes,365032.26840629394
2396,4.0,2,1988,8.408082828435667,Suburban,Yes,522782.4262941488
1261,3.0,2,1999,9.160927278196546,Urban,No,374586.79428661405
2528,1.0,1,1982,4.5027005551262995,Suburban,No,471924.2410722278
1733,5.0,1,1977,,Suburban,Yes,358352.07883405645
1805,5.0,1,2005,5.890155702836426,Urban,Yes,468266.6489902296
1438,4.0,2,1974,9.856792680216214,Urban,Yes,412438.3769235245
2189,4.0,1,1963,8.53717831001568,Urban,No,483190.89471963746
3229,5.0,3,2004,8.299502130438176,Rural,No,637776.5760197205
2390,3.0,2,1956,2.738291647980443,Suburban,No,428030.2850038792
1567,5.0,3,1953,9.056488378881015,Suburban,Yes,378903.41554825194
2567,5.0,1,1979,6.003511596651758,Suburban,No,516232.17631680606
1841,5.0,2,2011,9.251907896449953,Rural,Yes,485008.9067614015
2687,4.0,1,2006,6.86539594708073,Suburban,Yes,561605.8860512894
2403,4.0,2,1986,8.507504037926896,Urban,No,579436.3661092933
528,5.0,1,2004,2.489731455683453,Suburban,No,222775.09456784202
1497,4.0,2,2014,7.358693172393619,Urban,No,446282.8029483108
2472,5.0,2,2001,3.3152692311920595,Suburban,No,532761.7860768124
2075,3.0,2,1952,2.520119772836325,Rural,Yes,383662.8853533349
1488,4.0,3,1956,6.165840962049045,Urban,No,368912.45104879956
1683,1.0,1,2019,6.424670024210041,Urban,No,436008.6318953163
1046,4.0,1,2019,5.415560267060821,Urban,No,377494.14631674794
1955,3.0,2,1983,1.801367245902618,Suburban,No,381720.1229410732
3105,3.0,3,1965,3.202741216022707,Urban,Yes,588604.7620746602
2402,4.0,2,1957,,Urban,No,479921.48710288445
3095,2.0,1,1970,3.8233185401218925,Rural,No,523153.2181354221
2441,5.0,1,1960,6.652588629977276,Suburban,No,496524.70123178355
2513,5.0,2,1999,4.94188542600566,Suburban,Yes,546832.5250193101
2987,3.0,2,1955,9.715466094588823,Suburban,Yes,573415.1747414949
2188,4.0,2,1964,1.1425964021648651,Suburban,No,396957.8578267352
1906,2.0,1,1960,2.9431307528487975,Rural,No,351071.50422441546
2516,1.0,2,1976,6.1606665393398305,Suburban,No,487405.7278579382
2726,5.0,2,1994,8.914055434360165,Suburban,No,567718.3381094598
1760,2.0,1,1987,1.3051644459546592,Suburban,No,343160.4184598435
1639,5.0,2,1953,8.952499641079255,Rural,No,368782.0283300029
2069,4.0,3,1994,5.565461175493375,Rural,No,441233.18468225066
2415,5.0,1,1959,8.069350233116861,Rural,No,457294.6304954956
2399,1.0,2,2003,9.537865899341293,Suburban,No,525032.65874995
1287,4.0,2,1978,2.938639676208691,Suburban,No,281090.9616691921
2955,3.0,1,1961,6.291189130860313,Urban,No,586629.8766016911
1679,2.0,1,2005,8.953020480807883,Suburban,,445085.51838478143
1867,5.0,3,1989,8.59969606528647,Urban,No,438438.12216643523
1548,4.0,2,1986,5.688679496608524,Rural,No,322292.58067698305
3349,4.0,2,2015,9.54543039562824,Suburban,Yes,733738.8204864305
2121,5.0,2,1969,7.376000811531593,Urban,No,485821.66235602525
1574,3.0,1,1961,5.717028602995317,Suburban,No,335056.6083322254
2431,5.0,1,1987,1.5211202425291555,Suburban,No,496694.43398787465
2384,3.0,1,1979,5.385752684435886,Urban,Yes,482855.23633764806
1906,5.0,2,1996,4.797105448763908,Rural,No,434903.7238855371
2420,4.0,2,2023,3.7472772417241824,Suburban,Yes,518320.90800389857
1587,1.0,1,2020,9.48602272033194,Suburban,Yes,422121.83410907595
1753,1.0,3,1991,9.331300147808264,Suburban,No,355133.0649025038
994,4.0,2,1954,4.035559387835509,Suburban,No,252778.59606724553
1338,1.0,3,1997,4.921865129337732,Rural,,300810.2291055053
2903,3.0,1,2000,7.766374134850899,Rural,Yes,582398.631109731
2820,4.0,2,1961,8.515514229254386,Suburban,No,578652.1351781089
2032,3.0,3,1959,1.9907074257592399,Suburban,No,384320.8351295051
2831,4.0,2,1986,5.417153834537051,Urban,No,621871.3623160825
1919,3.0,3,2015,9.230540988783893,Rural,Yes,430389.12129089417
1878,3.0,2,2016,6.981292241145527,Urban,No,516375.14478498255
2028,1.0,3,1963,,Suburban,No,378685.2357304481
1937,4.0,3,1996,,Suburban,No,462806.37542324426
1892,5.0,1,1969,,Suburban,No,425290.15874805005
2571,1.0,1,2001,9.480239863701753,Urban,Yes,557367.8540162685
2075,3.0,3,2017,9.213727215392675,Suburban,Yes,525243.4385361375
2356,3.0,2,1975,4.579982728007308,Urban,No,497694.05385225645
2515,5.0,3,1996,1.2881731384919297,Urban,No,555950.3208033728
2194,5.0,2,2022,,Suburban,No,489926.5650093576
1514,3.0,2,1952,,Urban,Yes,359420.6207035168
1323,5.0,2,1951,2.1839705475322893,Suburban,No,275572.5899087611
2074,2.0,2,1990,8.991493848558932,Rural,No,417364.09543457394
1914,1.0,1,1979,7.389382414895386,Suburban,No,368921.8859538285
2043,,3,1986,1.2932081301628062,Urban,,470647.40993833635
1991,5.0,2,1952,9.27778459206316,Rural,Yes,421088.56826798397
3291,5.0,1,1958,9.127083449037162,Urban,No,633857.0429230637
1334,2.0,2,1957,9.544503629626439,Urban,No,354389.7759774865
1005,4.0,2,1958,8.468883980525373,Suburban,No,230798.88275543606
2166,2.0,1,1966,1.709895432037515,Rural,No,360060.47463721584
1811,4.0,1,1973,6.605156377807651,Suburban,Yes,399901.38009942987
2158,1.0,2,2021,1.7477916255486874,Suburban,Yes,445714.3409419517
2291,5.0,3,1963,7.420566985761308,Urban,Yes,544118.7854779451
2642,1.0,1,2003,2.7730810976145794,Suburban,Yes,533839.406081914
1246,4.0,3,1967,9.422311027274967,Urban,No,368917.1815621588
1721,5.0,2,1988,9.40753957194162,Rural,Yes,392463.20354665426
2214,2.0,2,1996,6.3514237869377155,Urban,Yes,495319.67055758974
2385,3.0,2,1976,7.774083225656493,Suburban,No,486798.1961233605
3096,2.0,2,2020,8.723381677517484,Rural,Yes,638680.8390343777
2477,3.0,2,1983,4.502315732379801,Rural,No,462471.0708122282
1971,2.0,2,1968,6.212718526779056,Suburban,Yes,415445.1096934022
4662,4.0,3,1955,,Suburban,No,340205.12708176416
1717,1.0,1,1979,9.869466296703402,Suburban,No,389515.50972639775
1703,3.0,2,1961,9.364634429598164,Suburban,No,381272.0494676346
2327,4.0,1,1964,5.35078708844753,Suburban,Yes,461649.6054715321
2128,1.0,3,1988,5.980009309260496,Urban,Yes,474241.94875181804
1338,1.0,2,2013,4.930276462752436,Suburban,Yes,334045.75146570127
1782,5.0,2,2013,1.0149666896527059,Suburban,No,432536.7497228101
2438,5.0,1,1964,,Suburban,No,467236.06406279036
2175,5.0,1,2007,1.9148335837419523,Urban,Yes,553917.8195773443
2284,3.0,1,2016,3.9060908357887856,Rural,No,458094.7342698729
2191,3.0,2,1950,3.126118907151823,Suburban,No,382360.3130242201
2813,,1,1956,7.854773926427645,Urban,No,585079.7900018767
2118,3.0,1,1958,5.54317278830231,Urban,No,458151.29797733075
1806,1.0,3,1950,8.352948147327911,Suburban,No,335700.11386355653
1542,4.0,2,1954,6.721280631355375,Rural,Yes,313195.68030525633
2124,2.0,2,1996,6.906038608995887,Urban,No,521567.3624430901
2337,1.0,2,1959,8.886206884774232,Urban,Yes,236163.65167720674
1907,1.0,1,1951,8.624722472838265,Suburban,Yes,379694.43618511903
1897,4.0,3,1972,1.5696701663036459,Suburban,Yes,414495.85491901066
1317,5.0,1,2005,6.205140477922949,Urban,Yes,426646.591383438
1535,5.0,2,1968,4.717809844218284,Suburban,No,393039.82375638286
2404,5.0,1,1987,,Suburban,No,519467.3679303726
2115,1.0,2,1996,8.763755521384386,Urban,No,514575.15931279404
2050,1.0,1,2001,1.1084227804745235,Suburban,No,421980.29737359565
2153,3.0,1,1998,1.0987121880908228,Urban,No,484642.2730252515
2046,3.0,2,2020,,Suburban,No,458354.3427933491
2621,2.0,1,1972,8.873967298502953,Rural,No,471182.3902703299
2061,2.0,2,1999,4.1813368516073925,Rural,No,446325.91252165317
1270,3.0,1,1966,4.3410751216538275,Suburban,No,276785.2310093084
2815,1.0,1,1997,4.108629098375664,Urban,No,573552.3663528501
2185,4.0,1,1951,3.0786625634569504,Urban,No,402201.7032156163
1705,3.0,2,2018,1.349762734270721,Urban,No,434369.132268354
1373,1.0,1,2011,9.158622773762398,Suburban,Yes,391925.0286524149
2197,3.0,1,1962,3.0958669303061654,Rural,,369317.7900166878
1941,5.0,3,2010,9.045463611759965,Rural,No,470998.53929434717
2787,3.0,3,1960,9.601403242759709,Rural,Yes,500399.8678784167
1827,5.0,2,1976,6.189864833632091,Urban,No,441930.97740829305
1581,1.0,2,1984,4.350462608235015,Rural,No,336714.3292482478
2447,,2,1967,7.892175517849973,Urban,No,523271.3310034401
2462,3.0,2,2017,1.228446514559161,Urban,Yes,557282.2868847238
2084,5.0,1,2010,9.359802020361396,Rural,No,482614.75757460936
2338,4.0,1,1990,4.671246771454342,Urban,Yes,513291.2206263457
1981,5.0,2,1992,3.7774192789744507,Urban,No,458806.3483240004
2116,5.0,2,1998,2.1424145175424654,Suburban,No,469018.04472783004
2582,2.0,3,1960,9.59653287007026,Suburban,No,518052.75485261873
2312,4.0,2,2016,8.299269641184205,Suburban,No,493899.5580051398
1915,1.0,3,2000,7.515464478867344,Suburban,No,465574.3507840686
2676,5.0,2,2001,9.378681131278963,Suburban,Yes,586749.0634900043
817,4.0,2,1992,9.638480303567736,Urban,Yes,340573.05270566215
3026,1.0,1,2007,3.416022788260654,Rural,,569651.3326571014
1147,4.0,2,2019,8.078724679555634,Suburban,No,355448.2961416918
1686,2.0,3,1978,7.902831489217723,Suburban,,366467.26863079047
1979,,1,1980,6.0158457279763455,Suburban,Yes,397362.02374330664
1926,1.0,3,1977,,Urban,Yes,410672.9575395457
2503,5.0,2,1999,9.463109270902107,Urban,No,570316.5002376772
1471,3.0,1,1985,3.838439940831811,Suburban,Yes,307754.48731389106
2130,1.0,3,1968,6.209914278886572,Urban,No,458514.6470098629
1710,1.0,2,2016,1.1744224299368173,Rural,Yes,347444.5150052099
2147,2.0,3,1961,4.862304129988303,Suburban,No,467984.03636846814
1967,2.0,2,1973,6.552047418322768,Urban,No,443351.1688047641
2046,2.0,3,2014,4.428638311993985,Suburban,Yes,463901.66938254295
1725,5.0,2,1970,5.293956895705815,Urban,No,427764.37128058035
1744,1.0,3,1975,2.728226727731607,Urban,Yes,368702.77565141226
2143,2.0,1,1984,4.151995983649613,Suburban,Yes,476109.42548277177
2471,2.0,2,2007,7.510278619907358,Suburban,No,509616.4304767948
1700,4.0,2,1991,9.727407188057041,Urban,,473567.2860721395
1565,4.0,3,1978,5.219080615909814,Suburban,No,374923.43471879826
2306,2.0,2,1978,7.17441961879515,Suburban,Yes,512067.64461691095
1983,5.0,1,1958,9.785692181007418,Rural,No,415617.53725363093
2415,3.0,3,2021,7.973127284587083,Suburban,No,522751.9656609841
1547,4.0,3,1951,1.0911757323247016,Rural,,319734.98391828366
1110,4.0,3,1951,9.41986576842377,Suburban,Yes,308317.0841703727
1733,1.0,1,1967,8.799099029698656,Urban,No,392979.4097863182
1616,1.0,1,2018,3.440015911037753,Urban,No,399761.0042847544
1960,2.0,2,2006,2.633962474692358,Urban,No,417530.8043553103
1681,1.0,3,2020,9.093018330659618,Rural,Yes,421935.4813064865
2370,1.0,1,1972,7.198217243939921,Suburban,Yes,428166.7740046454
1855,3.0,2,1968,3.1329174755947644,Urban,No,413822.10115658207
2075,5.0,1,1968,7.4249363351288835,Rural,Yes,447197.5253068762
2078,2.0,1,2007,6.402023533059582,Rural,No,447805.8180636728
2097,3.0,1,1998,3.7829354768314585,Rural,No,416927.3127738503
1987,2.0,2,1994,6.010955664473349,Suburban,Yes,408095.57083847316
2255,5.0,1,1977,5.745407298828425,Urban,No,495701.800415039
1602,2.0,1,1999,5.587968518216263,Suburban,,360329.14258237544
2699,1.0,1,1960,5.6562989329739,Urban,Yes,541929.7914824238
1881,5.0,3,2004,1.003648196713021,Rural,No,439404.0979368831
1344,3.0,1,1958,3.4177007201723892,Rural,Yes,303168.33551698667
2094,3.0,3,1963,4.8778033302528385,Urban,No,441876.5153629241
1574,4.0,1,1970,2.145279891862565,Suburban,No,318630.6184944382
2332,3.0,3,1997,7.742480143484711,Suburban,No,527719.9664022889
3104,4.0,1,2007,8.621983177525554,Suburban,No,612982.8440731365
1606,1.0,3,2018,8.359949691001274,Suburban,Yes,393156.2696739338
2166,3.0,3,1958,5.136730683106176,Urban,No,468202.87558304647
1122,5.0,3,2016,7.216316844964682,Suburban,No,335193.64178656
2226,4.0,1,1967,1.6919753403278188,Urban,No,445006.28971504467
1557,3.0,2,1961,2.7945669759090515,Urban,No,353519.81913986604
1687,1.0,3,1965,1.422453174087045,Urban,No,363098.9231999394
1449,5.0,3,1986,9.688961995964412,Suburban,Yes,411890.4055622924
2366,5.0,3,1969,6.168812853326635,Urban,No,513861.55166157335
2503,1.0,3,1969,2.5771601764858065,Urban,No,467429.5130185304
2011,3.0,3,1964,7.367909097446995,Rural,No,368262.35323520994
1567,2.0,2,1974,5.4021591758036305,Suburban,No,337205.6256700365
2794,3.0,1,1966,4.90831867337634,Urban,No,537624.1185951775
1624,4.0,2,1961,,Suburban,Yes,424708.11856201437
918,4.0,1,1991,7.373854747664901,Suburban,Yes,278578.32638502755
2229,,2,1988,7.2159282552492705,Urban,Yes,516132.46998896543
1447,4.0,1,2005,1.875778302279063,Suburban,No,329208.56117339595
2494,2.0,3,2002,1.8282581703042404,Suburban,No,461729.4387205138
1809,2.0,1,2020,6.979899602364829,Urban,No,454757.017937371
2301,5.0,1,2021,2.40841479931107,Suburban,No,476403.2044809307
2700,,3,1996,5.079281215391294,Suburban,Yes,568912.117640801
1395,3.0,3,1974,6.128245764581861,Suburban,No,318685.2966006699
1717,,1,1999,4.4928155098036715,Urban,No,413586.37633721816
1962,2.0,1,1982,1.766391603608052,Suburban,No,383659.70991173934
2768,5.0,3,2023,7.6901573878951295,Suburban,Yes,636377.4823986243
1670,1.0,2,1978,8.965287785616656,Rural,No,372288.3312772459
1702,4.0,3,1952,2.455149922229748,Suburban,,317774.66146646946
2239,,1,1988,8.686932295509045,Suburban,No,482993.1289436758
1711,2.0,1,1953,8.09826356270759,Rural,,301732.74731131725
2076,5.0,1,1986,6.074742466993678,Urban,,502281.71118695365
3672,,3,1955,6.36490303495593,Rural,No,269868.79466811783
3107,4.0,3,1959,6.864113006467633,Suburban,No,602332.3800536165
1326,3.0,2,1961,5.722853182385741,Suburban,,293264.7469801238
1839,4.0,1,2015,8.599084578051588,Rural,No,453738.32314755145
1983,4.0,1,1952,5.266887979319925,Suburban,No,370463.1710249473
2956,4.0,3,2014,5.92347412815038,Rural,No,594509.4649946734
1337,5.0,1,2013,1.330888630817498,Rural,No,341262.741460479
2991,4.0,2,1984,2.6206270501436593,Suburban,No,584617.4864590099
2378,3.0,3,1973,9.134001881806252,Urban,No,498886.475256933
2208,1.0,1,1996,,Urban,No,446357.2098806241
1507,,3,2001,,Urban,No,401881.94692060945
2285,5.0,3,1983,6.723318841496169,Suburban,Yes,515190.1723882422
1638,4.0,2,1974,9.28111357564496,Suburban,No,395832.6924415344
2633,1.0,3,2018,8.328752856030505,Suburban,No,551683.7636577488
1514,5.0,1,1978,8.78755114203907,Suburban,Yes,376422.3487798874
1943,2.0,2,2013,5.719446134508683,Suburban,No,450565.30149255943
1722,2.0,3,2002,8.427684745137238,Rural,No,372563.5268341183
1506,2.0,1,2007,5.144749841343232,Suburban,,338212.4885054604
2370,1.0,3,1990,1.3975563433228406,Rural,No,414807.86046465806
2267,3.0,3,2000,,Rural,No,456104.46056641545
2604,1.0,2,1967,7.556078941390876,Suburban,No,472974.06605612126
1110,1.0,2,1990,1.913938547604878,Suburban,No,260836.32329318076
2532,1.0,2,2010,8.343162593374647,Urban,No,534589.7486408789
3252,2.0,2,1973,1.6765640463442444,Urban,Yes,630552.792007559
1774,3.0,1,1996,4.974527065668371,Suburban,No,394380.3046882588
2947,1.0,3,1977,5.39131347245255,Urban,Yes,580359.9159641118
1868,3.0,2,1985,1.3308121816725507,Suburban,Yes,406723.64311520476
1313,4.0,1,1970,1.5922410039774362,Suburban,No,271449.8578716155
5541,1.0,2,2005,5.055797484460163,Rural,No,377417.8876402442
2524,1.0,3,2018,3.801319235854249,Rural,Yes,492341.78249300725
1580,1.0,2,1975,8.343169888704356,Rural,No,319069.7765920516
1699,4.0,3,2003,4.7246932843771035,Rural,No,381349.61015781725
2296,4.0,3,1993,1.9497436786211026,Rural,No,438675.6593941524
2001,,1,1982,2.4209066936084245,Rural,No,352085.44855831546
2292,5.0,2,1975,7.061257390109659,Suburban,No,483016.7265149748
2118,3.0,2,1971,9.55058770001636,Suburban,No,445508.73486784654
2239,5.0,3,1969,8.82637580144381,Suburban,No,507677.4858880265
1783,1.0,2,1951,2.165448956254663,Suburban,No,326441.05181815405
2115,1.0,3,1990,1.1473131696630068,Suburban,Yes,378012.4137988249
1536,2.0,1,2003,1.2379489593677837,Suburban,Yes,330390.51589465956
2644,5.0,2,2006,5.993635727883612,Suburban,No,561965.591971752
1682,1.0,3,1967,5.37307885095693,Urban,No,373824.6037161404
2564,5.0,2,1954,1.1205693615154964,Urban,Yes,512504.6641272589
1883,2.0,2,1995,,Suburban,Yes,391087.1777367484
2100,5.0,1,1970,,Suburban,No,459756.8598487914
1752,3.0,3,1971,9.684471115346833,Rural,Yes,416994.2876418873
1492,2.0,1,1952,2.1405224156731024,Suburban,No,301588.9709837998
1127,5.0,1,1958,2.4768990625601264,Suburban,No,266119.4919713725
1472,1.0,1,1951,9.10146573459696,Suburban,No,308398.2522526982
1838,4.0,3,1977,5.566954709794084,Urban,No,417055.89680563816
2105,4.0,3,1983,9.621782916747014,Urban,No,485948.0282530409
2505,2.0,2,2002,5.68305775629856,Suburban,Yes,503425.0759210443
1777,4.0,3,2008,6.195016777382532,Urban,No,458674.5551837444
1559,3.0,1,1959,2.98122309896082,Urban,Yes,316469.03382387577
1278,2.0,3,1951,8.884683121744711,Suburban,No,291162.4267188394
2240,1.0,2,1997,8.425023503590712,Rural,Yes,470623.53572666185
2691,1.0,1,1955,4.0368078384530754,Suburban,No,481598.606843186
2633,2.0,2,1993,6.511357212075978,Urban,No,547529.4118809882
2354,4.0,3,2003,4.072981103860493,Suburban,Yes,482741.44381547684
2319,4.0,2,2020,5.175714509697242,Suburban,Yes,512315.19864673837
2848,1.0,2,1985,8.6819611036277,Urban,Yes,601496.667086525
2166,3.0,3,1957,4.738798312787747,Suburban,No,383704.0177562277
2323,4.0,2,1959,,Urban,No,497394.00696510787
1839,3.0,3,1982,9.641127241966167,Rural,Yes,415672.18435037276
1318,4.0,1,1968,4.747096597116847,Urban,Yes,368044.9346021459
1658,2.0,2,1967,,Urban,Yes,399663.49926156306
1995,5.0,1,2000,3.7358501383629656,Urban,No,464314.7490419766
2030,1.0,3,1972,1.0257794047224977,Urban,No,359948.7771735935
2963,2.0,3,1950,1.7604227364044576,Suburban,No,521249.587517608
2040,4.0,2,2008,7.633911763511531,Rural,Yes,442948.0777229104
2589,1.0,2,1952,1.9016363417063096,Rural,Yes,413691.2543290703
1782,5.0,3,1959,9.452438521177276,Suburban,Yes,428016.9142337927
5532,,3,2020,8.799216247958164,Suburban,No,444373.8899740072
1335,,1,1998,5.633659233296905,Suburban,Yes,378907.4512864165
1628,1.0,1,2005,6.233590447908756,Suburban,Yes,402519.3706227214
2263,4.0,2,1965,,Rural,No,427865.43683775637
2003,5.0,2,1988,7.58355443305024,Rural,Yes,449654.801116667
2471,2.0,2,1993,5.4208601898232,Rural,No,432666.9175245994
2090,2.0,2,1957,3.820601201795737,Rural,Yes,369571.39530791505
1823,3.0,2,1957,9.192159596224448,Urban,No,431446.67223291984
3074,5.0,2,1994,1.4191171372628246,Suburban,No,610422.3877180076
1953,5.0,2,1960,4.204758428088785,Rural,No,370262.89893360366
2581,4.0,2,1974,6.998551993282021,Urban,,538220.1824477708
1799,3.0,1,1966,9.01964331691008,Urban,No,411013.4174230307
2354,3.0,3,2004,1.6680175029367867,Rural,,416154.39438027964
2464,1.0,3,2005,6.930589266329574,Urban,No,525337.3333774222
2104,4.0,2,1993,5.383693497239372,Urban,No,485845.2765544037
822,,3,2002,7.17840016477778,Suburban,Yes,314486.7610378282
2009,1.0,2,1984,3.854822978486659,Suburban,Yes,435467.06544162234
2615,3.0,1,1988,7.396311538842066,Rural,No,528236.4197032898
2263,2.0,2,1951,2.622355316652587,Urban,No,462975.02392776497
2222,5.0,1,1974,7.978596143613513,Suburban,No,491811.34906126896
1138,,1,1987,7.744143382115395,Suburban,No,299913.34527166974
1639,3.0,1,2017,9.521079966853613,Urban,Yes,446943.70587557467
2205,5.0,2,1981,2.559015216476803,Suburban,No,452445.8512279985
2205,3.0,1,1990,7.497986683923182,Suburban,,438813.63979628077
2607,2.0,2,2020,3.903850399934085,Urban,No,591446.0553190619
1927,1.0,1,1956,3.536711522289774,Suburban,No,343670.1372198064
2202,2.0,1,2021,4.6143605115325155,Suburban,Yes,495423.2750892184
2008,4.0,3,1967,3.566814066164862,Suburban,No,436746.4884623382
1506,4.0,2,1966,3.233741685977379,Urban,No,377173.0707253616
872,3.0,3,2008,7.915467187153166,Urban,No,316208.42666897905
2215,2.0,1,1960,7.29553154890557,Suburban,No,381490.3279118391
2086,1.0,3,2000,1.9842264675527774,Rural,No,407417.5900959974
1690,4.0,1,1956,6.041632836432829,Suburban,No,363957.20609200554
1190,1.0,3,1976,3.9790238884113776,Suburban,No,282446.0190544945
2314,5.0,3,2008,9.739311782483993,Suburban,No,527685.3245202175
1867,3.0,2,1986,4.825384882946487,Suburban,No,372259.2425476639
2278,1.0,2,1954,1.365163089187627,Suburban,No,374547.5181085855
2932,3.0,3,2011,,Urban,No,629085.0313948892
929,,3,2021,3.8143696437048917,Suburban,Yes,348305.8472935653
1650,1.0,2,2023,1.0507127985746985,Suburban,No,389633.85046410013
1895,1.0,1,2004,5.390040637795488,Suburban,No,411119.7230726029
2727,5.0,1,1965,9.152165205997392,Suburban,No,529632.0840840982
1181,2.0,1,2023,8.220819166419318,Suburban,No,340837.51654539834
2967,1.0,1,2005,7.161881070579855,Suburban,No,552933.3717616436
2067,1.0,3,2000,4.091812308994279,Rural,No,398395.6361344297
1951,4.0,1,2017,3.0876735907256636,Suburban,Yes,466798.21255274216
1900,2.0,3,1995,4.083548707709406,Suburban,,389906.14017672656
5343,1.0,3,2010,2.1075340954959287,Suburban,Yes,396763.5662418991
2524,5.0,1,1982,1.8953963880683888,Urban,Yes,570339.3664031496
1465,3.0,1,2004,6.170794720133565,Suburban,No,409064.76225622126
2172,5.0,1,1967,8.325945002651167,Suburban,No,475578.78798756015
1807,2.0,2,1961,1.8945171158948042,Urban,Yes,357210.9829295605
1618,4.0,3,2023,4.016683913183509,Urban,No,452074.4518874354
3292,4.0,1,1970,2.104786825069999,Suburban,Yes,598686.7422864214
2209,4.0,2,2022,3.794326544365873,Suburban,No,482627.32411429303
2306,5.0,3,1975,8.472370096890554,Suburban,No,483146.22990508546
2568,3.0,3,1970,1.3136209911186083,Suburban,Yes,470594.2119773566
1289,3.0,3,1971,6.824922796701711,Suburban,No,325935.86106498673
2876,1.0,1,2004,1.5385293568104692,Rural,Yes,539745.7273456148
745,3.0,1,1995,4.838913186952091,Suburban,No,250991.5322038234
1615,3.0,3,1990,5.266475368105155,Urban,No,388651.375426185
1770,1.0,3,1954,4.613590346303374,Urban,Yes,373645.6344202261
2290,5.0,2,1993,6.736469260868554,Rural,,522606.92171750363
2109,5.0,2,1965,9.762970466917677,Suburban,Yes,455079.0721605237
1916,2.0,3,1984,3.4056982387894634,Suburban,No,395005.7123440917
1994,5.0,2,1954,6.487921273811831,Suburban,No,396347.099773829
1510,4.0,3,2011,4.194806936456295,Suburban,No,382351.0465781739
1251,4.0,2,1975,9.995506067887167,Suburban,No,314898.1011395426
2363,2.0,3,2010,9.558971264167981,Urban,No,541377.2311257013
2346,3.0,1,2000,1.8406258480427855,Suburban,No,481799.00401848304
2792,2.0,3,2018,9.76236387643409,Suburban,No,578623.0410066928
1604,1.0,1,2005,7.6444421784758365,Suburban,No,381893.1363599826
2346,2.0,3,1999,9.93110221278091,Urban,No,510223.44223916484
1858,2.0,1,1985,,Suburban,Yes,424938.8113399527
2595,4.0,2,1973,2.1604018632282758,Rural,No,446249.5676602413
2510,1.0,1,1979,7.75421870051669,Suburban,Yes,485209.5512962223
2105,1.0,2,2018,7.539648542037815,Suburban,No,467026.0287325914
1830,2.0,3,1997,2.5006219898639594,Rural,No,387049.5290767705
2480,1.0,2,1971,7.7785551196573,Rural,Yes,460791.69091243687
2323,1.0,2,1982,7.0729533763073045,Rural,No,432033.9692272905
1657,5.0,2,2018,9.94999600586638,Rural,No,406835.75628013036
1336,1.0,3,1999,6.568656130306106,Rural,Yes,333724.5691855023
1855,3.0,1,1972,4.731486467289438,Urban,,450150.7172599775
2757,1.0,2,1959,9.58523539906815,Suburban,,486280.2976077145
2573,4.0,3,1985,6.650573793481964,Suburban,No,515918.35847292497
1443,5.0,2,1966,4.1376889897877405,Urban,No,365388.13168780395
1416,4.0,1,2002,1.1894110167921703,Urban,No,401528.5026900283
2637,4.0,2,1957,7.809756115814615,Suburban,No,524527.0162942517
1432,3.0,2,1993,2.0757356368077513,Suburban,No,310745.36061821686
2254,5.0,2,2010,9.31302444104155,Rural,No,483617.2335830941
1691,2.0,1,1955,9.652525061448767,Urban,No,389153.3688711928
2808,1.0,1,2020,3.1277921364184866,Urban,No,559365.0400615495
1614,3.0,3,1986,2.015248386283268,Suburban,No,332354.22720223066
2571,3.0,2,2003,6.357880280003672,Suburban,No,504213.3082593792
2092,2.0,2,1972,2.923586184799844,Suburban,No,421803.6084062811
2126,3.0,2,2006,,Suburban,No,449109.52670071815
1014,2.0,2,2000,4.727841895234848,Suburban,No,232905.4217051012
898,2.0,1,2007,8.128228379298562,Suburban,No,252200.4942158548
1889,2.0,1,1968,9.998753825874143,Rural,Yes,386616.1941032924
2123,3.0,2,1976,5.111240175685878,Suburban,No,438001.4860468067
1437,2.0,2,1974,,Urban,No,365839.4540232212
1455,3.0,2,1970,4.076247723310449,Suburban,No,319698.48380912957
2280,5.0,2,1974,8.762513330797656,Rural,Yes,502111.60115263273
2281,2.0,3,2000,1.332573809004882,Urban,Yes,521965.68120110146
1931,3.0,3,2020,5.441701464242664,Suburban,,482536.0081307346
2390,3.0,2,1984,2.590978936935284,Suburban,,497916.37685255357
1412,3.0,2,2019,2.591590190731168,Suburban,Yes,383752.3802905536
1822,1.0,2,1999,5.796961464632444,Suburban,No,344120.9748789988
2823,1.0,3,1964,3.7701918443635534,Suburban,Yes,532268.7965889126
2034,2.0,1,1973,5.131045110746337,Suburban,No,398413.7989215664
2063,5.0,3,1998,3.75093942316956,Urban,Yes,513544.96157737117
3152,2.0,3,2017,5.095620536342207,Suburban,Yes,641885.0787689958
1300,4.0,2,1956,3.573281514758715,Urban,No,341639.86387390294
2398,4.0,2,2003,8.231961629905822,Suburban,Yes,527559.0082918659
2831,5.0,1,1987,6.020452919243914,Suburban,Yes,575106.4984748212
1837,5.0,2,1994,2.452900010694612,Urban,No,436869.5180831187
2429,5.0,2,1958,1.07612281488532,Suburban,Yes,485344.6312091621
1508,1.0,1,2004,1.1574499336863506,Suburban,No,341502.89616191154
1656,1.0,2,2001,4.795210962766493,Suburban,No,346391.5433924677
2192,4.0,2,1998,3.827067835735546,Urban,Yes,537977.3569936565
2399,5.0,2,2004,3.3590006143411477,Urban,,565212.3590834575
2560,3.0,3,2019,,Suburban,Yes,558410.4088819645
2784,4.0,2,1952,8.318785718215537,Suburban,No,520051.70334726555
1966,5.0,3,2017,1.5704189639484745,Suburban,,476816.9123266292
2596,3.0,2,1987,1.989762407180902,Suburban,No,496099.6056766963
1828,5.0,2,2019,4.318714322148047,Urban,No,452909.45254476415
2451,2.0,3,1998,4.973378844155025,Urban,Yes,535958.8518456867
2103,3.0,3,1957,4.55707105957719,Suburban,Yes,393527.82466577226
2222,2.0,2,1994,6.747729464842543,Urban,No,475872.01833098195
2211,1.0,1,1978,1.7849377381296514,Rural,No,408242.139322294
1197,4.0,2,1998,5.452553675679872,Suburban,No,362963.18377730896
1437,5.0,3,1973,8.305700699645607,Rural,,357281.0769040899
2051,4.0,2,1970,9.356132587873994,Urban,No,471935.41614564264
1156,5.0,2,1972,6.043386558561585,Urban,Yes,366827.590651932
2415,2.0,3,1977,2.2458185220150786,Suburban,No,483180.2503139753
2435,3.0,1,1981,7.547254412145994,Urban,No,500518.7842370057
2163,3.0,1,1971,8.166984148664032,Suburban,No,427280.3450968415
1439,5.0,3,2011,2.76661910176958,Suburban,No,392914.7685707536
2690,2.0,3,2016,7.097544709013646,Suburban,Yes,567262.8836361389
3018,5.0,2,2022,9.37463259972099,Suburban,No,645376.970103404
2073,5.0,3,1955,7.4695769610831375,Suburban,No,393473.60080720176
2255,5.0,3,2014,4.740112039850564,Rural,No,503964.9014604053
2100,3.0,2,1971,4.984866926477618,Urban,Yes,461509.89094254817
2265,5.0,2,2000,1.7160097618187837,Urban,No,537135.3777473433
1940,3.0,2,2017,5.73503157591928,Urban,No,465504.5717861017
1982,1.0,1,2006,,Urban,No,477775.9753797082
2452,2.0,1,2021,9.806469373472892,Urban,No,567478.1948540066
3172,1.0,3,2004,4.593733969544665,Urban,Yes,625844.7791489415
1299,5.0,2,1991,4.918307331598818,Suburban,No,332759.2387206583
1948,,3,2001,1.492875043586451,Urban,Yes,455215.49307027477
1409,2.0,3,2010,7.9760908549032985,Urban,No,389883.8544452668
2796,4.0,1,1968,7.449919743939837,Urban,Yes,590723.0621227428
1706,2.0,1,1950,4.626330801182544,Suburban,,350358.42653992824
1278,2.0,3,1990,7.383482273506398,Suburban,No,302789.5593781411
2319,5.0,2,2012,6.607228808773352,Urban,No,555409.0118972263
2872,1.0,1,1997,7.920936786929541,Suburban,Yes,557478.9715043732
2331,1.0,1,1981,3.827284259446952,Suburban,No,423930.94626665476
2102,4.0,1,1999,6.857368449492279,Suburban,No,479967.5042858782
2204,5.0,3,1963,6.630591945558034,Urban,No,512919.71843168413
2707,2.0,1,1966,1.814412790348404,Rural,No,438355.28361955757
1562,1.0,2,1979,3.528574996791607,Rural,No,304669.19195403514
1944,,1,2000,8.741806637059188,Suburban,No,410881.65555241285
1773,,3,2011,2.4051889780348534,Suburban,No,390541.784529992
1416,2.0,3,1973,4.416074603916888,Suburban,No,323099.81393804814
1835,5.0,3,2012,3.027121968830898,Suburban,No,453190.87285114516
2553,1.0,3,1963,2.2616687696595275,Rural,No,456372.340168902
2283,5.0,2,1983,2.2277021016661296,Urban,No,523203.7512277857
2322,2.0,3,2008,4.131597460057122,Suburban,Yes,515106.07602187427
2073,2.0,1,2014,8.231261309091693,Urban,,489182.5499699857
2261,1.0,2,1982,9.696843013729906,Urban,No,527101.9640547936
1599,4.0,3,2007,6.146528476291985,Rural,No,360751.8913606327
1845,5.0,3,1967,6.717018604446387,Rural,No,409901.53338815476
2096,5.0,2,1961,8.008694620815362,Suburban,No,451439.9088353227
2138,3.0,1,2023,6.9562103641972,Rural,No,487205.07612948254
2160,2.0,2,2015,8.63489504360599,Suburban,No,506387.6943077382
1930,2.0,1,1951,8.956463056502994,Rural,No,343099.41169991565
1811,1.0,1,2019,6.649372355592949,Suburban,No,413041.449602027
3578,1.0,3,1977,5.797564502346437,Suburban,No,630099.0715918752
2453,1.0,2,1991,4.519461356137745,Suburban,Yes,449345.72021250805
2206,3.0,2,1952,5.1542259573091735,Suburban,Yes,420046.2911700475
1883,4.0,3,1997,4.109121530303554,Rural,No,394823.37962053734
1774,1.0,3,1962,4.842696963939863,Urban,Yes,417576.20824287477
1934,1.0,1,2006,9.097388709421068,Suburban,No,427468.56786528125
2146,1.0,3,1952,9.751347028337598,Rural,,426169.54479197174
1059,3.0,2,2012,4.253804718812198,Suburban,No,321758.1067165616
1215,5.0,3,1987,2.985310439980127,Urban,No,355962.7670441722
1681,4.0,3,2008,1.7037152217367648,Suburban,Yes,400490.53776522615
2103,5.0,3,1977,8.532378679344552,Suburban,No,463495.7204255589
1880,2.0,3,1975,,Suburban,No,394372.0744714373
2739,2.0,3,2014,5.054249029217406,Rural,No,562298.5365154329
1258,1.0,1,2023,5.881760307051953,Urban,No,338333.1436962949
1624,5.0,3,2023,7.658391213301469,Urban,Yes,481397.12510420085
2760,3.0,3,2010,4.382673722379211,Rural,No,537361.2489578405
2065,4.0,2,2006,2.813411313966704,Rural,Yes,489993.7268618119
2442,5.0,3,1950,2.032147045984328,Rural,No,464237.2100786557
3025,5.0,2,1981,3.1171708145899415,Urban,No,606659.7131562545
1653,4.0,2,1981,6.808006240130019,Suburban,No,367031.55367426836
1950,5.0,2,1976,4.129165277661723,Urban,No,432039.888219089
1863,5.0,2,1962,8.809330003586782,Suburban,No,440570.3347527996
1022,4.0,1,1966,1.7879001803814396,Rural,No,214134.31467856083
1844,3.0,1,1977,4.747329168324368,Suburban,No,376250.17897033476
2440,4.0,2,2001,3.312661867081967,Suburban,No,517625.6577168745
2270,1.0,1,1985,8.989271655138719,Rural,No,434317.12745652045
2309,1.0,1,1996,8.255923263074568,Rural,Yes,450837.2763925293
1812,1.0,3,2015,9.858776645010863,Suburban,No,434459.9941013202
1671,1.0,1,1981,2.0734555445019427,Suburban,Yes,359480.0079860825
2634,2.0,2,1981,8.040192565897073,Suburban,No,498773.7068999029
1751,3.0,2,2019,2.132754292736824,Urban,Yes,434263.97342763375
2147,,2,2004,2.395212174066149,Suburban,Yes,479998.42359785154
2081,5.0,2,2022,1.3527209346370404,Rural,No,452183.9427175869
2730,5.0,3,1989,5.182370822530514,Suburban,No,544489.6391734699
2485,4.0,1,1977,2.1329354912422227,Urban,No,487948.5002831394
1352,1.0,2,1980,4.135153941232939,Suburban,Yes,332623.11803330126
1406,4.0,3,1980,3.485793773333068,Suburban,No,320464.08732095006
2289,5.0,2,1975,9.787193505942215,Rural,No,499050.6444581939
1967,1.0,1,1953,6.924365854837252,Suburban,No,376725.7727795047
1772,3.0,3,2007,4.694104728310675,Rural,Yes,396240.36148496554
2507,5.0,1,1972,8.906083591182544,Suburban,No,509898.0833771232
2093,4.0,3,2018,1.5746014887822608,Rural,No,433817.6198816137
2026,4.0,2,2009,4.008319679490495,Suburban,No,454459.4391393911
2389,5.0,2,1992,5.631334937673542,Urban,No,561949.7287886956
1812,2.0,1,1975,1.4848804080221023,Suburban,Yes,371353.07396254
2784,3.0,1,2016,2.3127290342633664,Rural,No,508845.7501049682
1605,5.0,3,2017,9.055427912170938,Suburban,No,464013.77885872585
2328,,1,2004,2.616633895812432,Suburban,Yes,549856.9056049022
2716,4.0,1,1996,9.294912110407124,Urban,Yes,589713.1769700131
1311,,2,2008,1.8646305551305695,Suburban,No,269529.13691347203
1828,1.0,2,1965,8.99393468229135,Suburban,Yes,389870.3014967031
2571,1.0,2,2007,5.083404643974838,Urban,No,538495.893585118
7734,4.0,2,1950,6.159388553772012,Suburban,Yes,516645.7396108514
1914,1.0,2,1994,3.5346007290715633,Suburban,No,391323.72651642136
1632,5.0,2,1955,3.460057364172343,Suburban,No,336052.63447153725
2477,2.0,2,2001,5.42920103207516,Suburban,Yes,497635.63241869846
2591,2.0,3,1968,4.202265768127299,Urban,Yes,527224.1437290558
1417,,2,1992,1.6992669959408442,Suburban,,332926.03312637535
1398,1.0,2,1968,4.183149141223456,Suburban,No,277950.6181093766
2112,2.0,2,1988,3.292355689137143,Suburban,Yes,447354.5682621457
2314,1.0,2,1981,8.646755514023443,Suburban,No,450314.31132927316
1850,5.0,2,2014,8.54675535419997,Urban,No,480476.684043104
2339,5.0,1,1996,2.2733149562607524,Suburban,No,501643.46221442596
1644,4.0,1,1962,7.57062219566521,Urban,No,415737.9849388356
942,4.0,2,2023,5.057549500693328,Suburban,Yes,328626.08817660384
1788,3.0,2,1985,8.816558005792011,Urban,No,417560.5573422914
2031,5.0,2,2019,3.4659012237051576,Suburban,No,458255.27663770673
1862,,3,1976,1.7930502855057555,Suburban,No,330034.5039340234
1420,,2,2021,8.204472754369192,Suburban,,394972.7238611387
1092,,3,1973,8.815224803473672,Urban,No,341815.8530878052
1742,1.0,3,1969,8.564600238553329,Urban,No,398069.35243857244
2448,,2,1958,3.9636965602772367,Suburban,No,488493.2019180607
2628,5.0,1,1988,1.277787646042813,Suburban,No,496255.65393969417
2593,1.0,2,1950,2.2565397697682217,Urban,No,483977.17452226277
1592,5.0,2,1960,9.274319841279569,Suburban,,400045.01403092395
1423,5.0,1,2023,4.276622827404662,Suburban,No,357364.9571722046
2248,5.0,1,1950,8.921874958488523,Suburban,No,469530.4330665482
2317,,2,1993,9.827318248375345,Urban,No,545051.6006858799
2200,2.0,2,2000,4.56142366237391,Suburban,No,465582.41164204007
992,5.0,3,1966,7.988014410627315,Suburban,No,299226.452567461
1566,1.0,1,2015,2.5220301168528514,Suburban,No,336360.86722762755
1985,5.0,3,1972,4.453739057755939,Rural,No,422782.2200321679
2243,4.0,3,1990,7.346642540263981,Rural,No,457537.6890612887
2383,4.0,3,2008,2.8639932707141824,Suburban,No,516139.75740509486
2072,5.0,3,2023,3.878163397864975,Suburban,Yes,531721.2818702827
2165,3.0,1,1974,6.074446358169644,Urban,No,441362.22124496
2042,2.0,1,1966,7.220905028676406,Urban,No,418954.1994076306
2342,1.0,1,1968,4.211909724703567,Suburban,Yes,424274.16162922495
2156,1.0,2,1995,4.391236380225838,Rural,No,416178.05626529496
2032,1.0,3,1984,1.9888139178933009,Suburban,No,407858.8466412612
1865,1.0,2,2023,9.85655859540159,Rural,No,417016.1776248373
6120,4.0,1,1972,6.510125167941954,Urban,Yes,456780.9313154767
2242,2.0,1,1993,5.772948089431355,Urban,Yes,524462.4495699941
2133,5.0,2,1958,2.9021795069275687,Urban,Yes,485710.6798889535
2190,5.0,3,1981,5.392272759905484,Suburban,No,437975.6595541817
2671,3.0,1,2008,5.025800405934568,Urban,No,568377.9239833825
2132,5.0,3,1991,3.3270312294182474,Suburban,No,450297.944959216
1675,2.0,3,2011,5.016470371827077,Urban,Yes,442265.5689431704
2441,5.0,1,1968,2.8317721787835337,Urban,No,516561.6948336144
1316,4.0,2,1984,,Rural,No,333491.58266924345
1459,5.0,3,1957,9.179066220399836,Urban,Yes,396102.8480453865
2167,1.0,2,1992,1.0233008244222952,Suburban,No,409439.24532945437
2258,,3,1994,6.006307816511525,Urban,Yes,499737.8925594836
1377,1.0,3,1955,7.590873874665388,Rural,No,257747.8292315972
1808,1.0,1,1962,9.16476219694768,Suburban,Yes,373813.6203469286
1696,4.0,2,1960,4.225786161389915,Urban,No,359574.6915395353
1756,4.0,3,2019,9.164366413656786,Urban,No,481504.8031680889
2471,4.0,2,2018,8.429973614668029,Rural,No,517454.94980245316
2353,5.0,3,1956,5.726931696311588,Suburban,Yes,493353.2384995896
1990,1.0,2,2004,3.3124872632557416,Suburban,No,422092.54711098975
1727,3.0,2,2004,6.875347879546086,Urban,No,402831.54286987823
1325,3.0,1,1968,3.3450260810623167,Suburban,No,289601.49934833974
2710,1.0,3,1955,4.1396190384709115,Urban,No,537477.7940123637
2296,2.0,3,1958,5.202902720400971,Urban,No,456822.6839715908
1646,5.0,3,1969,5.4817811837889385,Urban,Yes,391900.18660127267
2359,3.0,3,1974,2.702323589099242,Urban,Yes,484558.81326503627
1964,4.0,1,1999,7.2442204462209325,Rural,Yes,446036.79119735915
1856,2.0,1,2021,9.927245424250303,Suburban,Yes,470541.2692132137
2217,4.0,3,1999,3.1948338500507405,Urban,No,489971.72415120096
1629,2.0,2,1987,5.990858689801532,Urban,Yes,410245.81469127355
1828,2.0,1,2015,5.092440062954675,Urban,No,459108.28390332573
2060,5.0,2,2006,3.770009982556004,Suburban,Yes,478893.41773363494
1750,4.0,2,1971,4.778022213495312,Suburban,,388139.45500476536
2334,4.0,2,2005,7.5945021334158636,Suburban,Yes,535290.0350791895
2934,3.0,3,1985,4.732656022458842,Suburban,No,566429.404887372
1622,1.0,1,2000,5.560861517404536,Suburban,No,323570.857266512
1167,,3,2017,5.2951543086924,Suburban,,332850.2241872647
999,3.0,2,1950,5.997072122640321,Rural,No,167206.21097173326
1924,2.0,3,1997,3.6207278133878504,Urban,No,440388.0566026174
1668,3.0,2,1982,5.587317122543425,Rural,Yes,345821.9799425739
6309,3.0,3,1973,2.213571278741483,Suburban,No,410206.1153239035
2066,4.0,3,1998,7.672458026381162,Suburban,No,476020.12766448245
1198,3.0,1,2018,1.9983200961095418,Urban,No,384926.1955228734
1092,2.0,1,2007,8.064633009476966,Urban,No,323822.45283202664
2147,1.0,2,1997,8.429865180756677,Suburban,No,445684.89546131255
2067,5.0,2,2006,1.1715613708322894,Suburban,No,462572.7410766244
1787,3.0,2,2013,8.477552196598449,Suburban,Yes,421522.2389840751
1171,3.0,3,2002,6.83352167491004,Rural,No,327358.4739312244
2235,4.0,2,2009,1.872185369791123,Suburban,No,477873.2334344428
2635,4.0,1,1992,9.981283326767981,Urban,,598497.362320355
2138,3.0,2,1990,6.539201228805679,Suburban,Yes,486940.764915033
1576,3.0,2,1975,4.6077164835554845,Urban,No,357675.64788449905
2022,2.0,3,2008,8.966929998779817,Urban,No,477750.277945331
1316,1.0,1,1998,1.3746080003608148,Rural,No,264582.40254831023
2528,1.0,2,2013,7.456085798300382,Suburban,No,498705.4069138785
2040,5.0,1,1954,2.293534771979745,Suburban,Yes,427796.9747474328
1115,1.0,2,1993,5.972503148159998,Urban,No,296158.5018666404
1849,5.0,1,1967,1.8634771592621093,Urban,,411801.30739505927
2231,,2,2006,7.1123117048259745,Suburban,No,487619.6527499358
1833,5.0,2,1989,5.184355713798424,Urban,Yes,458307.6538564213
1862,5.0,3,1995,1.060309574634228,Suburban,No,395854.16155000764
1387,1.0,3,2007,1.6425830232330458,Suburban,No,305189.47697895666
2283,3.0,1,1973,7.32735140350246,Rural,Yes,440039.2192668298
1675,,1,1977,4.595120242920119,Suburban,,373554.5988393107
921,2.0,1,1995,7.049376011415133,Rural,No,232182.04007935675
1814,5.0,1,2017,4.508593141223452,Suburban,,435057.87042102433
2490,5.0,3,2021,4.255191849365153,Suburban,No,518207.8794801151
1806,5.0,1,2003,8.694226201357866,Rural,Yes,428622.6881481748
2868,3.0,2,1982,8.693268806512958,Suburban,No,575569.0772656231
2214,2.0,2,2016,9.278045454445206,Suburban,No,471820.30391682975
2169,1.0,2,1984,8.40719098663329,Urban,No,496227.0804765344
1935,4.0,3,1988,2.146889833256801,Rural,No,360957.58277476265
1965,3.0,1,1996,1.598435082447932,Urban,No,403709.1156583141
1868,2.0,2,2020,1.5257610677843711,Rural,No,352854.5338166043
1848,4.0,2,1954,9.821856385344063,Suburban,No,420677.2342250237
2265,1.0,3,1986,5.510365592110157,Urban,,471147.42098404205
1532,4.0,3,1950,2.0365290490696544,Suburban,Yes,358495.2087697106
1462,5.0,3,2005,5.898657474168636,Suburban,No,356109.1960251006
1438,5.0,2,1956,7.392668723560517,Suburban,No,386694.8663290306
3022,,3,2013,1.8504127627171436,Urban,No,603304.5279468795
2265,4.0,2,1957,4.11763584424207,Urban,Yes,477407.51252933266
2152,5.0,1,2013,2.6904167041949774,Rural,No,450317.28591930785
1471,3.0,2,2006,9.778878722345931,Urban,Yes,435673.6068497812
2311,3.0,1,1977,3.864056709575509,Suburban,No,448931.63144942105
1941,3.0,2,1975,7.21454583238503,Suburban,No,413085.85655280494
2107,1.0,1,1983,9.265904406957723,Suburban,Yes,467559.04912775586
1511,5.0,2,1971,8.768692296926,Urban,Yes,406820.69657732855
2080,5.0,2,1969,4.54576657673422,Rural,No,403479.53779544804
1788,2.0,2,1963,3.7982081853971126,Suburban,Yes,394039.2749014141
1617,1.0,2,1972,8.283232456070706,Rural,No,328626.88816602126
2367,5.0,3,2016,2.846422971575232,Urban,Yes,553540.4917757955
1231,5.0,2,1968,7.455890396852083,Rural,Yes,328853.02109821135
2282,2.0,2,1988,8.51757851315653,Suburban,Yes,484322.11518834764
2342,4.0,3,1986,8.642983257531537,Suburban,Yes,557396.6783540744
1560,4.0,3,1950,1.0802568795988348,Suburban,No,295381.84837954125
1589,1.0,3,1968,5.498836541244369,Suburban,Yes,350026.3963717169
1888,3.0,3,1964,4.218317625220315,Suburban,No,362888.54635357985
2141,,3,1950,9.809739237891211,Rural,Yes,416643.29410380777
1923,2.0,3,1980,5.896683935030273,Suburban,No,388449.1413386446
2216,5.0,3,2001,4.84698992852265,Suburban,Yes,507719.1400760164
2881,5.0,3,1992,3.1992721084808333,Suburban,No,567282.8270506873
1746,2.0,3,1995,,Suburban,Yes,403478.2253910446
1142,3.0,3,1999,3.87433883831387,Rural,Yes,279285.396931061
2412,4.0,3,1969,,Rural,Yes,493594.3755998741
2841,1.0,1,2011,9.024471791241812,Suburban,Yes,574980.9808267473
2196,4.0,2,1992,1.523570627428413,Rural,No,441598.8726233329
1456,1.0,2,1954,5.5898791153305325,Rural,Yes,263755.33085698355
1938,3.0,3,2015,4.783364971814317,Urban,Yes,494673.0276165798
1440,2.0,3,1961,4.537970984367073,Rural,Yes,305278.79388431495
2321,3.0,1,2006,4.343208324097343,Rural,,494488.0333101537
1324,2.0,3,2009,,Suburban,No,345282.18766434514
1849,5.0,1,2004,2.1718113861641744,Suburban,No,425889.5454819976
1497,1.0,2,2020,8.841591946764535,Urban,No,378162.75553894904
2063,5.0,2,2015,6.021846275013051,Urban,No,517901.1863885096
1816,2.0,3,2021,4.123995654224833,Suburban,No,395618.62851009454
2088,1.0,1,2022,3.187253478153501,Rural,No,386151.6938030554
2011,1.0,1,1976,6.54907271626401,Suburban,Yes,406212.86106692575
1506,5.0,2,1977,8.080584565703838,Rural,Yes,375424.6618267222
2313,1.0,2,1986,4.967736140698037,Urban,No,490460.01279939135
1975,2.0,1,1968,9.860718946104154,Suburban,Yes,455497.35510991066
1505,2.0,1,2000,5.82011327026251,Suburban,No,339057.00117870653
3120,5.0,2,1962,9.810203102653352,Suburban,Yes,608764.2722424136
2238,3.0,1,1994,9.663405232427818,Suburban,Yes,481204.7155933604
1923,2.0,2,1955,6.397701244309909,Suburban,Yes,379116.3450275829
2707,2.0,1,1950,6.232026396666099,Rural,No,448594.06207761785
2920,1.0,3,1974,1.9510577538424907,Suburban,No,537496.7648655173
1927,1.0,2,1975,9.363514688488772,Urban,No,464870.6451420601
2173,2.0,1,1962,8.228886978682706,Rural,No,408943.96605335135
1505,5.0,2,1968,5.504172231614801,Urban,,386294.6194423879
1926,3.0,1,1959,3.757671730851279,Urban,Yes,413018.4356475297
1900,1.0,3,1994,,Urban,Yes,463548.40946779697
2092,1.0,3,2020,3.623658336737499,Urban,Yes,512170.04185779276
2166,3.0,3,1964,5.876718701789981,Urban,Yes,459028.8416089015
2279,1.0,2,1980,2.7894394501340556,Suburban,Yes,429200.8407814609
2118,5.0,3,1957,8.24062332530231,Suburban,No,452987.14741615305
1394,1.0,2,1979,7.775279122502951,Suburban,,291092.75318973156
1530,1.0,3,1950,3.6259702583332207,Rural,No,274222.65045517846
1726,2.0,2,1965,2.0562043684341913,Urban,No,338052.85765409726
1858,5.0,3,1960,2.59362897212802,Suburban,Yes,405910.64591906633
2525,,1,1976,6.5471915337452256,Suburban,Yes,526305.6517378244
1418,2.0,1,1989,2.350359357450623,Urban,Yes,354022.30201678915
1821,4.0,2,1993,3.8811294285223936,Suburban,No,408724.25358201796
2476,3.0,3,2019,8.552788438202857,Suburban,No,564230.2599903906
1850,5.0,3,2006,1.7359583348183416,Rural,No,398191.44027143647
2230,4.0,1,1997,6.230629482922607,Rural,No,455955.9055889941
1930,3.0,3,1989,4.598437409721676,Rural,No,383713.29641427915
2128,5.0,3,1988,2.0828413386743767,Suburban,No,453757.9251765584
1885,1.0,2,1952,5.584914004211121,Suburban,Yes,367992.46106418653
2333,5.0,1,2004,5.649807344170024,Urban,No,516521.09925383393
1227,3.0,3,1950,4.402776743716064,Urban,Yes,331091.02376153413
1818,4.0,3,1972,1.4978997857944252,Rural,No,365436.02350886894
2148,1.0,2,2016,2.861804578458706,Urban,No,490991.4033020819
2266,3.0,2,2011,,Suburban,No,492351.6740169927
2746,,2,1983,3.4950141851903958,Suburban,No,537705.961172574
1804,5.0,2,1966,2.4447729432809666,Urban,Yes,407528.42948167794
2739,2.0,3,1997,5.382694104554952,Urban,No,563288.1425766394
1670,2.0,3,2002,4.578404119716605,Urban,,390598.1786930383
2664,,3,2010,6.984461729211311,Suburban,No,552309.0826323003
2408,3.0,2,1960,6.043881793430708,Suburban,No,458072.9716193163
1543,4.0,3,1964,2.5277119023128396,Suburban,Yes,341071.77312938514
2153,1.0,1,1960,7.18895038667114,Suburban,Yes,423216.9487902472
1974,1.0,1,1956,5.188425627717819,Suburban,,363601.83822478005
2312,5.0,3,1996,2.021109402936492,Rural,No,467272.51388716954
1888,4.0,2,1957,1.1660689266044304,Rural,No,377187.37741208985
1846,3.0,1,1954,6.637809414777251,Urban,Yes,395290.4951035104
2684,3.0,3,2015,6.567814041609158,Suburban,No,550729.9066510099
1950,3.0,1,2012,8.38423275241,Rural,Yes,457035.4211676526
2413,1.0,1,1970,7.861901108743887,Urban,No,478457.3179934199
1887,5.0,1,2020,8.897532859478503,Urban,No,481827.8142321611
2833,1.0,1,1961,3.6317660989496563,Urban,No,475192.2328355582
1660,2.0,3,1960,4.718558279046343,Suburban,No,326303.74323987745
1692,2.0,1,2003,1.5573214429333069,Suburban,No,362566.6486241739
2762,3.0,3,1959,4.702131306854101,Urban,No,534762.174531236
1777,5.0,1,1965,2.9778919313094954,Suburban,No,371071.7826098808
2800,3.0,1,1964,8.24785429902499,Suburban,No,511547.6163894447
2445,3.0,1,2007,6.906400183831187,Rural,No,506094.8058709987
1922,1.0,3,1953,8.035214541947832,Suburban,No,364986.4271476979
1093,3.0,1,1971,6.332349932305972,Suburban,,306174.31770440075
1990,3.0,1,1984,6.3814338922400085,Urban,,454492.0056707054
2050,5.0,2,1963,3.117024372960373,Urban,No,454703.7488509303
2583,5.0,1,1980,7.028394377997995,Rural,No,513753.0762708091
2794,5.0,2,2023,2.2957306904258656,Suburban,No,578934.1088750514
1657,3.0,3,2019,3.4825792413836503,Urban,No,430988.5511666429
2400,5.0,1,1960,2.619528230605039,Suburban,No,454025.2291025775
2382,,1,1985,9.54564728640082,Suburban,No,535279.6181231503
2536,4.0,2,2023,9.082785055066783,Suburban,Yes,558859.9073014304
2249,4.0,2,1973,8.873524683793116,Suburban,,518354.64077735064
1028,2.0,1,1989,9.641560000594387,Suburban,No,270941.59552413074
1922,1.0,3,1991,6.513347571988364,Suburban,No,409629.05854021
1422,1.0,2,1970,9.052280698851845,Suburban,No,313854.2918887815
1898,5.0,1,2000,3.626724992529423,Urban,Yes,477595.63009745587
2490,2.0,2,2004,4.462821502428568,Urban,No,535962.0926980046
2152,2.0,3,1953,5.202694012895542,Urban,No,449355.74604810216
2574,4.0,2,2011,1.8046446931131617,Suburban,No,516458.5466057751
2170,,1,1974,8.422239418967184,Rural,No,438397.96191925294
1350,3.0,2,2019,2.072581849578417,Urban,No,388618.58906827524
739,5.0,3,1963,8.196879474510784,Suburban,No,243280.59021744007
2074,3.0,1,1990,9.300310735181409,Urban,No,515000.62933744024
1893,1.0,1,2006,,Rural,Yes,387199.3132803829
1511,4.0,1,1987,2.493113818742219,Suburban,Yes,367486.1222041081
1149,3.0,1,2011,4.930355041846944,Suburban,No,312977.31522793334
1632,5.0,3,1990,2.2496812392345706,Suburban,Yes,381172.89613710187
1902,3.0,1,1994,2.0713413797378513,Urban,No,466148.9187105238
2332,3.0,3,1965,7.804706050404275,Suburban,No,472210.19094417605
2094,2.0,3,1968,4.537330814184088,Suburban,No,401505.035843249
2804,4.0,2,1986,1.001160567867065,Urban,Yes,578275.8865702681
1482,1.0,2,2010,1.4361800396572892,Suburban,No,342655.186280595
2440,5.0,1,1975,8.359782288479028,Suburban,Yes,504769.54876979924
2023,5.0,1,2013,6.577284135999296,Urban,Yes,516958.2577938617
2347,,3,1962,8.600627816114393,Urban,No,490707.3778691728
1781,5.0,2,1983,3.463043262756182,Suburban,No,405431.57230417896
2535,2.0,1,1972,3.8288910671943146,Rural,Yes,462404.4273349675
2147,3.0,1,1969,6.551845317691654,Rural,Yes,386216.3013129875
1660,2.0,3,2003,6.98638144357024,Urban,Yes,426291.0279109721
1993,,2,2022,1.2386511267736382,Rural,Yes,435587.53723632527
1880,2.0,1,2007,9.164934458356864,Urban,No,478917.3701562598
2244,1.0,1,2008,8.192467797076159,Suburban,,470301.22135284747
1410,4.0,1,1969,2.1867685625781936,Urban,No,328030.46268248186
1985,1.0,1,1988,1.0929034621756613,Suburban,No,377988.1037358666
2197,1.0,1,1981,7.922482873468102,Rural,No,431096.0717462568
2016,2.0,1,1990,9.125911701953877,Rural,No,407840.29197173356
2673,4.0,2,2018,3.8989463125185546,Urban,Yes,651787.6706329128
2387,1.0,3,2017,3.887220107317207,Suburban,No,456229.3689896446
1996,4.0,3,1970,5.631567600981482,Urban,No,466556.594176859
2108,2.0,3,1973,7.071007231468572,Suburban,No,420292.9019425424
2147,,1,1965,6.829025586942036,Suburban,,380704.6101033696
2201,4.0,3,1981,7.773691255323353,Urban,Yes,524734.8339733682
1087,5.0,2,1975,2.0258578774812444,Suburban,No,275104.61530270753
1849,1.0,1,1952,5.67833633247848,Urban,No,364019.68400185223
1257,1.0,2,1956,5.556964221465461,Urban,No,280545.4515320519
2639,1.0,1,1965,9.548683364117771,Suburban,Yes,504496.2652758733
1969,4.0,1,2002,9.264265288533059,Urban,No,491650.1725609059
1903,3.0,3,1953,7.7528996139406035,Urban,,429337.9693146705
2448,1.0,2,1994,8.892232501669813,Suburban,No,522673.5691849556
2211,5.0,3,1981,7.710594698171688,Suburban,Yes,522765.1132104936
4305,5.0,1,2007,,Suburban,Yes,397376.5975662496
1964,2.0,2,1962,2.9413835330298124,Suburban,No,340744.1428761163
1832,3.0,2,1971,6.5552731732114475,Urban,Yes,419907.3896815079
1127,3.0,1,1993,9.244559817853434,Suburban,No,357930.65630456695
1654,4.0,3,1993,7.751295610843187,Suburban,No,438111.96572309156
1908,2.0,1,1979,6.442504876317529,Rural,No,378106.67080676137
1942,4.0,2,1972,3.323580060731711,Urban,No,422390.84895923914
1258,2.0,2,1961,7.107768637450208,Rural,No,246784.25777418286
2575,,2,1963,4.123536712712859,Urban,No,503659.2123034507
1948,4.0,1,1985,1.5871047508355882,Urban,Yes,448070.2321433566
2018,2.0,2,1994,3.1541631894275977,Rural,Yes,389436.5059767917
2200,,2,2021,4.503097675304904,Rural,No,433862.3376606267
1605,3.0,3,1973,9.970006906277245,Suburban,No,358113.7753087196
2228,1.0,3,1952,7.841051229345879,Suburban,No,449186.82716486504
1816,4.0,2,2000,3.5160926879188272,Urban,Yes,451035.4449566447
1551,1.0,3,2004,7.8615084907329935,Suburban,No,375551.8350657177
2286,3.0,1,1987,4.218770679952073,Rural,Yes,456466.47314775025
2745,4.0,3,1969,6.471218129400732,Suburban,No,542341.4754183225
2362,4.0,3,1951,7.882126553738197,Urban,Yes,490379.480189956
2461,5.0,3,1975,7.667514494948546,Suburban,Yes,562787.291466308
1739,2.0,3,1951,2.260298588819259,Suburban,No,332983.1829972457
1201,5.0,1,2016,8.429845938512244,Urban,No,383742.87679111346
2745,5.0,3,2023,9.306440933980287,Rural,No,592537.638077049
3027,3.0,2,1991,3.1007857164567305,Urban,No,589671.7976462862
2771,2.0,3,1989,3.9647451227054837,Suburban,Yes,532644.2570709743
1832,5.0,3,1958,9.443777089706925,Rural,Yes,416554.8738494309
1422,5.0,2,1951,9.853084668091144,Urban,No,308694.2407932423
1467,4.0,1,1977,5.0814987588531295,Suburban,No,324750.2713801201
1158,3.0,2,1952,1.3108374743737699,Rural,No,201581.84799796483
1946,5.0,2,1965,9.39602047827963,Suburban,Yes,451465.4362246019
2802,2.0,2,1953,1.2285346099877479,Suburban,No,445019.3264736776
1929,1.0,2,1972,3.971884863954836,Suburban,No,339355.4582530249
2151,1.0,3,1955,1.8072090654588688,Suburban,No,369699.78594539047
2687,3.0,3,2023,,Suburban,No,578903.39633426
1797,1.0,3,2004,1.338155595670416,Rural,No,388680.7404758526
3017,4.0,3,1957,3.0286825939024467,Suburban,Yes,580620.0752095698
2996,4.0,1,2022,5.129594727186172,Urban,No,644420.5374029264
1934,2.0,3,2013,,Suburban,No,440639.8162209373
1711,3.0,3,2016,5.323810192200273,Suburban,No,418545.5165072868
2348,3.0,1,1990,3.3860261203726876,Suburban,Yes,507121.8083960452
1826,1.0,2,1989,3.4022220550823494,Suburban,No,370037.4205811939
1421,5.0,3,1976,,Suburban,No,413522.2030568123
2640,5.0,3,1988,7.212063140643969,Suburban,No,523770.64354860684
2608,5.0,2,2002,9.365320832015186,Rural,No,559499.6455553689
2077,2.0,3,1989,6.181208785076444,Rural,No,392100.43752627523
1368,3.0,2,2001,9.164550826294859,Urban,No,401726.9044519054
1385,1.0,2,1986,8.536853088267975,Rural,No,314997.71001085266
2053,2.0,2,2016,9.980588150952219,Suburban,No,491078.87350154284
1750,4.0,3,1968,5.527931525901043,Suburban,No,394329.8610775288
1829,4.0,2,1983,7.265135115342061,Urban,No,458543.16927121714
2510,4.0,3,2015,2.4460223387983255,Urban,No,573333.0720651167
2366,3.0,1,1959,9.455428511866991,Suburban,No,463622.6083517577
2689,4.0,2,2001,4.588727889745858,Suburban,No,545584.9277994095
1504,5.0,3,1991,,Suburban,No,442797.03873271355
1828,4.0,2,2009,1.906413599593649,Suburban,No,403660.77135711565
2379,2.0,3,1951,5.637290395219754,Urban,No,461400.35419096844
2224,,3,1950,1.0126041810625308,Suburban,Yes,449853.77051384706
2766,5.0,1,1999,4.744164955709982,Suburban,No,562748.4441466994
2210,4.0,2,1985,1.7486546838607058,Rural,No,451595.6439123872
2924,1.0,3,1971,5.042616877096387,Rural,Yes,511444.5080255783
2270,5.0,1,1985,6.002153254712661,Rural,No,474520.2849600787
2531,3.0,3,1952,8.67044411732752,Urban,Yes,520411.9805367051
1838,4.0,3,1993,,Suburban,Yes,440455.3141226389
2007,2.0,1,1965,6.101276513973338,Urban,Yes,430117.7087328204
2455,4.0,2,1960,1.5981113429347178,Urban,No,490886.2582057031
2806,2.0,1,1959,9.22154460171066,Urban,No,542026.5899193491
2364,1.0,2,2000,5.065576820710435,Suburban,Yes,483503.6284096054
1958,3.0,3,1991,3.273310262131707,Suburban,,434271.18695087056
2688,5.0,3,1974,5.16907764832306,Suburban,Yes,567533.5424403452
904,5.0,1,1955,5.3335539403635,Suburban,Yes,263623.2928589759
1288,3.0,1,1993,7.689667470243395,Urban,No,400337.4929458727
2340,1.0,1,1957,9.771166470848286,Suburban,Yes,470661.26571996184
2007,1.0,3,1983,2.6752885531968484,Rural,No,362484.15309040167
2302,4.0,2,1990,1.4904410408168003,Rural,No,438991.6869108422
2032,1.0,1,1950,6.901365226225402,Suburban,No,375844.8611239156
2285,4.0,2,1952,8.961205813543476,Suburban,Yes,498552.8345094214
1592,2.0,1,2001,6.085374897837207,Suburban,No,385177.4378229587
2285,3.0,1,1992,,Urban,No,470210.15315999096
2497,2.0,1,1996,4.795974059460615,Urban,No,535706.2225886653
2610,2.0,1,1968,6.892594893747297,Rural,Yes,480110.1589914304
3006,2.0,3,2019,3.95242908995626,Suburban,Yes,594095.9817081726
2122,2.0,3,1996,8.604162657962483,Suburban,Yes,490067.55868793715
2136,5.0,1,1954,3.0222422931764976,Suburban,No,395433.29947552545
1238,1.0,3,2013,4.280452231617209,Suburban,Yes,334672.74613828876
1734,3.0,3,1994,9.247892805015828,Suburban,No,426733.37973520806
1903,3.0,3,2013,6.161948114151548,Suburban,No,437018.0417636919
2525,2.0,3,1994,1.0561153155072762,Urban,No,504542.18251141475
1694,3.0,2,1985,3.196191991924064,Suburban,Yes,378947.292620569
2398,4.0,2,1958,7.779845745548735,Urban,No,541934.7256225812
1999,3.0,3,1972,1.4684338433961486,Urban,No,412770.3107572446
1911,2.0,2,1981,9.937504984313037,Suburban,Yes,441800.6693878839
6372,3.0,1,1994,9.081153733402635,Rural,No,434266.4739502066
1804,,2,1977,3.014441345268571,Rural,No,348589.7443410379
1785,,1,2001,9.05954350475924,Suburban,No,388836.9258276834
1147,5.0,2,1960,7.295261876181466,Urban,No,329642.7050417717
1876,1.0,2,1968,4.828157248387344,Suburban,Yes,352649.99519476015
1760,3.0,1,2013,2.7650573956391957,Suburban,No,368199.1163027924
1742,,1,2014,2.8019028518081917,Urban,No,442013.60591902054
2208,1.0,3,2022,,Urban,No,505196.8691142392
2329,4.0,2,2006,4.744551638716366,Rural,Yes,481254.99864837993
2116,1.0,1,2015,6.356852582998133,Suburban,No,428426.7329960895
2497,5.0,3,1953,,Rural,Yes,470891.51482323656
2287,4.0,1,1978,,Urban,Yes,488472.2301287172
1852,3.0,3,1953,,Urban,Yes,457770.56853084173
1768,2.0,3,1950,9.280391940162799,Suburban,No,395710.5608045331
2156,3.0,1,1967,7.347314855683175,Urban,No,457486.4987866995
2286,,1,1962,2.4542999537136723,Suburban,No,416350.46216467745
2698,2.0,2,2019,1.8307937818935913,Suburban,Yes,555982.5906985853
2595,5.0,2,1998,5.851753286838473,Suburban,No,540460.7778087996
1729,4.0,3,1996,5.953169770172664,Rural,Yes,393378.72114297067
1948,4.0,1,1979,6.753174666845402,Urban,Yes,469597.0208434933
2335,1.0,2,1976,9.155578789300252,Suburban,Yes,478512.4938463793
2533,3.0,3,2021,6.821144613552434,Urban,No,562012.7796591399
2469,5.0,2,1977,9.245318045025988,Urban,No,568291.4122822109
1968,3.0,3,1951,2.0592772687018046,Urban,No,427225.0996989511
1372,1.0,2,1969,7.3832277557597,Suburban,Yes,331391.03121264884
1500,,1,1973,9.346971619387388,Urban,Yes,411013.9736816016
2136,5.0,3,2021,5.16525200589879,Suburban,No,532151.3319116792
2171,1.0,3,1993,9.707682881195664,Suburban,Yes,490848.0444450315
1450,,2,1970,5.972619262468636,Urban,No,342932.3078292573
2022,1.0,2,1971,9.486767392985474,Rural,Yes,401129.3332500256
2315,4.0,2,2022,7.736663926806769,Suburban,No,550444.7676386079
1424,5.0,1,2007,5.119848691522259,Urban,No,410932.2465866858
2552,4.0,2,1960,1.308622617826599,Urban,Yes,529111.0660059028
1811,4.0,2,2002,6.916525687470184,Urban,Yes,445389.55442126194
2628,5.0,1,1958,3.2885074945939388,Urban,No,537805.4491015129
1733,3.0,2,2016,3.5978970976135036,Rural,No,388083.738759758
1486,2.0,1,2001,1.1780557552988977,Suburban,Yes,353887.47317964584
1770,1.0,1,1962,6.018872057449578,Urban,Yes,399335.6911045093
1952,1.0,2,1950,3.603649250878237,Suburban,,383676.28779649915
5415,3.0,1,1993,9.841495871271206,Suburban,No,428194.348718091
1891,2.0,2,1973,7.741069090970347,Suburban,,404787.3495218746
2166,3.0,1,1954,4.217385515387589,Urban,Yes,419774.1501888875
1914,2.0,3,2015,3.6500374014089245,Urban,No,474986.2248525573
1966,5.0,2,1969,7.4347594082058315,Suburban,No,440621.23466353776
1145,5.0,3,2013,3.2878702671075213,Suburban,No,326387.5816372938
2195,4.0,3,1964,5.032052718938072,Urban,No,454496.3035440297
1955,4.0,3,2017,2.4434680033475606,Suburban,No,441148.88647750387
2805,5.0,3,2003,3.2869749204045284,Urban,Yes,648185.0097987584
1530,4.0,2,1960,1.8854677865925362,Suburban,Yes,381269.9057440657
1095,5.0,1,1972,4.844330605290889,Suburban,No,279297.3123418013
2309,3.0,2,1950,9.341045813689204,Urban,No,464237.15681395587
2173,1.0,2,1991,1.9077422733067324,Suburban,Yes,451684.05675233644
1495,5.0,1,1996,4.935975889067155,Suburban,No,362902.1828845704
1235,5.0,3,2017,3.6849027345615357,Suburban,No,374504.38597731583
2768,5.0,1,1987,4.266675527299863,Urban,Yes,611166.1457451113
2707,4.0,3,1951,7.943372412838924,Suburban,No,500637.7568375701
756,4.0,2,1994,4.915388368778685,Urban,No,284018.9955270226
1770,4.0,1,1976,6.853539627334951,Suburban,No,345719.2539391805
2832,4.0,1,2010,9.74977704019257,Urban,No,646327.3929880485
1761,3.0,3,1960,6.54814695289827,Urban,No,393355.5565965649
1754,5.0,1,2018,4.036498893959561,Urban,Yes,456304.1581646064
1858,3.0,2,1978,4.5789013009153665,Suburban,No,389582.78361737373
1439,,1,1974,7.263181934573821,Urban,No,367951.2048461936
1147,3.0,1,2003,7.249006814195034,Suburban,No,305752.30319349014
2526,5.0,2,1997,4.312925683792265,Suburban,Yes,533005.6880671345
1078,5.0,3,1995,7.520207665715579,Urban,No,357411.7780781022
2123,4.0,1,1990,5.9551826802394405,Rural,No,433667.7004911709
2443,5.0,3,1990,9.823783409490883,Suburban,No,564213.9885967688
1274,3.0,1,2010,9.172819703704224,Urban,No,422779.53544701834
1537,2.0,2,1960,8.414677795552564,Rural,No,325489.6450080891
2606,5.0,3,1993,1.3090100024784546,Urban,No,557884.4258006038
2266,3.0,1,1981,4.42391128743701,Urban,No,447973.78680205706
1691,3.0,3,1998,6.159620562424303,Urban,Yes,433812.9751262257
2601,3.0,1,1955,5.694545869546875,Suburban,Yes,465371.7873236896
2603,5.0,2,2006,7.872091186528789,Suburban,Yes,554451.3124467253
2134,2.0,2,1955,9.181754531131675,Suburban,No,433666.15656658687
1549,4.0,1,1996,8.084286569661923,Urban,No,406732.25802616094
1793,4.0,1,2012,2.981809880858151,Rural,Yes,418947.00515069696
2143,5.0,3,1998,5.370509609583669,Suburban,No,491124.62214341504
1905,5.0,1,1971,4.542504487977645,Suburban,No,399885.3432035623
2469,1.0,3,2016,7.8958056948206075,Urban,No,530782.5443984084
1235,2.0,1,1968,,Rural,Yes,282419.2034421845
1252,3.0,2,2004,3.581449826325837,Rural,No,262486.1930447184
2090,3.0,3,1983,5.400188610141059,Urban,Yes,466748.9798554116
1754,4.0,3,1990,7.58726577094167,Suburban,No,464804.06810721895
1686,5.0,2,1956,1.4495767413808431,Rural,Yes,339042.9730196747
1115,2.0,3,2006,9.66764683306383,Suburban,Yes,365931.8490568767
2009,,2,1965,8.199675573754394,Suburban,No,407717.4004320426
1973,2.0,2,2008,5.884897995553288,Urban,Yes,495434.72055355663
2326,5.0,2,1987,8.00785442555313,Suburban,No,496003.99689533643
2034,3.0,1,1958,8.527221819982953,Rural,No,391275.7543929509
1933,1.0,2,1983,5.444517843112423,Suburban,No,369596.8503214544
2588,2.0,3,1995,4.96064513251933,Rural,No,508042.5550268592
1343,3.0,1,1986,8.53933123879159,Suburban,,354652.47957302135
2268,2.0,2,1992,,Urban,Yes,539948.5427722055
1164,2.0,2,1996,2.112647730435106,Suburban,Yes,302992.0392775616
1580,2.0,2,1955,9.17057878482279,Urban,Yes,421828.37069852505
1393,5.0,3,1987,3.491145732675768,Urban,No,382998.64844058844
2390,4.0,1,2010,7.004506567261181,Suburban,No,523033.22671180684
1967,2.0,1,1953,7.3837940390085945,Rural,No,370733.1715881782
1993,5.0,1,1954,3.5175126625008217,Suburban,No,446293.05451095704
1446,1.0,3,2019,3.737584693050935,Suburban,Yes,355111.98014483904
1850,4.0,2,2009,7.356706025669492,Suburban,No,420497.98481721675
1618,5.0,1,2005,2.5756838392203116,Urban,No,411039.71621862805
2191,1.0,2,2008,8.725720020117397,Urban,No,491179.3541977647
1504,4.0,3,1956,3.006058735804761,Urban,,395365.8473835728
2664,5.0,1,2017,4.160552128560812,Suburban,Yes,583011.1590034141
1162,1.0,3,1980,3.3999259383889893,Urban,Yes,300157.9834457358
1596,5.0,1,1997,3.2076809999395577,Rural,No,349892.85550390085
2838,1.0,1,1991,9.809796130963615,Urban,Yes,600796.5064885386
1782,2.0,2,1979,3.2799202467661086,Suburban,Yes,353779.9750497442
1342,2.0,3,2000,6.204961304451748,Rural,No,260937.49648852393
2109,4.0,1,1984,7.708432519678349,Rural,No,448026.09231371543
1762,1.0,1,2011,1.3777703481543222,Suburban,Yes,369646.1648119017
1582,2.0,3,2000,8.934147873491124,Urban,No,467043.04297009663
1452,4.0,2,1999,2.37600223436044,Rural,No,349970.5356897325
3384,3.0,3,1979,6.292591904294913,Rural,No,587401.2107245324
1874,2.0,1,1968,,Suburban,No,363629.98677514313
1037,2.0,3,1999,6.666092556643481,Suburban,No,295936.8402985083
2746,5.0,2,2003,,Suburban,No,610958.5106816742
2305,3.0,2,1953,9.381138021490774,Rural,No,427029.8979762597
1616,1.0,2,1961,9.341992305570512,Suburban,Yes,324864.50851154537
1533,4.0,2,1964,6.202701942823811,Rural,Yes,378234.498337992
2336,3.0,2,1964,,Urban,No,514758.85144163657
1876,1.0,2,1959,3.8935416348482352,Rural,Yes,320013.9761540368
1037,2.0,2,2010,8.980185044577661,Suburban,Yes,329787.33344001096
2893,4.0,1,1968,8.678158078206486,Suburban,No,520519.452494675
1783,,3,2002,3.6623972484180927,Suburban,Yes,441925.3699850635
2747,3.0,2,2021,2.3711481198335376,Suburban,No,592457.7491356645
2639,5.0,3,2006,8.750279072328754,Urban,Yes,640733.1350523172
1499,1.0,3,1958,6.475142506042429,Rural,No,281491.2788495631
2516,3.0,1,1978,3.818249965817022,Rural,No,453285.83799998293
1674,5.0,3,1956,6.495839642149621,Suburban,No,406507.5057901113
1066,,3,2021,1.5957714006695765,Rural,No,321148.3294196124
1787,5.0,2,1966,2.711230803932727,Urban,No,399853.0722014568
2198,4.0,2,1965,5.912092921855095,Suburban,No,455430.060651028
1768,1.0,3,2020,5.852514940972782,Urban,Yes,452605.4051425122
1846,1.0,2,1987,3.220015951753874,Urban,No,389808.33118461084
2571,3.0,1,1996,9.838797131799414,Rural,No,552994.8478814415
2053,2.0,3,1959,4.711929412124906,Rural,No,374345.83754177036
1578,3.0,3,1973,7.376842966698021,Rural,,346506.3602619854
2351,1.0,1,1999,3.3261114972981995,Urban,No,509873.039913582
2098,4.0,1,2017,4.820296374277417,Rural,Yes,486941.3022414486
739,3.0,1,1992,8.481003235648743,Suburban,Yes,274167.1746239936
2214,2.0,1,1986,8.637376742853949,Suburban,,459340.2798888885
2195,3.0,3,1994,2.2173348168045504,Suburban,No,447057.3035419795
2010,5.0,2,2003,4.192029721758102,Suburban,No,456957.68085196585
2445,2.0,2,1992,2.828353941662161,Rural,Yes,465586.47195234906
1663,5.0,2,2017,9.012415944630122,Suburban,No,450752.923328949
2168,4.0,2,1986,7.784752271509466,Urban,Yes,507668.4377520523
1216,1.0,1,1990,,Urban,Yes,315788.4263825616
2203,3.0,2,1950,6.850756545577259,Rural,No,387263.8874542189
2976,3.0,2,1965,9.227393097916938,Urban,No,614807.7142810337
1502,5.0,3,1986,3.72947929202759,Suburban,Yes,410179.3089585661
1620,5.0,3,1986,1.12307505976227,Urban,No,404140.94814099517
1644,1.0,2,1956,1.2371980387591104,Suburban,Yes,309689.6230574742
2064,3.0,1,1989,1.4201857430864462,Rural,Yes,411697.0698343714
1468,1.0,2,2000,2.156328204317501,Suburban,No,284960.38151580706
2210,5.0,1,2013,6.1378682982772,Suburban,No,490463.0017725356
2423,5.0,3,1971,,Urban,No,571721.4787411976
2267,2.0,1,1992,,Rural,Yes,457898.0535734572
1115,5.0,2,2011,7.411748527825139,Suburban,No,337058.86252026755
2497,5.0,3,2003,8.129594175297596,Rural,No,537442.503133263
2468,1.0,2,1976,8.212573265682831,Urban,Yes,510245.06857211207
2415,2.0,2,1978,4.9896662180318545,Suburban,Yes,490241.12728116894
2186,,1,1965,5.9495139286820375,Urban,Yes,478829.258964401
2110,3.0,2,1960,3.9587853482963378,Rural,No,396198.73795059253
2516,4.0,2,1970,,Suburban,Yes,515590.80157367047
2961,3.0,3,1958,4.44580718733253,Suburban,Yes,562703.4540470619
4569,3.0,1,1976,3.7995722124473725,Suburban,No,314117.2553782486
2539,3.0,1,1972,6.64572838267801,Urban,No,536536.4222348795
1956,2.0,3,2000,4.071298928051968,Urban,No,478762.1406666918
1935,1.0,3,1952,4.671994660447142,Suburban,Yes,388235.7535504784
1231,5.0,1,1965,7.397862945269855,Suburban,Yes,326237.92101173016
1857,2.0,3,1957,8.680010565375415,Urban,Yes,388252.21951853676
1501,5.0,1,1991,4.913214590765433,Suburban,No,357511.6431606643
1768,5.0,3,2022,5.699800079864255,Suburban,No,479131.4489121386
1450,4.0,1,1984,7.717442555215084,Urban,No,386496.40518615715
1775,3.0,1,2020,3.024535247725512,Suburban,,398184.1560133033
1796,4.0,3,2021,4.735051652247742,Suburban,No,417766.34138244734
2048,3.0,2,1997,8.303113140910725,Suburban,No,479246.44542164786
1192,2.0,2,2003,9.050347648656857,Urban,No,361555.95624045434
1277,5.0,3,1985,6.804141025513598,Suburban,Yes,382697.26480973285
2180,4.0,1,1955,4.540558421117206,Suburban,Yes,391020.51650303305
1601,2.0,3,2020,6.453304623356524,Rural,No,390845.91994384455
2537,2.0,2,1961,2.609577909514903,Urban,No,463865.29945638444
2112,3.0,1,2008,1.263662317569374,Urban,No,473378.1965010934
2303,5.0,1,2014,1.6715371875695884,Rural,No,467268.91799406556
2705,3.0,1,1999,1.9735517642547364,Rural,No,493963.86342714104
1845,3.0,2,1992,3.030935470575953,Suburban,No,403517.1960876446
1712,2.0,2,1992,5.155531386430768,Suburban,No,370541.8107315352
2435,3.0,1,1998,3.090775661978376,Suburban,Yes,480744.90162452526
2254,,1,2004,6.265286309129013,Rural,No,433861.53740832245
1906,5.0,2,1999,9.984698456255973,Urban,No,498242.3202452222
2695,3.0,2,1970,5.483629850458223,Suburban,No,506816.4349926201
1893,3.0,1,1962,7.811698191101227,Suburban,Yes,397391.456140611
2016,4.0,3,1991,3.6316140165601394,Suburban,No,417306.0511592346
2010,5.0,3,1964,9.665917628137949,Suburban,No,478350.2684030839
1532,5.0,3,1999,3.241949280329771,Rural,No,347767.0981383348
2038,3.0,2,1950,6.3696790308018985,Urban,Yes,472988.687929514
2698,1.0,3,2000,9.849976294458108,Suburban,Yes,585010.0296320389
2222,4.0,3,1983,8.27421046956316,Urban,No,541720.0072402636
2015,1.0,2,1991,9.928299757395127,Suburban,No,415841.7658456168
1919,3.0,3,2011,4.417641871528242,Suburban,No,435674.2344680861
2165,5.0,1,1981,1.6986834749242632,Urban,No,468775.7931971292
2374,5.0,2,2010,3.191415904797602,Urban,No,548684.8317707435
2304,1.0,1,2003,9.618521537113978,Rural,Yes,474411.9814045649
1834,2.0,3,2023,4.335202197830764,Suburban,No,418102.3736832808
2162,3.0,1,2007,2.1229627084141316,Suburban,,462066.17910420377
2239,5.0,2,1973,6.337943223225464,Suburban,No,460110.9782715298
1496,2.0,3,1976,5.503812559482088,Suburban,No,323199.40834271803
2084,5.0,2,1970,1.5622215888925797,Suburban,Yes,449995.60324101796
2757,5.0,3,1967,5.076510821905293,Suburban,No,270786.0188241849
2241,2.0,2,2004,6.695818228723544,Rural,,410605.57467443886
2330,1.0,2,2017,3.0941916699882612,Rural,Yes,489470.8167253793
2373,3.0,1,1996,2.1199665836221224,Suburban,No,485163.063107344
1802,,2,2003,8.783170757034407,Suburban,No,408765.21027312306
2154,2.0,2,1967,6.6290328767142235,Rural,Yes,428973.54433454503
2711,5.0,1,2022,2.397311605729609,Urban,No,575440.650246085
8118,2.0,3,2013,6.661972896257568,Urban,No,575189.8870595846
1985,3.0,3,1998,7.617303089708721,Urban,No,480202.55500393896
2069,1.0,2,1984,6.377752249635411,Urban,No,426367.08280740806
2555,1.0,1,1988,,Urban,No,525309.0800507086
1249,1.0,3,2007,2.122702672123733,Suburban,Yes,299618.80240997707
1838,3.0,1,2006,,Suburban,No,415621.13996216387
2667,5.0,2,1955,3.106036138238296,Rural,No,438264.95617013477
2487,3.0,1,1969,,Rural,,452002.90792172484
2184,2.0,2,1999,8.247731388859485,Suburban,Yes,509293.0845103453
1247,4.0,3,1958,1.138649751246923,Suburban,No,254411.43347173044
1975,4.0,3,1963,6.229152637500832,Rural,No,391763.8591388134
1705,4.0,3,1972,8.288500672780135,Urban,No,406057.7621223979
2165,1.0,3,1997,9.053766920185337,Suburban,Yes,479705.0334400944
1595,3.0,1,2005,4.6850954939475375,Urban,No,400334.08539537416
1487,3.0,1,1989,6.588318673689963,Urban,Yes,376041.3847719075
967,1.0,1,2018,9.56050444159494,Rural,Yes,324312.03429775697
2610,2.0,2,1988,7.044494062131114,Urban,No,547355.4724057707
1800,4.0,3,2023,9.109831310414124,Urban,Yes,552386.9877384824
2078,4.0,3,1992,7.158628083570358,Urban,No,478796.8835575306
1998,1.0,3,1980,1.611975420545269,Urban,No,406502.3917637012
1466,4.0,1,2019,2.7719469999146096,Urban,No,364079.85418836446
1370,5.0,1,1952,9.464059335911347,Suburban,No,279886.5168395252
1497,3.0,3,1953,8.598420328269125,Suburban,No,364863.5327904012
1638,4.0,2,1976,4.804496071513257,Suburban,Yes,359273.7006529847
2183,4.0,1,1976,2.4501309480994964,Suburban,No,431803.4731235515
1602,5.0,3,1996,2.4145337268366847,Suburban,Yes,369086.3624447294
2873,2.0,3,2009,9.143758112327777,Rural,Yes,607801.1528628723
2513,,3,1985,2.495870928274457,Suburban,No,473132.2570135915
2404,5.0,2,1995,4.476519719681112,Rural,,493188.12696623214
1940,2.0,3,2010,9.107238707092606,Urban,No,477855.66152520536
2757,1.0,1,1991,1.3008958320251756,Suburban,Yes,531049.1146775573
1890,5.0,2,1956,6.676670264049635,Rural,No,411681.83607751556
1984,3.0,2,1979,4.155360295481934,Rural,No,377244.2640610358
2084,3.0,3,1999,1.970049808225267,Suburban,Yes,467182.3334726599
2350,3.0,1,1996,6.107715186509914,Suburban,No,475333.18107580004
2318,4.0,1,1989,5.364110679625092,Urban,No,527700.8127048592
1762,5.0,3,1954,,Suburban,No,344322.1712008575
1733,5.0,3,2019,3.4049014049376556,Suburban,Yes,448598.86123620166
2319,2.0,1,2007,7.663205671028651,Urban,No,512366.46698675054
2357,5.0,2,1993,7.8026521377874305,Suburban,No,533485.0868502265
1803,5.0,2,2020,,Rural,No,413651.40674338693
1206,2.0,3,1981,1.994384615639659,Suburban,No,269125.24445003737
1896,5.0,3,2023,,Suburban,Yes,508472.554329509
2311,5.0,1,1989,,Urban,No,513759.8396360166
2902,1.0,1,2006,7.488445477444278,Urban,No,579695.1440399208
1401,2.0,1,1960,1.3832583588445133,Suburban,No,284884.690123689
1786,1.0,1,1989,,Suburban,Yes,434424.82235702535
1805,4.0,3,1996,5.305254345848656,Urban,No,448194.0205495401
2677,2.0,3,1951,1.2516764245643914,Suburban,No,431092.7605889546
1982,5.0,1,2001,2.543982589636469,Suburban,No,438379.9303244317
1546,5.0,3,2021,3.8701922766994263,Rural,No,401747.4377387909
2279,1.0,3,1998,9.842566224310167,Suburban,No,477721.2027462697
1797,1.0,1,2008,8.01528259194899,Suburban,No,410947.7646159168
1387,4.0,2,1987,8.566268245460735,Rural,No,326462.1015107321
1553,4.0,2,1965,7.007652001379095,Suburban,No,370049.88336996513
2867,5.0,1,1976,3.6315505763094227,Suburban,No,557969.0423278734
2192,3.0,2,2023,7.385031131715059,Suburban,Yes,523268.6868719519
2053,4.0,3,1977,7.063668815994808,Suburban,No,459724.04489957297
1875,5.0,2,2015,6.48956062977459,Suburban,,473262.39076452923
2146,4.0,1,1994,3.684893532083525,Suburban,No,451240.1876617568
2140,2.0,1,1982,3.3689292681143828,Suburban,No,433440.8186878032
2146,1.0,2,2009,,Urban,Yes,497798.09000705037
2057,5.0,2,1999,3.8115734440553917,Suburban,No,455802.2087851536
2434,4.0,3,1995,1.7004935444650442,Rural,,478801.9356820874
2011,1.0,2,1984,8.220501829172786,Urban,No,412245.3302794267
1511,3.0,2,1990,4.323313628697468,Urban,No,382960.39815124136
1693,4.0,2,2007,7.359731317468558,Rural,No,393755.85905618634
1010,5.0,3,2004,3.519320116055524,Urban,No,345844.5289198656
3013,2.0,2,1954,,Suburban,No,517808.8908617128
2431,1.0,3,1954,1.3120624160269045,Urban,No,473665.7194485051
1584,1.0,3,1971,1.9543452502030254,Suburban,No,336259.8608495722
1859,2.0,1,1983,4.2807673770224355,Suburban,Yes,408049.5878462392
1681,5.0,1,2014,3.4186310210331756,Urban,No,443910.6888682277
2771,3.0,3,2008,4.18062850936102,Urban,No,574293.3955711483
1290,2.0,3,1966,9.376229400018152,Rural,No,336169.4245224441
2057,3.0,3,2000,1.6651070373551762,Urban,No,480917.2323699609
1945,5.0,1,1998,5.164577424577495,Suburban,Yes,455204.4012528773
2413,4.0,3,1958,2.784309616344154,Urban,No,464223.70122170687
1947,4.0,1,2023,4.202546664181993,Suburban,Yes,464497.6667380929
1120,5.0,1,1964,7.093313951782674,Suburban,No,289767.44019509177
1874,3.0,3,1978,9.756452153011601,Suburban,No,435979.29081238474
1513,2.0,3,2002,7.252549354183438,Urban,No,396728.3064085144
2039,5.0,3,1974,8.963599873318653,Suburban,No,416814.41131719784
2717,5.0,1,1977,2.325327991296389,Urban,Yes,546847.4450591538
1130,4.0,2,1972,2.632524529793407,Suburban,No,294258.1671503206
1599,2.0,3,1952,8.890916318128784,Suburban,No,323936.01446616923
1723,4.0,2,1982,6.4677010783455815,Suburban,Yes,387326.2331093414
1809,3.0,2,2020,8.129074444228308,Suburban,No,454888.8239251757
2370,,2,2018,3.005738272865842,Rural,No,481418.87455331784
1913,1.0,2,1966,4.137354774120022,Suburban,Yes,355821.1156333322
2207,5.0,2,2016,1.729310749232135,Suburban,No,505580.11164553155
1687,2.0,1,2016,9.060269042190319,Suburban,Yes,405595.73226159305
2114,2.0,1,1983,9.607198821832366,Rural,Yes,445504.688532362
2388,4.0,1,1957,8.717174627889806,Urban,Yes,537824.7359047105
1633,4.0,2,1994,4.934622827541831,Urban,No,410044.4350327519
2390,2.0,1,2009,4.070212400284419,Urban,Yes,535194.2030391792
2026,4.0,3,2005,5.163406968332896,Suburban,Yes,442991.33635360585
2522,1.0,2,2019,6.738557527065112,Urban,No,567913.9382018487
1899,5.0,3,1971,4.883566092942933,Suburban,,428460.19326761644
2190,1.0,2,1982,4.794582503780222,Rural,No,429503.89352804935
1979,3.0,2,1999,,Rural,No,381384.3592522868
1951,2.0,2,2020,7.7011946453271864,Suburban,No,428420.4116812373
2129,1.0,2,1995,8.08111783226809,Suburban,No,448343.1594665467
2268,1.0,3,2001,8.83484490055423,Urban,No,487591.31004428474
1375,4.0,2,2023,3.1868854662364354,Urban,No,393601.4495443476
2716,4.0,2,2015,2.4175428110755712,Urban,Yes,586873.7359309176
1070,4.0,1,1970,,Suburban,No,260000.28422326778
1657,3.0,2,1973,4.784032031785934,Suburban,,344120.2084710745
1952,,2,1997,7.316808928245683,Suburban,No,391272.306269243
2206,,2,1962,7.821373904664712,Urban,Yes,487478.47748309205
2788,4.0,2,2013,9.857375801582775,Urban,No,637200.2649183242
1070,3.0,2,1954,4.4040036592255465,Rural,No,197436.22673048198
1746,3.0,2,1967,4.622678460868914,Suburban,No,372719.2992183281
936,4.0,3,1986,5.878719767685467,Suburban,Yes,276259.0476287164
2015,2.0,3,2003,8.383019300426874,Urban,No,502637.1238790658
2135,1.0,2,1981,6.948406079202607,Rural,No,386452.5985822052
2795,4.0,3,1977,,Suburban,No,569964.6036997212
2060,5.0,1,1994,6.833097666772081,Urban,No,489267.6068179576
2522,1.0,1,1977,5.180053527636817,Rural,Yes,463332.5740850356
2291,3.0,2,2014,7.831482121565731,Suburban,No,523656.84779449453
1782,5.0,2,2019,1.6776613994851028,Urban,No,461526.32689683215
1295,1.0,3,1991,5.58121578629112,Suburban,No,306719.5239537398
2137,,1,1982,8.259198859792825,Urban,,506245.97760494036
1253,3.0,2,1965,3.7226716974085168,Suburban,Yes,259357.32412372628
2647,4.0,1,1962,8.590744366404051,Suburban,No,546715.0644680174
1918,5.0,3,1970,8.045490160943361,Urban,No,444112.76040396054
2597,4.0,2,2008,6.226022315995777,Urban,Yes,608174.051961288
1759,3.0,2,1996,3.2693372065497845,Urban,No,417234.04440019623
2134,3.0,2,1988,8.749667941443398,Rural,No,407351.16801695945
2104,5.0,1,1992,1.269719881006811,Rural,Yes,417119.7694927063
1977,5.0,3,1976,6.332619125932213,Suburban,No,446699.0955708596
1783,3.0,1,1986,8.043082004579437,Rural,No,357296.1310470648
2196,5.0,1,1952,5.368625866494961,Suburban,Yes,428760.4646943568
1536,5.0,2,1956,1.9257051316809743,Rural,Yes,331870.3029773017
1395,5.0,3,2007,8.505834210695445,Urban,No,423411.86894555006
2621,5.0,3,1969,9.18179264002999,Urban,No,593591.0627400625
2363,1.0,2,2014,6.069787241289532,Urban,No,512562.8654280228
2032,3.0,3,2023,8.084391877916238,Urban,Yes,495080.13510279084
2832,3.0,2,1963,6.496433080933525,Urban,No,541622.9641878317
1866,2.0,2,1998,6.159546548068012,Suburban,No,414033.1108601868
2661,4.0,3,2023,2.1769479883918197,Urban,Yes,592662.9815724881
2087,2.0,3,1986,4.931133517473592,Suburban,No,448940.9973104541
1487,5.0,3,1955,7.109143747324385,Urban,No,357309.34039848676
2924,5.0,3,1955,5.090347557113153,Suburban,No,563031.0531178894
2495,1.0,1,1977,6.559880893400448,Suburban,Yes,472982.8968145187
1939,1.0,2,1962,9.053278148524951,Urban,,404450.56383192353
2363,1.0,2,1962,4.295994685088488,Suburban,Yes,428584.7629299292
1798,1.0,2,1959,8.45637963520171,Urban,,370428.17085349694
2414,1.0,2,1988,1.2614066561478658,Suburban,Yes,450545.60388901754
804,1.0,1,1972,8.673960477787547,Suburban,No,242706.07063087652
1490,1.0,3,1986,1.9600956670083094,Suburban,Yes,388697.0140188698
2489,1.0,3,1957,3.892966514849919,Urban,No,481513.1525509753
1875,1.0,3,2009,5.621002398363617,Urban,No,445243.78494457004
2103,3.0,2,1954,6.850316267214707,Urban,No,438139.7655968382
1326,1.0,1,1976,9.578007716480874,Suburban,No,289472.57652869134
2923,4.0,1,1968,3.763273269059688,Suburban,No,558744.2456801812
2595,1.0,3,1992,1.768138816499049,Rural,Yes,480067.9316600644
1899,5.0,2,1992,5.129520467162891,Rural,No,390451.92241075425
1797,5.0,3,1984,4.107413806395386,Rural,,426500.2895395718
2514,1.0,2,2004,6.401072077444995,Suburban,No,540959.5224173163
2991,1.0,3,2010,9.305042788230935,Suburban,Yes,627568.3654245059
2476,5.0,3,1996,6.79022295213829,Urban,No,543790.5963934818
3085,4.0,1,2005,6.20212830713246,Suburban,No,596806.0605608926
1538,2.0,2,1967,3.2147612340273275,Suburban,Yes,307255.4321908964
1590,3.0,1,2014,3.382877710936999,Suburban,No,412075.82763169555
1405,5.0,1,2002,4.924683043145935,Urban,No,369007.0354804807
2220,1.0,3,1960,9.021631455028874,Urban,Yes,466017.92737988796
2087,3.0,2,1950,6.2153534822826835,Suburban,No,417618.8083702776
1924,1.0,2,1957,,Rural,Yes,354958.5701650795
2404,2.0,3,1968,5.882927688309619,Rural,No,414800.6329816773
2616,2.0,3,2004,8.504040171670768,Suburban,No,555385.9809098508
1237,5.0,3,1965,7.101048964274509,Suburban,Yes,371300.3832154574
1701,3.0,2,2015,,Urban,Yes,456222.0610180732
2410,3.0,3,1961,6.235667948561613,Rural,No,434900.9798361404
1766,2.0,3,2023,2.764257427412832,Rural,Yes,424175.9834825201
1600,1.0,1,2011,1.1685326254369959,Rural,Yes,351869.83935326315
2509,5.0,3,2007,3.8540251616976726,Suburban,No,515653.8686846434
1355,4.0,3,1970,1.564624227906232,Suburban,No,347103.793819671
1849,2.0,2,1986,4.663585279065513,Suburban,No,368703.60688974935
2164,2.0,3,1954,,Suburban,Yes,422812.07329654304
1713,5.0,2,2019,4.644219371330108,Rural,No,382198.0662203469
2391,1.0,1,1981,4.592829450911618,Urban,Yes,508913.99178102205
1715,3.0,1,2016,3.48642162557565,Urban,Yes,420483.49693469016
2704,2.0,2,1959,6.875374849986304,Suburban,No,489263.27351881866
1937,5.0,3,2018,4.900904314056936,Suburban,No,452204.663971541
2335,5.0,2,2011,9.041106760236318,Suburban,No,500400.8731884454
2373,5.0,3,1986,1.6847236772365966,Urban,No,494411.97011249576
1686,3.0,3,1996,4.695612293672247,Suburban,No,382803.82272493443
973,2.0,3,1998,7.983546798842123,Suburban,No,262771.0732823171
2180,5.0,2,1973,5.4508175447458385,Suburban,No,422371.16047560127
2036,3.0,1,1975,9.694731453965968,Rural,No,414444.10249506455
2277,1.0,2,2004,2.573406734458268,Urban,No,522240.2220529499
1886,4.0,3,1956,3.8442177511944293,Urban,Yes,436185.7549143351
1784,2.0,2,1990,2.0453865233216266,Urban,No,416847.28192400275
3004,,1,1951,3.22056686569167,Suburban,Yes,538673.5240458791
1263,4.0,2,1979,7.0527902670680875,Suburban,Yes,340991.73682546325
2366,4.0,1,1969,5.382513975914776,Suburban,No,463375.1725971854
1712,3.0,1,2005,2.4586050674092523,Suburban,Yes,389679.76094781474
1832,3.0,3,2023,5.272255623916658,Rural,No,396787.6793357638
1841,3.0,1,1973,8.626613129785772,Urban,Yes,448826.054482582
1598,5.0,2,1961,4.958432719378772,Urban,Yes,378768.7202566111
2285,1.0,2,1964,1.118930760941133,Suburban,No,389728.64111693954
2695,5.0,3,2022,1.494293849913432,Suburban,No,528136.6793571908
2235,4.0,2,1997,4.943083002797614,Suburban,No,474979.6859068718
2051,4.0,3,2010,6.3392061314477415,Rural,Yes,444302.9460846473
1506,4.0,2,2020,8.978797141608183,Urban,No,444468.7310468541
2258,3.0,2,1977,9.837653637863479,Rural,Yes,471886.7102036969
3078,,1,1952,9.823384987619244,Rural,No,527382.2114592151
1809,5.0,1,1965,6.021045808625155,Suburban,No,357347.2826967268
1812,2.0,1,1985,1.3215738239816697,Suburban,,364342.4712503225
1719,1.0,2,1953,2.9213391216315383,Urban,No,374502.05776321195
1755,1.0,3,1958,,Rural,Yes,352408.2002631687
627,5.0,3,1961,8.917083643608361,Suburban,No,248613.13011619062
2202,4.0,3,2023,1.1940301420079904,Suburban,Yes,487684.8210712442
1577,1.0,1,1993,5.584054915873601,Suburban,Yes,364516.36766280985
1194,2.0,2,2015,6.881189224341789,Suburban,No,295345.5601483125
2376,2.0,1,1968,3.594068497837949,Rural,Yes,409436.8512837305
1458,3.0,2,1962,3.84110533828857,Suburban,No,330012.00704450515
1830,4.0,2,2004,4.495843254975254,Suburban,No,398258.91912766924
2733,3.0,2,2014,3.471348441969987,Urban,Yes,596444.8590275857
1295,5.0,1,2019,4.934695821670463,Suburban,Yes,376933.04423690616
1233,1.0,2,1952,2.422836538685072,Suburban,No,205263.93081208147
2134,3.0,1,1974,2.793987057204244,Urban,No,451879.1990894736
2574,3.0,1,2001,1.3342253996097155,Rural,No,505039.172600048
3636,5.0,2,1965,4.701831862987817,Suburban,No,341349.1417599486
2203,2.0,2,1992,7.366044270960614,Urban,No,504419.66053789534
2290,2.0,2,2005,5.5553697749327675,Rural,No,463898.1437232312
970,5.0,1,2017,5.775920101702632,Urban,No,351816.0459216152
2399,2.0,2,1957,5.049517177980187,Urban,Yes,497872.2122864448
2438,5.0,2,1993,6.263620327894598,Rural,No,505553.50687850587
1844,2.0,3,1987,3.0670872033859493,Suburban,No,428242.19359642855
2626,5.0,3,1972,2.8676421984458744,Rural,No,509641.80454908893
2568,2.0,3,1955,9.477679918255856,Suburban,No,510212.236506872
2051,3.0,2,1992,5.053684638614592,Urban,Yes,478623.7526351026
1774,3.0,1,1993,,Suburban,Yes,378190.0751099955
1513,2.0,3,1972,9.25148577126222,Suburban,No,295723.13572505105
1981,5.0,1,1965,,Rural,Yes,400285.9986310274
2284,3.0,3,1958,3.6891394182284034,Suburban,No,453812.1642228539
1837,1.0,3,1958,7.118228901763605,Urban,No,405692.01133273804
901,2.0,1,2007,4.878225040942759,Suburban,No,259475.17800633886
2634,1.0,3,2014,9.757612910826122,Suburban,No,563701.2539841605
2095,1.0,1,2008,8.301606478391205,Suburban,No,460090.5850927556
1810,4.0,2,1972,8.334503409906993,Suburban,Yes,455845.9622565991
2428,1.0,2,2018,6.298201104017518,Rural,Yes,487455.4129348446
2762,1.0,1,1968,1.0757398874005648,Suburban,No,454245.5405498593
599,4.0,1,1984,8.486386498014863,Suburban,Yes,253359.69405264477
2217,4.0,2,2004,1.2283470413766957,Suburban,Yes,485721.2654849877
1286,4.0,1,1989,2.1012225492369336,Urban,No,337944.05434193264
2249,5.0,2,1963,8.548022076784807,Suburban,No,477697.2996126003
2063,4.0,2,1962,2.9691547554972817,Rural,No,421091.1473828737
2317,5.0,1,2002,8.570135320518013,Suburban,Yes,533301.6476431607
1750,2.0,3,1988,3.1271579909546676,Urban,Yes,409065.9934522603
1063,5.0,1,2014,7.936374879399129,Suburban,No,328538.526222916
1774,2.0,2,2005,,Urban,No,406607.1566104197
2203,4.0,3,1989,7.038944773032452,Suburban,Yes,479262.904576755
2507,4.0,3,1995,8.542732162370058,Urban,No,596899.0469752167
1414,2.0,2,1956,9.856255731678674,Suburban,No,315843.5049472597
2513,3.0,3,1994,1.7712262953152207,Rural,No,465172.2124704547
1676,5.0,3,1971,7.168449604414747,Suburban,Yes,426823.2974742643
2181,1.0,1,1956,9.628529329553691,Urban,No,440519.0446180177
1745,4.0,2,2001,4.364160620744552,Rural,No,410227.21561774204
2091,5.0,3,2017,4.003703511286295,Urban,No,527047.6790267405
2445,5.0,2,2019,7.119792900794723,Urban,No,558164.1686184568
1386,4.0,1,2016,4.6175595102438525,Rural,Yes,375099.15974771825
1660,2.0,1,1952,2.9301446474190724,Urban,No,344569.57963027817
2092,4.0,1,2007,2.453203772259324,Urban,,474083.1969765821
3200,5.0,3,2016,2.733671922812138,Rural,No,627546.3792012694
1568,3.0,1,2003,7.338799266937422,Suburban,Yes,395389.0450620306
3020,2.0,2,1958,9.268255963843309,Urban,No,559066.4345245833
3002,4.0,1,2003,8.254123282033614,Suburban,No,604344.6426835955
1951,1.0,3,2000,5.033814810005854,Urban,Yes,450388.72641657677
1850,4.0,1,1965,5.757410362269255,Urban,No,384333.2984268769
1653,5.0,3,1961,6.581560917670778,Suburban,No,370216.28603513836
1965,5.0,2,1969,6.219519683524154,Rural,No,403212.6258336986
1296,1.0,1,2002,9.716254711808098,Urban,Yes,430399.1965538496
1961,2.0,1,1980,8.980237683796359,Urban,No,413178.0398632471
2748,5.0,2,1970,,Rural,No,493651.4573925641
1694,2.0,2,1952,8.521892629699929,Urban,Yes,381752.01114950364
1879,2.0,3,1970,2.0265486547172062,Rural,No,328141.8666927271
1149,4.0,1,1977,7.21188583470394,Rural,No,311590.0825008569
2187,2.0,1,1954,3.5708501137754776,Suburban,,430582.2023663755
2132,5.0,1,2020,7.96045062332943,Urban,No,519851.9788752307
2031,5.0,1,2018,1.0774561579865414,Suburban,No,473490.3239121864
1891,3.0,2,2022,4.440446249722905,Suburban,No,450845.96764082665
1853,2.0,1,1996,1.1937008360066959,Rural,Yes,377045.27310860215
2250,3.0,1,1969,9.581770198042939,Urban,No,487220.0636199221
1985,,1,1987,1.138284284999059,Suburban,,428308.443609778
2157,3.0,3,1986,2.397609436049154,Suburban,No,456385.513575247
2107,2.0,3,2007,5.853455070586951,Rural,No,446973.60430798715
2561,5.0,3,1966,6.815359929410364,Suburban,Yes,503241.0269389875
2338,4.0,2,1991,7.56092133219492,Urban,No,544058.4295161983
2096,2.0,2,1981,3.2221211631877775,Urban,No,475810.5310347976
2759,4.0,2,2011,3.7089550525386814,Rural,Yes,561885.920149494
2210,1.0,1,1970,3.159126120093884,Rural,No,371249.115700178
2652,2.0,1,1982,3.1966554007587895,Urban,No,539278.4463538519
2303,,2,2016,8.036136229357876,Suburban,No,512611.8932132097
1079,3.0,3,1955,9.531989168505923,Suburban,Yes,284096.2396927187
2652,2.0,1,2015,6.362226420417027,Urban,No,579360.5507321586
2067,1.0,3,1981,2.4168753116358768,Suburban,No,415797.9931265729
1974,5.0,1,2013,1.5888953941154993,Suburban,No,419715.6143656156
2140,3.0,1,1975,3.15258912681242,Urban,Yes,478235.9261855056
1827,2.0,3,2011,2.60014971873495,Suburban,No,397994.9673757189
2113,2.0,2,1954,6.206690493626896,Suburban,No,408156.93912042404
1704,5.0,3,1960,7.281376001054111,Suburban,No,386276.87136221916
2637,5.0,2,2023,1.0413170296797722,Suburban,No,560242.7062623275
1943,1.0,2,1998,4.956583263038235,Urban,No,447450.36955364357
1808,1.0,1,2011,6.606813297711814,Suburban,Yes,421263.5690860355
1537,1.0,1,2009,2.7358811778603385,Suburban,No,332227.94727299555
2134,4.0,1,1951,9.108737509803154,Suburban,No,418461.8843924891
2093,3.0,2,2008,5.941110432055656,Rural,No,467078.94196616724
2194,2.0,2,1974,4.10858000694883,Suburban,No,411414.267825247
1486,3.0,3,2017,1.168080532783664,Suburban,No,344211.97312967584
1199,5.0,1,1991,5.358761781428864,Rural,Yes,286710.9011928287
2312,3.0,1,2020,4.023514295491398,Rural,No,486916.71238191583
2742,3.0,2,2004,9.725916627937869,Urban,Yes,614544.0526418182
1486,1.0,1,1987,4.408794672656257,Suburban,No,320423.9436670104
2794,5.0,2,1992,9.289066738943685,Suburban,No,601132.8643833984
2141,3.0,3,2019,,Suburban,Yes,504900.6857874744
1996,2.0,3,2002,1.6656675177617515,Suburban,No,396956.69752825756
1801,1.0,1,1970,9.394484297856161,Suburban,No,363559.8872803376
1307,3.0,3,1969,2.5160358120067436,Rural,No,240712.2401955151
2493,5.0,1,1968,5.0322121050508155,Urban,No,553969.4399694147
1612,2.0,1,1982,9.307036196392122,Suburban,Yes,379218.99654377886
1610,5.0,2,2012,8.456588979215415,Rural,No,391348.5473160934
2495,5.0,2,2017,5.388236158393706,Rural,No,547661.83752568
1058,5.0,1,2009,2.862284875359726,Suburban,Yes,287606.1807885602
1238,4.0,3,1968,5.5833494378423225,Suburban,No,333561.15178570274
1990,2.0,3,1977,5.928709375408379,Suburban,,412250.93992804835
2146,5.0,1,1971,9.972429566412117,Urban,No,519213.8907630931
2242,4.0,1,2000,8.416281583739877,Suburban,,493497.9743579264
1849,,3,2012,8.751853215599926,Suburban,No,385979.621857761
3265,4.0,3,2011,9.875686822818214,Suburban,Yes,668265.3896987818
1886,1.0,2,1978,5.709874136517405,Suburban,,376929.56134167506
1884,4.0,2,2023,6.267038400379032,Urban,Yes,503219.06372294127
1601,5.0,3,1981,5.089997952776265,Urban,No,407004.14896622975
2061,,2,2022,2.1290863902788018,Suburban,No,467666.46557917446
2307,4.0,2,1974,5.727310511165629,Rural,Yes,422179.49106585624
2601,5.0,1,1965,6.243299962845271,Urban,No,547727.5158415033
1255,,2,1964,3.1354493061848068,Suburban,No,230265.909491291
1877,5.0,2,2008,8.045418772420163,Suburban,No,480654.1041069416
2223,2.0,1,1997,2.1203409526437023,Suburban,Yes,419205.12114459876
2293,4.0,3,1967,5.517993245289801,Urban,No,526675.6886552812
2003,2.0,2,1972,6.964417762761556,Suburban,Yes,412180.88401831937
2271,5.0,2,2004,1.4943818838217409,Urban,No,498049.7894287175
1595,5.0,3,1991,8.236479786691365,Suburban,No,434735.62137588445
2778,3.0,2,1952,3.7373877374048523,Suburban,No,507338.0920010489
2496,2.0,3,2020,7.459742870863096,Suburban,Yes,572950.8990076897
1327,3.0,1,2001,1.9738832627923646,Suburban,,315069.58913063887
1462,2.0,3,1960,6.582687482339722,Rural,Yes,318079.98997236986
1476,3.0,3,2004,6.014909110727294,Suburban,Yes,399496.578568293
2338,3.0,3,1974,2.3500233357372275,Urban,No,477286.54399481765
1357,2.0,1,1990,6.622704056783405,Urban,Yes,400862.3234125073
1834,5.0,3,1986,7.221917612938516,Suburban,Yes,423689.6349333322
2227,,3,2004,5.48652110530154,Urban,Yes,502367.80237657117
1966,5.0,1,1958,6.207190887936266,Urban,No,464706.48436119384
6387,1.0,2,1985,8.98677601660827,Rural,No,384272.6942062046
1467,2.0,2,2006,7.279327130123878,Rural,Yes,347814.4673966914
2297,4.0,3,2012,9.153591970026055,Suburban,,502233.766754554
1693,,1,1969,5.971095583410696,Suburban,No,369881.97253929183
1837,3.0,1,1996,2.573677549064684,Urban,No,418125.9183430173
2118,5.0,3,1969,3.2166170831101923,Suburban,No,416157.46335117106
2051,2.0,3,1955,2.5876950830301393,Suburban,Yes,394833.4340040896
2011,4.0,2,2022,4.017236949156416,Suburban,Yes,458203.3331982894
1624,4.0,2,1978,5.297825351083987,Suburban,No,376467.7714519854
1850,5.0,3,1998,3.3033834333157217,Rural,No,414910.2864613246
2001,5.0,1,1955,5.2807127589177325,Suburban,No,417556.36811335664
1312,5.0,3,1988,4.2792227425613625,Suburban,No,339134.0083782232
1768,2.0,1,1981,5.998125381563577,Suburban,No,353507.4515768675
2193,1.0,2,1998,4.856623961190886,Suburban,No,416710.427136809
1361,1.0,3,1992,4.906835268230985,Suburban,No,319977.49226057035
2578,3.0,1,1977,5.415590655789379,Suburban,Yes,480344.7562734106
2634,2.0,2,1994,9.89087707522277,Rural,No,545295.10232535
1377,4.0,3,2014,6.00893603478901,Rural,No,358102.04774922994
2678,3.0,3,1999,7.510039599415926,Rural,Yes,518118.8959221549
1928,4.0,2,2003,4.75071032146263,Rural,No,405436.6041061453
2209,4.0,3,2000,3.9326415159834833,Suburban,Yes,500337.93456450436
1751,5.0,2,1992,9.249194780147826,Urban,No,481523.96249979734
2461,4.0,1,2013,7.681242950824137,Suburban,Yes,555318.7335521231
2203,4.0,3,1979,6.241867891819422,Suburban,No,442331.47937548027
1592,2.0,2,1991,4.027881642786047,Rural,No,353849.7704547648
1417,5.0,2,1987,3.3207424648634873,Urban,Yes,388378.6309429047
1269,5.0,1,2015,3.268645117635222,Rural,No,352946.07168403035
2093,3.0,3,2018,5.533577534706062,Suburban,No,483783.6705102799
2286,5.0,2,1964,8.873384194891518,Urban,No,518949.8859591257
2325,1.0,2,2010,8.929430382904938,Suburban,No,492813.9394614824
5823,2.0,2,1955,7.7048673738127125,Suburban,Yes,408152.0033634319
1421,3.0,3,1973,5.882420511402664,Suburban,No,356337.943508295
1658,1.0,3,1963,3.1141876396617105,Urban,No,340888.962992488
2576,4.0,1,1961,5.30967171574702,Suburban,No,508766.65858697897
1757,1.0,1,2004,7.252502967443909,Suburban,Yes,402586.8221056003
2071,3.0,1,2017,6.355149844151279,Suburban,No,471309.4770027966
1462,5.0,3,1993,,Suburban,No,400182.9909156728
2168,2.0,2,2000,4.853904575799948,Urban,No,468313.4591789358
1771,3.0,3,1987,7.772628668852366,Rural,Yes,427353.8725695949
2523,1.0,3,1990,8.580116112744804,Suburban,,533927.5409036276
2386,1.0,3,1993,7.506201133722286,Rural,Yes,490524.0142769529
1752,3.0,1,1965,9.441347836041915,Suburban,Yes,419762.2309950424
1936,3.0,2,1999,8.018861425293956,Suburban,Yes,464144.5682292547
1724,3.0,3,1987,5.055443668112185,Urban,Yes,445560.514632856
1290,5.0,1,1954,6.5507813746998504,Rural,No,315139.3911451529
1571,3.0,3,1958,5.539304798375234,Urban,No,375211.952938577
2099,4.0,2,1988,5.916909672422906,Urban,Yes,423260.55044335
2162,2.0,1,1976,9.061298775894471,Rural,Yes,424686.51860284363
2074,2.0,3,1981,3.7077266466014063,Urban,Yes,479442.54741489625
1849,4.0,1,2013,1.117853151065851,Rural,No,382254.02661105845
2466,1.0,2,1982,7.260821201470906,Urban,No,487375.14265851746
2031,1.0,2,1967,2.6291231401220436,Urban,Yes,402983.8245162078
2351,1.0,1,2016,2.3880917466214022,Suburban,Yes,493719.8205993434
1113,1.0,3,1954,9.932285872923861,Suburban,No,242671.57366373812
38,5.0,2,2008,3.400977308156521,Urban,No,197750.90986501577
2141,4.0,2,1953,2.8339098361171278,Rural,No,382558.7709433738
1287,2.0,3,1965,2.7188494904162326,Rural,No,276285.05230094126
1893,4.0,1,1997,4.711181860651805,Urban,No,462928.7060780856
1848,2.0,1,2015,4.684760436433892,Suburban,No,415428.8307488982
2793,1.0,3,1957,6.69249551060538,Urban,No,523053.03384689934
2199,5.0,2,1993,1.93274821625378,Suburban,No,461175.00809865055
2082,3.0,2,1970,6.7190041890077445,Suburban,No,406800.0839528499
2418,,3,1975,5.08269609740757,Suburban,No,467341.7594534285
2184,1.0,3,1984,2.8688868405952266,Urban,Yes,488874.65174680133
1771,1.0,1,1964,8.00398950368269,Suburban,,348173.4193651162
2535,4.0,1,1989,5.266566180899724,Urban,No,511033.09499646723
1445,5.0,3,1979,7.45355117131338,Suburban,,362430.6349527738
2161,5.0,2,2015,9.285126172710024,Suburban,Yes,529233.4031371411
1226,4.0,1,1962,4.180643048973938,Urban,No,301700.599628585
2101,,3,1950,9.08114003409732,Suburban,No,438523.0427947733
2096,5.0,2,1992,2.8030733533331826,Urban,No,468409.8097642596
2838,3.0,1,1977,,Urban,No,576044.76843665
1217,5.0,3,1950,6.973278060442559,Rural,Yes,323475.28646453883
1699,1.0,3,1989,1.9236850713544884,Suburban,No,315807.2722765528
2411,3.0,2,1983,5.093020083528398,Urban,Yes,537803.146088878
2167,1.0,2,1962,2.924490474050395,Urban,No,364281.5638863496
2090,1.0,3,2010,6.13770708906808,Suburban,No,472603.6239994855
1521,4.0,2,2015,8.261402502198365,Urban,No,437770.25780157244
1704,5.0,3,1953,1.38182013835853,Urban,No,374866.84055510664
2622,5.0,2,1962,4.719790169645497,Urban,No,510811.32431915397
1974,5.0,2,1985,7.576053530229128,Urban,No,491608.2137868193
2187,5.0,1,2010,4.080288725381779,Suburban,Yes,466915.46298703016
1942,3.0,1,2007,1.3753544733773315,Rural,No,418805.4577856662
1408,,2,1964,6.322422824449609,Urban,Yes,357601.4639021455
2466,1.0,3,1961,2.081480690389649,Suburban,Yes,460243.6004394435
2251,2.0,2,2018,4.329277322763968,Rural,No,448178.7301074384
3152,2.0,1,2010,9.9147986953028,Urban,No,674708.5668342729
1492,2.0,3,1991,4.582179719243516,Urban,No,334495.35391351173
2411,3.0,2,1981,8.58571251649714,Rural,No,473006.15567708714
1344,2.0,2,1951,8.738256109387374,Rural,Yes,260237.33258567873
2078,3.0,2,1957,3.365480525411006,Urban,No,435632.20499222196
2488,4.0,2,2003,6.359544818745137,Urban,Yes,554808.8991620941
963,,1,1957,9.52712797482639,Suburban,No,266400.7951112118
1897,4.0,1,1962,6.4569936754290165,Suburban,Yes,398423.72384646797
1718,3.0,1,1978,8.3192890135768,Suburban,No,392330.52256213693
4947,3.0,1,1962,5.1630663081459565,Urban,No,376765.9422194045
2192,1.0,3,2007,7.473946605410542,Suburban,No,457353.00571904297
2560,2.0,3,2012,1.1966679403342186,Suburban,,509746.0857081778
1933,,3,1996,8.087261126739012,Suburban,No,441238.73863649776
2102,5.0,2,2023,7.046644900228262,Suburban,Yes,564839.8389753758
2057,2.0,3,1987,4.229638683454728,Suburban,Yes,445139.93709395593
2000,5.0,1,2018,4.752873193582644,Suburban,No,465608.5283575993
1455,5.0,1,2018,3.939525161071403,Suburban,No,333182.59907324024
2554,5.0,2,1989,5.718579271945855,Rural,No,522106.9536820548
2147,3.0,3,1950,1.978080707741578,Urban,No,390216.405595932
2197,3.0,2,1951,8.604234446064002,Rural,No,405418.11636256427
1596,3.0,2,1978,5.302483106366541,Urban,No,374701.0703973423
1770,2.0,3,1956,1.3879196049761626,Suburban,,370484.7559877347
1911,4.0,2,2006,5.976655667712566,Rural,No,428187.2611447867
1232,5.0,3,2004,9.374654221856934,Suburban,Yes,363290.96403789415
1155,1.0,3,2022,1.787144554582217,Urban,Yes,319818.94990476564
1699,3.0,2,1985,2.108733088304849,Suburban,No,367602.1563770952
2261,1.0,1,1956,4.484649547434477,Suburban,Yes,436320.5026658735
1673,5.0,3,1959,7.620618346613491,Suburban,No,381217.9176215016
1490,4.0,1,2023,6.441597433678122,Suburban,No,388816.3650068158
1592,1.0,1,1988,5.121635412985601,Urban,No,368024.6612106386
1772,5.0,3,2007,9.934713018439297,Rural,No,462211.8542007462
1823,5.0,1,1989,2.672139548394471,Rural,Yes,405843.19075027795
3082,3.0,2,1963,8.395811154315517,Urban,No,607335.0444285659
7581,4.0,2,1950,2.114532558082845,Suburban,No,445518.7990744237
2512,5.0,1,1966,2.6164632364872524,Urban,No,527948.0100896193
2584,4.0,2,1998,3.658998390161624,Suburban,No,537295.5066090919
1500,3.0,3,1965,8.857861469828777,Urban,No,404166.5947379847
1388,1.0,3,1956,4.997851562976645,Suburban,No,302624.2324133494
1446,2.0,1,1964,4.562068701655955,Suburban,No,307410.7946028222
2667,2.0,2,1970,5.416532121587252,Rural,No,481686.9029456109
1726,2.0,1,2015,6.67815698866916,Suburban,No,387273.885997719
1374,4.0,2,2008,4.8114475122617595,Suburban,No,366035.37952157314
1784,2.0,3,1997,9.662785196451692,Urban,Yes,452892.40026738384
1880,1.0,2,2022,2.2180771885874155,Rural,No,353613.9454482591
2134,5.0,2,1999,5.280996738495107,Suburban,No,513624.08123775217
2125,4.0,1,1959,4.738897522961679,Rural,Yes,392769.5575079799
1585,1.0,3,2001,7.234361360051086,Suburban,No,353712.2800898819
2342,4.0,2,2017,9.667750242205583,Suburban,No,539739.1333687373
1680,,3,1979,3.5957158696464795,Suburban,Yes,392915.1147224768
1921,4.0,2,1983,9.59793853517758,Suburban,No,442933.6311392334
2343,3.0,3,2014,8.449296688872304,Suburban,Yes,529538.115150652
1679,5.0,2,2009,8.29430120684638,Suburban,No,442550.0358586988
1715,2.0,3,1957,1.6576835464655222,Suburban,,365407.0040394728
2295,3.0,2,2014,9.465251073773231,Urban,No,528019.5114137186
1571,5.0,3,2018,8.550350618047164,Rural,Yes,402334.88687550975
1807,2.0,2,2006,7.161248119803505,Urban,No,399593.56961324776
2277,3.0,2,1994,2.150733150418258,Suburban,Yes,462754.32979600417
3027,3.0,3,1998,4.7803353335108225,Rural,No,572725.4137519232
2302,1.0,1,2023,8.562054302768122,Rural,No,483134.57006845047
2236,3.0,2,2011,4.937782389255331,Urban,Yes,514815.1544687867
2265,4.0,2,1988,4.928096516887392,Urban,Yes,544660.1535366442
1463,3.0,1,1970,3.4311322709576384,Suburban,Yes,342941.53534298396
2057,4.0,2,2002,,Suburban,Yes,456606.20440944657
1985,5.0,3,1994,5.6170343173263335,Urban,Yes,493675.50031819596
2160,5.0,1,1977,7.970225441957958,Urban,Yes,487615.2013135161
2058,,2,2002,2.314642195637488,Suburban,No,426051.2374259565
2189,,3,1958,9.043998105304558,Urban,No,440437.53949415724
1844,1.0,3,2020,5.997555865470234,Urban,No,456620.29181516526
2029,5.0,1,2010,8.310689925615485,Urban,No,517294.19730009814
1386,3.0,1,1976,7.003358853657343,Suburban,No,292597.9707204859
1840,5.0,1,1971,2.2145106112111925,Rural,Yes,386914.87832962547
2695,5.0,3,1979,9.159329949806928,Suburban,No,570750.9929639888
2159,4.0,2,1964,7.463347775598514,Suburban,Yes,467806.6259135701
1989,1.0,3,1964,1.320210907550479,Rural,No,342770.80262407655
2948,4.0,3,2002,6.22039814855892,Suburban,No,590408.0820862406
1319,5.0,1,1972,5.321135859181089,Suburban,Yes,364219.4213935843
1445,2.0,2,2019,8.732386686171175,Suburban,No,356508.0060074115
2856,3.0,3,1965,2.1050642056925053,Suburban,Yes,492628.5667345887
2022,5.0,1,2014,6.31759641315896,Urban,Yes,502371.67020574893
1878,4.0,1,1994,3.7925203584448646,Rural,Yes,427320.0646952819
1400,2.0,2,1956,3.2105698029387213,Urban,No,314956.83940030227
2223,2.0,2,1994,1.2028181534957514,Suburban,No,415082.05826326617
2272,5.0,1,1988,3.990055274649728,Rural,Yes,480544.0922861279
1452,1.0,2,1999,4.564862943867994,Urban,No,362754.2680573915
1929,2.0,2,1998,5.0300803451898535,Suburban,No,414526.95959634683
1832,3.0,3,1997,,Rural,No,382703.676602542
2127,4.0,2,1998,4.631881880974707,Rural,No,454102.0536146236
1440,4.0,1,1989,,Suburban,No,318405.80355748447
2625,4.0,2,1988,4.583316108051217,Urban,Yes,595873.7754316364
2457,5.0,3,2006,1.6260850529821087,Urban,No,519907.9825543541
1818,4.0,2,2012,9.748668063221526,Urban,No,489469.62027716945
1891,4.0,3,2005,1.596100678020807,Suburban,No,397286.5995886924
1931,3.0,2,1951,2.8170176815007055,Suburban,No,336979.6678109685
1610,1.0,2,1975,4.8522847279229095,Suburban,No,339740.76512741
1778,5.0,1,1972,9.40065246707714,Rural,No,372413.56981462997
1864,5.0,1,1967,2.6086344689095524,Urban,No,405998.0950666351
2806,4.0,2,2017,4.5980064183548945,Urban,No,589251.4581847563
2473,3.0,2,2009,9.903853523829603,Urban,No,599341.090191774
2467,2.0,3,1951,6.418428635528971,Urban,No,476342.9696400775
2184,4.0,3,1998,6.531249462955147,Suburban,No,499022.9514216537
1441,4.0,1,1987,9.767164307110896,Rural,No,332777.9237369002
1979,5.0,2,1980,5.554883714674066,Urban,No,432110.3305928483
2485,5.0,2,1989,1.023046700808761,Urban,No,525809.8995269239
1370,4.0,3,2002,1.2788167912125183,Suburban,,355664.8657819368
2318,5.0,2,2013,7.132583201421724,Urban,No,552420.9028977712
3161,3.0,2,1982,2.9036010563258046,Rural,No,554693.3250325121
2530,2.0,2,2007,5.3063266219845815,Suburban,No,516886.3962665558
2707,2.0,3,1999,,Urban,No,583795.9515228948
2109,2.0,3,2013,7.006151014910428,Urban,No,503100.34004226065
2483,4.0,3,1952,1.7537198711460413,Urban,No,470499.9153807297
1641,4.0,2,2010,7.840393140940476,Suburban,Yes,415793.865762549
2397,4.0,3,1959,9.2815121346839,Rural,,480980.2219195093
2327,,1,2015,3.3017098299561862,Suburban,Yes,483062.94137018005
2144,2.0,1,2000,4.4240146836286875,Suburban,No,433148.01430157846
2658,5.0,3,1979,7.694363400192425,Suburban,No,568957.3808657078
1730,5.0,3,1974,3.235965964094761,Suburban,Yes,402907.2006107022
1906,1.0,2,1992,5.880201075156104,Suburban,No,394931.7548739906
2047,1.0,3,2013,6.939521527099642,Suburban,No,424185.0801253919
1485,5.0,3,2008,8.913465648253789,Urban,No,408857.37678073696
2113,2.0,1,2011,4.10829167247369,Suburban,,466417.0795701451
1140,4.0,1,1959,5.433834079942463,Urban,No,303459.12349853606
7569,5.0,1,2013,2.661394660739583,Suburban,No,503206.2834027251
2023,5.0,1,2009,,Urban,No,506111.40455117874
1739,1.0,3,1969,1.854427534378599,Urban,No,339770.8210657948
1582,2.0,1,1998,2.7787397052104765,Suburban,No,329228.50413080805
1882,,2,2023,4.115901946235449,Suburban,No,445219.5896943191
2344,4.0,2,1976,4.818446404040534,Urban,No,531364.7547932944
2273,,3,2000,7.361897578667562,Suburban,Yes,527036.305259489
1647,3.0,2,2006,5.1260402913758165,Rural,Yes,387440.9164599409
1576,4.0,1,1986,1.4414422803394746,Suburban,,331150.7157888446
2328,5.0,1,1952,7.80170840770057,Rural,Yes,445664.4216076904
1638,5.0,2,1978,5.79517146766675,Suburban,,377741.7669305433
2029,4.0,3,2017,,Suburban,Yes,545273.9889392775
2061,1.0,1,1996,6.717160580490828,Suburban,Yes,418688.12111081934
2156,2.0,1,2018,5.805386236026997,Rural,No,421546.68570219586
2429,5.0,2,1970,3.649859756743446,Suburban,Yes,490636.5869540123
1368,,3,1991,3.1281435428472695,Rural,No,352614.1711977917
1044,4.0,3,1970,3.070304030107277,Urban,No,299477.61827643047
1716,5.0,2,1951,4.664105435529888,Urban,Yes,398352.963296822
2900,3.0,1,2018,2.5423427512711134,Urban,No,580955.7582016813
3011,2.0,2,1956,8.597888247099334,Suburban,Yes,582446.1358178727
2915,5.0,2,1984,8.2467765966814,Urban,Yes,662679.7706155896
1903,4.0,2,1979,7.559628794485346,Rural,No,380159.40281687013
1108,3.0,1,1993,1.438756919659613,Rural,No,239986.5298493635
828,5.0,1,1995,1.6471528345587767,Suburban,No,237775.7980773223
1692,2.0,2,2004,6.727827540037264,Suburban,Yes,394113.1452138035
1900,3.0,3,1950,7.74071449508027,Urban,Yes,434552.5591443853
2650,4.0,2,2003,1.240443467789265,Suburban,No,509553.75854894746
2433,1.0,1,1950,3.6145019777362117,Suburban,No,414119.4442186916
2113,2.0,3,2012,2.2265487020260117,Rural,Yes,425208.5736514934
1555,3.0,3,2004,3.081510858227593,Suburban,No,358783.9431681829
1519,5.0,1,1976,5.6653930288512715,Suburban,Yes,374924.8807104158
2127,5.0,1,1964,1.9832023201401534,Urban,No,459683.16510671756
2348,3.0,2,1958,3.0685071804358417,Urban,No,469932.5297949526
2195,5.0,1,2018,6.084175553738535,Urban,No,536180.3435513445
1482,3.0,3,2008,5.572981666979411,Suburban,Yes,449190.89388295606
2325,2.0,2,1972,8.718319136070846,Suburban,No,469500.9800753512
2212,5.0,2,1960,2.355217509780231,Urban,No,491909.36315884936
1464,2.0,3,1973,,Suburban,No,325199.05371499027
1607,4.0,1,2021,9.319237360940095,Urban,No,441805.0078692179
7032,4.0,2,2003,8.162184295063229,Urban,No,570268.1755854087
1882,,3,1980,6.376215981483946,Urban,Yes,486862.5550268555
2794,4.0,3,1971,7.920932772180122,Rural,No,541542.6288794737
2250,5.0,3,1963,5.0354270317463286,Rural,Yes,465552.83828939596
1756,3.0,1,1954,9.1961845901926,Suburban,No,364017.6507925327
1994,5.0,1,1966,6.396907952290273,Urban,No,467296.2572662706
2031,5.0,1,2020,7.260721857822242,Urban,No,521659.4306445768
1635,2.0,1,1993,6.867874730659325,Suburban,No,368319.6531396917
1543,3.0,3,1998,7.054880796995787,Rural,Yes,343452.3294018749
2350,1.0,2,2014,6.769567367949252,Suburban,No,526674.2561543743
2422,1.0,3,1953,1.6638795569642906,Urban,No,483474.22606634884
2301,3.0,2,1958,6.434642526134196,Suburban,Yes,455668.4986175354
2757,1.0,2,1985,8.050594837166114,Rural,No,499530.3717261096
1729,3.0,2,2000,1.0035626174241508,Urban,No,401601.0054766548
2837,2.0,1,1981,9.025082002415472,Suburban,No,545922.4799552639
1549,2.0,3,1967,9.570103446460358,Suburban,No,369448.77350199025
1493,5.0,2,1964,2.1537129042434477,Urban,No,313914.1938551712
1120,1.0,3,1969,5.815469836807674,Urban,No,297170.8349192974
1777,3.0,1,2007,1.9953684087411014,Urban,No,387118.7497565899
1748,2.0,2,1989,3.547070715012342,Urban,Yes,385496.77565614606
2262,5.0,1,2015,6.593432934812395,Suburban,No,522365.067714546
2121,1.0,1,1962,3.725673323961222,Urban,No,413840.5417387727
1403,1.0,3,1962,4.289951376163876,Urban,No,329534.82981001947
1803,1.0,2,2011,7.715213985424981,Suburban,No,386411.9618011943
1814,2.0,1,1977,6.1748484233147805,Suburban,No,342109.971041507
1112,2.0,3,1995,5.662403033385019,Urban,No,333115.68413970264
1509,1.0,2,1964,3.9175615748459474,Suburban,No,267688.8467997302
1614,2.0,2,1993,7.337359261305184,Suburban,No,335838.6778761796
2716,1.0,1,1972,4.81569956336809,Urban,No,516659.9078131308
2095,4.0,1,2016,9.089323976800525,Rural,No,439238.48046830145
2331,2.0,1,2015,6.414388438936327,Urban,No,511118.3800544647
1250,3.0,1,1999,5.8448134052047696,Urban,Yes,354372.2381435744
2597,2.0,2,1962,8.22821043300208,Rural,No,476579.1888867411
2650,1.0,1,1951,5.368970611785089,Urban,No,495555.05340004124
1000,3.0,1,1983,3.5135949699815985,Rural,No,271862.9911362524
1647,5.0,1,1989,2.395873093306758,Suburban,No,347497.6917743111
2247,3.0,2,2018,6.05636618270571,Urban,No,483810.65866210486
2322,3.0,3,2010,4.823709407888066,Suburban,Yes,466639.40685193584
1660,2.0,3,1974,4.576384034398698,Rural,No,338410.69516390143
1847,3.0,2,2012,4.144664707893567,Suburban,Yes,446141.1854299501
1701,3.0,3,1977,7.044509942988221,Suburban,No,392366.0275042173
2055,1.0,2,2005,5.670967931988276,Suburban,Yes,471474.80745053035
2598,2.0,1,1975,5.835147916444735,Rural,No,445888.6696803719
1614,1.0,3,1976,3.773123211339377,Rural,Yes,316922.5637970828
2500,2.0,2,1975,6.52285880535182,Suburban,Yes,474586.2428342438
1609,5.0,2,1964,4.631644670322057,Suburban,Yes,319215.6114820698
1576,3.0,1,1999,7.9253194579260295,Rural,No,366589.4692617362
2409,2.0,2,1955,5.765774992533484,Suburban,Yes,472378.92502436356
2460,3.0,3,2017,3.60507250706451,Rural,No,484451.05135610513
2425,3.0,1,1953,2.3295670013513807,Urban,No,450773.6874290062
1342,4.0,2,1979,7.299423988841365,Rural,No,312767.3630959175
1767,1.0,1,1958,4.339951311883446,Urban,No,365392.7404844567
2411,,2,1991,1.5896006606263322,Urban,No,485460.81463900814
2020,5.0,3,1963,9.234268318676314,Urban,No,467421.7668876018
1463,4.0,3,1989,4.479807079005235,Suburban,No,378114.02778288565
2229,1.0,1,1952,7.713489332387351,Rural,No,393140.4607803688
1642,5.0,2,1990,5.130236692065056,Suburban,No,413977.93892313173
2897,5.0,1,1982,9.018334802594914,Urban,No,630882.0201843117
2772,3.0,1,2009,1.2616502230571331,Suburban,No,512312.0695854656
2302,1.0,3,2013,3.334661389362701,Suburban,Yes,516361.51770201785
2680,4.0,1,2011,5.911983635442739,Suburban,Yes,561532.679229474
2032,2.0,2,1956,3.9090621166575095,Suburban,Yes,398129.4794564533
2382,2.0,3,1999,7.684196982891136,Suburban,No,509032.1516887873
2738,4.0,2,1988,7.1957633057645305,Urban,No,569742.9244439014
2122,,1,2020,1.2297187232170528,Suburban,No,449317.68846053287
1872,3.0,3,1996,6.404617002956812,Suburban,No,444629.8293736338
1147,5.0,2,2019,8.522977523594697,Suburban,No,376046.7901968763
1958,1.0,2,1975,3.8405980690598933,Suburban,Yes,376892.2951082245
2411,5.0,1,2007,2.2542305114565995,Rural,No,465580.6839842572
2472,2.0,2,2022,7.644673780150439,Suburban,No,526074.5717681071
2252,4.0,1,2000,9.103847152717616,Suburban,No,507182.31540361093
1729,1.0,1,2001,6.912137997088262,Urban,,418774.15186574304
1011,4.0,1,1965,8.614392888262934,Rural,,266385.8716008096
1752,1.0,1,1997,9.987985038125121,Urban,Yes,446332.81671461416
1847,2.0,3,1976,5.494474786772132,Suburban,,347510.48863398266
1843,2.0,2,1982,9.417598379014045,Suburban,No,392346.1402591992
2309,1.0,2,1972,4.099259674733851,Suburban,Yes,429917.6309463385
2992,3.0,3,1994,7.71083601901157,Suburban,No,628306.7725132833
2061,1.0,1,1971,9.113195281050396,Urban,No,475073.17823698174
1891,2.0,1,1991,5.687877372283795,Suburban,No,389642.01251447067
1870,4.0,1,1982,6.6382059733032035,Urban,No,466415.82344347803
2062,5.0,1,1959,,Urban,No,468206.0984334572
1585,4.0,3,1996,3.2606197573427105,Rural,No,359755.6364623094
2060,2.0,2,1988,4.203800970471384,Urban,No,450177.6425896933
2225,4.0,1,1995,,Suburban,Yes,539605.4522190201
2104,3.0,1,2021,4.068732968040232,Urban,Yes,517055.15302931244
2228,3.0,1,2000,,Urban,No,489420.4018032264
2216,1.0,2,1974,1.4541194074012322,Suburban,No,450387.4107211379
1114,4.0,2,1964,6.089356365035511,Suburban,No,279956.634022389
2318,4.0,3,2007,6.641063312289946,Rural,No,500085.3558486402
1664,2.0,2,2008,1.7434404993812966,Suburban,No,358038.8438250187
1452,1.0,2,1975,3.1951195221351125,Suburban,,285106.5418128689
1447,1.0,1,1990,4.898680803653833,Urban,Yes,362139.7839732642
2216,4.0,2,1993,8.03116955911577,Rural,No,467103.5078983854
1888,5.0,1,1971,1.1949128847458792,Suburban,Yes,406804.6484925573
1159,4.0,3,1986,3.982145518855094,Urban,Yes,281919.17490318196
2239,4.0,1,1963,1.044033320768265,Urban,Yes,456237.9388464084
1280,4.0,3,1953,5.691541506062094,Suburban,Yes,310853.56701527926
2069,3.0,2,1973,5.488981385325211,Suburban,No,424144.165666513
2119,1.0,3,2015,7.7983458727068,Suburban,No,481262.673165839
2442,3.0,1,2012,1.0352762817423475,Urban,Yes,489125.25735764345
2890,5.0,2,2014,7.828422569322325,Suburban,No,611827.960920479
1317,2.0,2,2015,9.021043594931099,Suburban,No,364024.1253554273
1973,5.0,1,1962,3.8567810666455324,Urban,No,472259.9876813297
1861,1.0,2,1976,4.003213022865062,Urban,No,398972.6381043181
2216,2.0,1,1966,,Suburban,,421795.76334067853
2107,5.0,3,2018,,Urban,No,495065.9352075339
1823,1.0,3,2006,6.517126559711861,Urban,,454083.45925441635
1779,,2,2021,2.1042537655562707,Suburban,No,438440.548546393
1441,2.0,1,2022,6.914484108893003,Urban,No,382484.934067908
2493,,1,1967,4.2916840338108635,Suburban,Yes,489053.8514144424
2229,5.0,3,1965,7.056981006881024,Suburban,No,446501.552332215
2458,3.0,1,2000,3.2598755142135345,Suburban,Yes,474456.0876031052
1844,5.0,2,1989,7.971817459601817,Suburban,No,445446.79668724554
1671,5.0,2,1988,5.939675757877864,Rural,Yes,424309.53212566156
1460,5.0,3,2005,5.798754461987934,Suburban,No,405738.5629541247
2179,3.0,1,2003,5.393428136800733,Urban,No,492653.4378036004
1480,4.0,2,1993,8.577773712784172,Suburban,Yes,386000.1104088867
2924,2.0,2,1995,5.988292309944812,Urban,No,585743.8304666943
1346,1.0,2,1981,2.4363932169984923,Suburban,No,290579.76476545696
2136,2.0,1,1997,6.632254817813299,Suburban,No,414501.4157370685
2783,2.0,3,2010,5.626779738541408,Suburban,Yes,559161.4665720267
2299,4.0,3,2015,1.6203953536475368,Suburban,Yes,533578.5666373805
2087,2.0,2,1987,6.229728784265013,Suburban,No,444721.2198211506
1515,,3,1992,1.7144623534594157,Rural,No,312767.6331077326
1309,3.0,2,1953,7.5234867103667415,Urban,Yes,352816.0663421916
2385,3.0,2,1954,6.893026868405117,Suburban,,460149.2321600281
2753,3.0,1,2007,5.439307849808577,Urban,No,618205.7586542522
1780,,2,1986,7.739058674660995,Urban,No,408233.21899701486
1430,3.0,2,1975,3.526683390835938,Rural,Yes,300903.5935840247
770,1.0,1,1958,5.0178354226208,Suburban,No,187671.85068667153
1509,4.0,1,1964,1.1375952628635462,Urban,No,359813.9712848694
1943,5.0,3,1975,9.89463983864849,Suburban,No,476584.91677743895
2799,3.0,1,2012,1.506291481110096,Urban,Yes,620216.3445327114
2336,4.0,2,2019,1.9400974565594606,Suburban,,484002.4682242548
2152,5.0,1,1976,5.453970326497844,Urban,No,458667.6564206303
1799,2.0,1,2003,4.383129460043097,Urban,No,416253.94776737265
1708,,3,1980,5.791138079191045,Suburban,Yes,408929.06176883745
2702,4.0,1,1981,8.515102767926283,Urban,No,573121.1935213864
2100,1.0,2,1951,2.4275859363987182,Suburban,Yes,377367.9212482449
948,1.0,2,1967,6.755784618769571,Suburban,No,243418.35865256138
1663,4.0,2,1977,1.162318535560162,Suburban,Yes,359554.96490858006
1570,1.0,1,2020,8.110401348734054,Urban,No,415342.18293217313
1726,1.0,1,1974,8.340665693516861,Suburban,No,359708.86570696667
2281,2.0,2,1988,4.4144001742592405,Rural,No,433315.36332106614
1946,1.0,1,1998,2.5599992435599526,Suburban,No,377867.9024621039
1961,1.0,3,1953,8.299549659687619,Urban,No,412264.6895592694
2656,4.0,3,2001,9.182881320354824,Suburban,No,567448.0882719029
1651,1.0,3,2017,1.6777603664685161,Suburban,No,352869.2842110318
2932,3.0,3,2006,6.218260963897532,Suburban,No,573071.9189889305
4992,3.0,2,1962,9.443389053473686,Urban,Yes,384881.65825596254
2044,4.0,1,2014,6.793622780230856,Suburban,Yes,501543.2743079063
1859,3.0,3,2012,,Suburban,No,470369.03257129807
2061,2.0,2,2020,3.068397526496721,Suburban,No,456957.48060808436
2222,4.0,3,1974,1.9210183600370931,Suburban,No,450370.38491716393
2216,1.0,1,1972,4.385691448486019,Urban,No,496421.7524355992
1623,3.0,3,1979,4.555991419370656,Suburban,,351428.77230124164
1438,2.0,3,2010,8.075833215651386,Suburban,No,369602.39073689
3251,4.0,3,1956,4.65665033237177,Rural,No,572332.6347546924
1758,4.0,3,2003,3.1294202901410655,Suburban,Yes,423184.7234205506
2349,1.0,1,1966,8.977064617870862,Suburban,Yes,425551.88626245584
1196,5.0,2,2009,8.043889009692265,Suburban,No,377407.18854799645
1860,3.0,3,2015,7.005714727273933,Suburban,No,434959.8919986223
1936,2.0,2,1987,2.8640138086390925,Rural,No,361163.47969832685
2236,4.0,1,1962,2.8433082468446487,Suburban,No,433708.0830978597
638,3.0,1,2001,5.422196973488744,Suburban,No,222523.2796219604
2083,2.0,3,2001,5.778287442013279,Suburban,Yes,457775.12131958536
1425,2.0,2,1981,3.304857832589133,Suburban,Yes,306270.3211441549
2162,4.0,3,1958,2.110333607610295,Urban,No,423492.99585248035
1481,3.0,1,1966,4.268833433860134,Urban,Yes,372587.5246431189
1572,2.0,3,1989,4.861748972099057,Rural,No,340836.2790047624
1863,4.0,3,2003,1.4728760110315189,Suburban,No,448277.03999093897
1473,,2,2003,6.081758562046653,Suburban,Yes,347719.9618594899
1762,3.0,1,1977,1.0180960010531162,Rural,No,329186.5170721499
1403,4.0,3,2021,2.3605565854615387,Urban,No,391758.18336096493
1083,3.0,3,1999,2.322636376027298,Suburban,Yes,294080.4995645601
2508,5.0,3,1967,7.187991350478562,Suburban,Yes,539974.1551598356
1351,2.0,2,1962,5.373025618669807,Suburban,No,291635.9529571141
1910,2.0,1,1982,8.524326782266298,Suburban,No,422542.9857377403
2376,3.0,3,1964,3.3836377974941207,Urban,No,459433.36075575795
1692,4.0,3,1987,2.8951694122566667,Suburban,Yes,388406.5969119503
1587,1.0,3,1955,8.226055815594874,Suburban,No,305053.1980794281
2113,3.0,1,1994,4.997836769548556,Urban,No,453169.3739599866
2558,1.0,2,2008,3.4680757021411512,Suburban,No,473350.4605724982
1415,3.0,2,1997,4.76433816929621,Urban,No,389470.3683064043
1924,1.0,3,1990,4.827461722876622,Urban,No,420340.67137168965
1133,3.0,3,2023,6.148968921621375,Suburban,Yes,356953.5435282555
1803,4.0,2,2004,,Suburban,No,358966.77270158316
2017,1.0,2,2010,3.2315413449899215,Urban,Yes,476669.5993357189
1572,5.0,2,1951,5.202046757697943,Suburban,No,341680.56113678514
1771,4.0,3,1951,5.880637597934205,Suburban,No,373736.43753777415
1295,3.0,3,1959,2.428800451541708,Urban,No,333780.51850899914
2038,1.0,2,1988,2.7426018534961356,Rural,No,383009.54288450396
2527,2.0,2,1951,,Suburban,No,436234.84714194504
1451,4.0,1,2014,8.070014451388218,Urban,No,426874.51902189065
1688,1.0,3,2015,1.6762824579918432,Rural,No,369909.69955320505
2251,4.0,1,2001,9.910720611732184,Rural,No,450424.0603482968
2606,1.0,2,1993,4.8981146617778295,Suburban,Yes,514542.73902492
1253,2.0,3,1983,6.271758448548448,Urban,No,309281.23777605576
1915,5.0,3,2022,,Suburban,No,494925.71073879045
2141,2.0,1,1994,4.114195847308484,Suburban,,434235.0589555253
1948,3.0,1,1981,5.903115493665778,Urban,No,435054.6772253992
761,4.0,1,1954,6.2506187146101695,Rural,No,187529.14219955387
2250,5.0,1,2012,7.846865323846253,Urban,No,527524.8194881816
2759,4.0,3,2018,6.9561318718396326,Urban,Yes,625514.1157366396
2058,1.0,2,2003,5.020094068482763,Urban,No,447227.3506108532
1484,3.0,2,1987,2.721975505522495,Rural,Yes,336054.69580535515
1743,3.0,2,1958,1.2264401851202686,Suburban,No,335504.93822874234
2884,4.0,1,2010,6.86668510296528,Suburban,No,587245.3797132393
2454,3.0,2,1970,5.2993438117122995,Rural,No,406841.93906997424
2320,,1,1985,9.689722817944313,Rural,Yes,519721.9521438144
2178,1.0,1,1950,1.8848517925302457,Urban,Yes,436120.336550297
1669,1.0,2,1971,1.6536087918996807,Rural,,298338.90811150067
1899,4.0,2,1964,2.6315063007882262,Urban,No,410106.79517126625
1961,2.0,2,1995,4.391504891989392,Urban,No,444839.6166780033
2274,2.0,3,2014,2.5765720583767178,Rural,No,477243.3232673989
2754,1.0,1,1955,5.174614789323702,Rural,No,483443.4323046498
2559,5.0,3,1989,4.057371331141876,Suburban,No,525859.7164104257
1290,2.0,2,1984,9.99543683702422,Suburban,No,300769.6581332902
2111,4.0,3,2010,9.700328405801773,Urban,No,539278.4791510917
2368,1.0,3,1972,4.283343004313455,Suburban,No,478769.0004795539
2309,3.0,2,1969,8.128895094309438,Urban,Yes,496691.8867520089
1685,3.0,2,1977,3.1748289734854547,Rural,No,336125.1341675048
3457,2.0,1,1986,1.5197197629877996,Suburban,Yes,624315.1733393084
1361,5.0,1,1956,1.3643924201685966,Urban,Yes,324101.3302109008
1458,2.0,3,1998,1.2625937813425456,Suburban,No,292969.8010181695
2116,5.0,2,1973,7.623416273269411,Urban,No,464509.35115530126
3058,2.0,1,1962,4.080004068565519,Suburban,No,545751.1681612782
1581,3.0,1,1956,8.41451415892693,Urban,,384546.05623595905
1867,5.0,3,1964,8.864505426176429,Rural,Yes,417353.72508726694
2538,3.0,3,1972,3.7495476148378035,Suburban,No,464726.29273885756
1991,4.0,3,2018,3.602292460807156,Urban,No,491683.9294382075
1832,4.0,2,2009,3.77135246680182,Suburban,No,427932.1881719201
2282,1.0,1,1959,,Suburban,No,401809.0415852903
2136,3.0,1,2000,1.1435027890364737,Suburban,Yes,447448.41684407066
2515,3.0,1,2013,1.0975841463922484,Suburban,Yes,508465.97932818555
2645,1.0,3,2020,7.619283996710735,Suburban,Yes,567590.7398745565
2153,4.0,2,2005,8.273875342054668,Suburban,No,515268.771845742
2145,4.0,3,1981,2.8371449147822405,Urban,Yes,471786.90546640864
2107,5.0,3,1972,6.344893584444396,Suburban,No,497886.139230353
2244,5.0,2,2003,2.944070186248104,Urban,No,579559.5081305752
2027,4.0,2,2022,7.607920715436755,Suburban,No,497317.0428692447
1999,2.0,3,2019,4.784654927370275,Suburban,No,468897.0462427824
2598,3.0,2,2010,8.40479332231575,Suburban,No,542680.3671107678
2758,5.0,3,1969,9.536855553179485,Rural,No,545487.2348136351
1246,2.0,1,2002,5.999067598508151,Rural,Yes,313372.0791753157
2005,5.0,2,1964,9.106007660957838,Urban,No,486200.6851015299
1655,1.0,1,1978,1.3041209676063539,Suburban,No,317528.50853789144
1844,3.0,2,2019,5.164221472602605,Suburban,Yes,470377.63391958864
2201,5.0,3,2014,5.5314610390007,Urban,No,564875.3226912345
2334,4.0,3,2011,4.742313213904422,Urban,No,539464.6654554149
1943,1.0,3,2019,3.8335804454622893,Urban,No,440108.0762254907
1043,1.0,3,1965,7.506659166082219,Urban,No,308184.04051175225
1517,4.0,3,2003,,Rural,No,373137.0972265664
2448,1.0,3,1956,1.741747503833042,Rural,No,408699.3656796816
629,3.0,2,2009,9.556412517144063,Urban,Yes,290023.3152307995
2593,5.0,2,1959,8.987655648375302,Urban,No,555685.2835074614
2260,1.0,1,2002,4.181215141395658,Suburban,No,443325.02752037725
2658,3.0,2,1957,3.2157720349593446,Urban,No,479086.99015034846
1900,4.0,2,1986,,Urban,No,465143.22795662656
969,5.0,1,1953,1.3897684922505242,Rural,No,225055.44822401542
2215,4.0,1,1972,5.463942461956018,Suburban,No,444525.37962279277
2637,5.0,3,1958,7.0536280678274395,Rural,,507246.5735002451
2462,1.0,1,1987,4.660167363506014,Suburban,,494737.61980612
1668,1.0,1,1994,9.750623918391085,Suburban,No,383260.6403366889
2043,5.0,2,1994,7.469784373830894,Suburban,Yes,491162.11478741706
1733,3.0,3,1967,9.406600790834661,Rural,No,372479.28691726923
1590,3.0,1,1995,9.171020762212644,Urban,,457847.41917268484
2477,3.0,3,1951,2.1852744386581633,Suburban,No,468581.38946537056
1401,2.0,3,1997,7.017662947778868,Suburban,No,374856.60168437276
1553,,1,1966,6.370185106834716,Suburban,No,347588.6158142067
1447,1.0,1,1965,1.493476564234912,Rural,No,272557.5531314672
1254,2.0,1,1994,3.860983921592921,Suburban,No,279132.9133892253
2073,3.0,1,1997,5.811206644591263,Urban,Yes,487121.6582386752
2580,1.0,3,1973,,Urban,No,526506.7669018002
1907,2.0,2,2014,8.326698816593893,Rural,No,449425.5950136377
1247,1.0,3,1982,,Rural,Yes,313200.9487292762
2419,5.0,3,1953,5.1985583872986085,Suburban,No,472621.19691597216
2842,1.0,3,1950,7.767634606650953,Suburban,Yes,519867.75595179514
1676,2.0,1,1982,,Urban,No,382156.72064334474
1760,3.0,1,2023,8.953809403550958,Suburban,Yes,423809.29942935135
2257,,2,2011,9.149192302522586,Suburban,No,502415.14856499125
2810,3.0,2,1952,6.439490228167383,Urban,No,541153.2389036077
1740,3.0,2,1994,6.079020353054794,Suburban,Yes,404566.4831249526
1333,4.0,3,1970,7.311520985119905,Suburban,No,358768.7814042528
2315,5.0,2,2013,7.52961355322489,Rural,No,502984.28070443356
2399,4.0,3,2022,7.544518412482603,Suburban,No,533278.2118486906
2003,2.0,1,2006,6.586358491552334,Urban,Yes,499777.8097926938
1720,4.0,3,1989,7.865322470774391,Urban,No,471698.3986252626
2497,3.0,1,2011,2.297040253685992,Suburban,No,502059.76860114245
2264,2.0,1,1992,8.393263681597691,Suburban,No,462645.8744361366
1615,4.0,2,1995,3.793891702046124,Suburban,Yes,390095.20568476943
2024,1.0,1,2021,8.971189743613325,Suburban,No,473386.6861795734
1324,5.0,2,1973,2.1864362204354055,Suburban,No,308425.4995148452
2342,,2,1973,,Urban,No,456687.7881918671
1868,2.0,2,1959,1.1410535957688295,Rural,No,309423.74870684417
1782,4.0,3,2017,2.8914391462051854,Urban,No,519808.80961539096
1983,3.0,2,2006,2.0239716165849555,Rural,No,397904.9934663333
2020,4.0,2,1993,5.985215215184336,Urban,No,485566.34903498634
2447,2.0,1,2022,5.035727213617303,Suburban,No,520359.4776327059
2295,2.0,3,1997,6.454474885309441,Urban,No,525525.6985204542
1921,2.0,2,1976,2.7339136441686662,Urban,No,390842.5569117318
2381,2.0,2,1979,7.784551104672122,Suburban,Yes,497188.6114565568
2200,4.0,2,1995,6.494220411669622,Rural,No,464967.2311402461
1786,1.0,1,1961,2.99074872030904,Urban,No,339489.75037266075
1937,3.0,1,2009,4.590324816506213,Urban,No,455356.64464658574
1925,3.0,1,1968,7.463849265780035,Suburban,No,371148.83770346706
2252,5.0,2,2017,7.1233360606785645,Suburban,Yes,518485.530373767
1816,2.0,2,2003,6.061045137869215,Rural,No,360471.3362753651
1804,2.0,2,1983,9.811161257520288,Suburban,No,403467.5687077375
2984,2.0,2,1956,2.186403368924836,Suburban,No,521055.622827017
2469,1.0,2,1991,5.3945114925529225,Urban,No,510272.3823774784
1619,2.0,1,2017,6.6163131286795345,Rural,Yes,402950.82851620717
2285,5.0,2,2002,9.946233513697324,Urban,No,572019.0660023957
2059,5.0,3,1957,5.883314450761498,Suburban,No,443333.02885372896
2195,1.0,2,1971,4.981334010974045,Suburban,Yes,431085.3882121315
2068,2.0,1,1975,9.300626654450017,Suburban,No,452017.1553350651
2594,4.0,2,2012,5.557447364553891,Suburban,No,535431.1866206746
2172,4.0,3,1995,9.453048288537648,Suburban,No,483282.7934598877
1968,3.0,2,1993,7.753683368640406,Suburban,No,432130.3501115748
2521,1.0,3,2011,2.511007690834541,Urban,No,530240.0838105787
2116,4.0,3,1985,2.5071909791161318,Urban,No,505533.55204848544
2060,3.0,1,1990,3.861763916466703,Suburban,Yes,457906.56081423484
2157,5.0,3,1976,1.6089941234024043,Suburban,No,426122.6877615516
1953,3.0,2,2019,5.8828676443481065,Suburban,No,488864.30887970055
2004,2.0,3,1990,8.737681153398327,Urban,No,450753.172220116
1706,2.0,2,1954,4.600221656201779,Suburban,Yes,351830.69603295036
1624,5.0,2,2006,6.834849749448984,Urban,No,467058.2933782818
1500,1.0,2,1978,9.833340773109477,Rural,No,331895.51758283254
1304,2.0,2,1961,2.743609067864604,Urban,No,297563.7944833431
1560,2.0,1,1974,4.222592167042217,Urban,Yes,385894.96961817704
1912,3.0,2,1983,1.22490819638507,Suburban,No,417875.2248427128
2051,3.0,1,1973,3.0870459218604975,Rural,Yes,403130.32518160896
1864,3.0,3,2012,8.014775447875135,Urban,No,479466.71904961043
822,4.0,2,2012,,Suburban,No,310450.3322549363
2787,5.0,3,1959,8.054274749293654,Urban,No,564226.5107359245
2543,1.0,1,1954,4.827821709295082,Urban,Yes,473919.18468570994
2222,3.0,2,2002,7.6207016667023515,Urban,Yes,537351.8357494599
2953,1.0,2,1977,6.396013775967975,Urban,No,589026.4992431891
1511,3.0,1,2014,3.955764686335544,Urban,No,359606.8397239043
2943,2.0,3,1994,4.7116336392608575,Rural,Yes,571000.4545391948
1517,1.0,1,2015,,Suburban,No,363929.79148499743
2119,4.0,3,1998,9.607913110208997,Urban,No,529537.3956185712
1363,3.0,3,1989,9.38225889041875,Urban,No,387349.77832787356
2007,5.0,3,2015,9.878296751380145,Urban,Yes,514331.4521487801
2193,2.0,2,1957,1.1477055319369058,Suburban,No,393510.0940202302
1922,3.0,1,1976,7.4546185105816845,Suburban,No,440780.1012699886
2356,1.0,2,1966,9.05189906171659,Suburban,Yes,487920.3221251019
2049,3.0,1,2017,7.653570630464087,Suburban,No,452968.3282666497
1738,2.0,3,1993,4.747607305909578,Rural,No,382777.37105116213
1716,5.0,2,1980,7.523125621280334,Urban,Yes,474180.3825216147
2405,5.0,2,1954,4.997199557668666,Urban,Yes,504190.8894712765
1673,5.0,2,2009,,Rural,No,400563.8395540975
2457,2.0,3,1968,,Suburban,No,446129.33095211827
2611,3.0,1,1991,8.588730758677647,Suburban,No,520074.25061680644
1165,2.0,3,1972,7.552219650991147,Suburban,No,281425.73316493444
2566,2.0,2,1966,2.4401695717780796,Suburban,Yes,493190.7724097298
3030,3.0,2,2007,9.426500564625876,Rural,No,611755.8769434774
2126,4.0,3,1998,2.920508836729508,Urban,No,499838.8998645273
2299,5.0,2,1952,4.218118218715771,Rural,No,422133.4263204103
2518,1.0,2,1994,4.861974546002411,Rural,Yes,486301.47526580933
1862,1.0,1,1984,7.411717943070346,Urban,No,455409.3260041249
2091,3.0,1,1951,7.311128650926033,Suburban,No,436191.8898059211
1342,1.0,1,1996,9.655520221688532,Urban,No,395960.605139327
2069,4.0,1,1952,2.6966089433110785,Urban,Yes,449369.2752786362
2249,2.0,1,1978,5.056565934214763,Urban,No,501760.37968733715
2258,5.0,1,2023,2.8335924427349504,Rural,Yes,532414.1585749388
2532,1.0,2,1969,7.053063666881876,Rural,Yes,498524.5213990999
1612,1.0,2,1983,2.9172778186806356,Rural,No,332035.5150062243
1733,3.0,1,1989,,Suburban,No,382117.98860600597
2947,,3,2014,9.844664838901936,Suburban,No,647538.5205536431
1924,2.0,1,2012,3.85156175177985,Suburban,Yes,403678.70852408523
2100,5.0,2,2005,7.654256987820984,Urban,No,526776.352733846
1966,1.0,3,1981,5.795206726037908,Rural,No,413727.01970779494
1589,2.0,3,2015,4.2335121903993125,Suburban,No,388153.8549608173
2811,5.0,3,1990,2.7210383981124115,Urban,Yes,575893.9813690932
1736,2.0,2,1978,7.4728728489081275,Rural,Yes,355546.7880136832
1436,1.0,3,2000,2.428687532322331,Urban,No,358699.8906958131
1774,3.0,2,1961,3.525737630217147,Suburban,No,328296.94795398816
999,3.0,2,1993,9.276503825264264,Rural,Yes,311889.9146765022
1674,3.0,1,1959,5.575281185018889,Suburban,No,338229.1378488258
1515,4.0,2,2023,8.686761434941818,Rural,No,411491.3465907355
2308,2.0,3,1958,7.907896419988606,Suburban,,469434.0434339052
1663,1.0,2,1978,4.386150416016742,Suburban,No,332636.29836515104
2443,2.0,2,1978,2.9622200924792796,Suburban,Yes,530481.1265848094
2699,3.0,1,2010,1.8991968825296226,Rural,No,501442.0155623468
2390,2.0,1,2013,9.645650580167326,Suburban,No,517908.45775896823
1892,5.0,2,1952,3.922311665355989,Urban,Yes,444794.4677616455
2070,,2,1953,7.058032524973582,Rural,No,410317.3728280156
1237,4.0,2,2004,7.57268415302609,Urban,Yes,402603.64850612235
1933,4.0,1,1963,2.7791473672030556,Urban,No,408707.8707215548
1569,3.0,1,1977,7.244226226016356,Suburban,No,382670.41773761273
2347,1.0,3,2012,1.08379985737837,Urban,No,498304.2558338927
3286,5.0,3,1988,4.763825787312017,Rural,,616064.6999741149
2249,1.0,3,2013,4.153663507042206,Rural,Yes,470327.28546189785
1004,1.0,3,2009,9.395323746550714,Suburban,,313778.51783345867
1819,5.0,1,1969,9.8742260828815,Suburban,Yes,446119.00019158615
2061,4.0,1,1977,3.5914382522962827,Urban,No,457336.37498483906
2043,3.0,2,1963,6.490030178475038,Urban,No,445211.7174462331
1634,2.0,3,2007,7.706974674392574,Urban,Yes,449283.3568830948
2122,4.0,2,1988,2.7199144085797426,Rural,No,406810.05330924504
1378,3.0,2,2007,7.179494371295037,Suburban,No,371956.933562996
1527,4.0,1,1964,3.3193047517657694,Suburban,No,296700.16016675904
2322,5.0,2,2022,2.5197300944457854,Suburban,No,479733.11456796445
1492,1.0,2,1952,8.656085080035437,Urban,Yes,358665.2981823381
2269,5.0,1,1954,,Suburban,Yes,437039.9626449699
1315,2.0,1,1991,3.672674359075353,Suburban,No,284590.9169098203
2882,5.0,1,1964,4.642266760430186,Suburban,Yes,576388.4094990396
1612,1.0,1,1952,4.71853758375272,Rural,No,298220.94176613627
1888,4.0,3,1984,7.930309531210238,Rural,Yes,437867.8833450936
2165,3.0,3,1956,8.980822754145045,Urban,No,482405.02449569595
1717,2.0,3,1973,5.2809653759977175,Urban,Yes,419218.2365090558
2071,4.0,2,1980,3.9059756206484084,Suburban,Yes,468559.8445474071
2287,,3,1953,7.545381870311317,Rural,Yes,445244.19975660753
2480,,1,1952,9.147801334337677,Urban,No,468421.4771056041
2395,5.0,3,1958,2.026765705284246,Suburban,No,452842.2562459857
1914,4.0,1,2017,8.171306388798591,Rural,No,441180.9796271767
1926,3.0,3,2009,6.014546406951583,Rural,Yes,445443.4022185771
3174,3.0,3,1960,8.8084459544719,Rural,Yes,593352.5831335543
2474,5.0,1,1985,5.62694446212992,Urban,No,501544.86923088896
1539,4.0,1,2021,8.76318207414358,Urban,No,407533.0803523502
2049,4.0,2,1951,,Suburban,Yes,443159.397561347
1832,1.0,2,1999,,Suburban,Yes,374592.28111909714
1932,4.0,2,1952,1.0445119383625703,Suburban,No,345375.66776088096
1385,5.0,3,2016,6.580123639267907,Urban,No,439074.5825703905
1794,4.0,3,2011,6.329002974507667,Urban,No,479882.34826679155
2905,1.0,1,1963,2.8920147214327834,Urban,No,498281.76586443913
2289,3.0,1,1972,8.65568437353069,Suburban,No,485851.0019928576
754,4.0,2,1965,8.809842312867453,Urban,Yes,274309.99413075653
2608,5.0,1,1967,8.237606886497993,Rural,Yes,489671.19145971653
2544,4.0,3,1962,9.429280270887041,Rural,No,536869.9205667245
1820,2.0,1,2005,5.559969549454174,Suburban,No,374366.91540883883
2358,1.0,1,1994,7.3207582924508765,Suburban,No,448541.2704204223
1570,3.0,1,1989,9.140201557905009,Suburban,No,405462.52890549356
1764,2.0,1,1980,5.10623257636098,Suburban,,361909.77467667434
2749,5.0,1,1981,6.5658494861385,Rural,No,510957.4206273349
1864,,2,1950,5.615110040948682,Urban,No,396875.6106721694
1065,1.0,2,1984,9.849269688404345,Suburban,No,279600.78242684744
1968,4.0,3,1985,4.938663662344879,Rural,No,402134.8495043693
1960,4.0,2,2015,3.8532865664206066,Rural,No,401389.81402966625
2599,4.0,1,1978,6.666681797312485,Suburban,No,552342.4917339867
2007,4.0,2,1992,3.5262613828780003,Urban,No,503721.9837158705
1789,1.0,3,1978,8.718102246905419,Suburban,No,371602.46528863086
2522,2.0,2,1992,9.030134151879482,Rural,,496192.5617492831
2060,5.0,3,1968,4.105633618634531,Suburban,Yes,428305.7369585758
1624,2.0,3,2013,4.2253278558596215,Rural,No,388273.54917387146
2577,1.0,3,1980,1.779636751219634,Urban,No,496387.54448952834
2096,5.0,1,1968,3.3030025055648853,Urban,No,426951.8122897101
2001,3.0,3,1978,1.6110967670774259,Rural,No,352693.2724495611
2088,2.0,2,2022,7.815091580804579,Rural,No,453633.88199004706
1464,1.0,2,1956,2.622870705519316,Rural,,291692.35933771334
1736,1.0,2,2007,1.7104247517608147,Urban,Yes,406599.7648532907
2001,1.0,3,2009,2.4789092578567105,Urban,Yes,452436.79314438184
1902,5.0,3,2000,4.395999486814727,Suburban,Yes,436065.34421113814
2636,4.0,1,1999,4.802440437898277,Urban,No,560102.7771952829
2108,3.0,3,1970,9.087208149759576,Suburban,No,442004.68398561754
2427,5.0,2,1958,3.5164969375480752,Suburban,No,477782.07198737725
2004,5.0,1,1983,7.4595432487824676,Urban,No,474733.2931779887
2528,2.0,2,1983,,Urban,Yes,560661.8685703868
2198,3.0,1,1996,8.710305374055501,Suburban,No,478028.3937882711
2006,1.0,3,1973,2.790721994191092,Rural,,341451.60916046565
1993,5.0,1,1977,3.5174800125862378,Urban,No,450386.88486618665
1522,3.0,3,1995,1.4900283127627758,Suburban,No,352233.27220484166
2253,2.0,3,2000,,Suburban,No,491752.41084603034
1979,4.0,2,1955,4.647514171167973,Suburban,No,396611.5146028557
1749,3.0,3,2012,5.90773381124788,Suburban,Yes,416220.16578361037
2553,,3,2002,5.120897582500907,Suburban,No,463782.01399962936
1374,5.0,3,2013,7.62219425904337,Suburban,Yes,422369.4769928662
1788,4.0,2,2001,7.028527257172861,Suburban,No,404876.3530257918
2513,2.0,3,2009,4.857428336539346,Suburban,Yes,528089.4261647682
2157,1.0,2,1990,1.3405898804163532,Suburban,No,417296.5288170067
1976,4.0,1,1960,4.094231406808098,Rural,Yes,386912.99480047775
2125,,2,1953,3.9176357713816437,Suburban,No,396392.9618393131
2089,1.0,2,1963,1.8042220396953355,Suburban,No,378184.2357951374
1241,5.0,3,1962,3.7381125953508434,Suburban,,286360.84801573853
1825,2.0,2,1964,9.886288810860421,Suburban,No,357872.73651969974
2808,4.0,1,1957,8.391263101221627,Urban,No,590847.5851320506
1670,1.0,2,1960,8.214744639627888,Suburban,No,357549.9590674847
1840,3.0,3,1972,8.589739949588697,Suburban,Yes,400394.8450672217
1729,1.0,1,1956,8.785459634713911,Suburban,Yes,332856.54001263087
1956,4.0,3,2018,3.9282005518773007,Suburban,No,463851.28589379374
1708,,3,1981,3.9003477167505545,Urban,Yes,410606.2636533967
2243,3.0,2,1993,4.028038233661237,Suburban,No,441371.2873475092
2098,4.0,3,1952,8.36690476385131,Urban,No,455895.91388579307
2386,1.0,1,1993,8.175817115193269,Urban,No,509668.5687135089
1474,2.0,1,2018,1.1521251827140184,Urban,No,379081.77509504795
1829,1.0,1,2000,9.542596434200716,Urban,No,469457.20759172033
1887,4.0,1,2010,3.5700935791718456,Urban,Yes,494646.83688248484
2227,3.0,2,2000,,Suburban,No,455499.23871076945
1603,3.0,1,1982,6.759234501365469,Suburban,No,346305.5254154055
2457,5.0,2,1969,2.0204575932595827,Rural,No,471183.86484043516
2593,3.0,3,1979,7.261744792145917,Urban,Yes,565380.2964067992
1505,3.0,3,1993,5.802210617223699,Suburban,Yes,397344.7737415921
1754,4.0,2,1978,6.498148520871239,Urban,No,403777.7844592329
1734,2.0,3,1970,5.0223286160602845,Suburban,Yes,376135.6416854488
3316,2.0,3,2002,8.239263258992747,Suburban,No,654451.5557447319
1785,4.0,1,1960,6.716445830613942,Suburban,Yes,424037.10900105326
2838,3.0,3,1959,2.7363512216623884,Urban,No,537924.1384264716
1366,1.0,3,1984,7.774527699262566,Suburban,No,343018.23876563145
1505,2.0,2,1975,5.523061476733944,Urban,No,349471.8096803105
1656,4.0,1,1993,1.3354724903640804,Suburban,Yes,381295.8827506715
1577,1.0,3,1953,4.553595787069344,Suburban,No,292390.28641493
1866,3.0,3,2023,4.615545365826797,Suburban,No,441006.2482341303
1645,4.0,2,2006,8.212901717660362,Rural,Yes,395624.7027122711
4770,2.0,3,1988,3.10570024072118,Rural,No,332731.52380291786
2579,1.0,1,1990,5.072816871282547,Rural,No,447602.92989314935
2611,,1,2016,1.4896612623964418,Suburban,No,480234.5817567403
2474,2.0,1,1985,8.932958266677534,Rural,No,446609.30724355957
2261,1.0,2,1953,4.994423148621898,Suburban,,435913.0697759685
2046,2.0,1,2023,8.709340138131928,Urban,No,534677.9220668174
1751,4.0,1,1962,7.095131861917091,Suburban,No,400654.4281319135
1523,,1,2019,3.878678070911505,Urban,No,446489.8830361635
2181,3.0,1,1956,,Urban,No,428922.70301828574
1413,4.0,1,1977,5.219649263026372,Urban,No,342822.93086154637
1503,3.0,1,2008,4.0711115913370834,Suburban,No,377089.2645089339
2576,3.0,2,1986,,Urban,No,535566.6731760737
2950,2.0,1,1964,7.9690251076357335,Suburban,No,540316.2734620776
2196,5.0,3,1979,7.197511442363815,Suburban,No,453696.271165979
2553,3.0,2,2023,5.165742079714679,Urban,No,577788.1370359061
1877,3.0,3,1961,3.333775839666113,Suburban,No,420697.89459199144
1331,4.0,3,1979,8.293562686235399,Suburban,No,369355.1766816828
2306,5.0,1,1950,4.1198267043393235,Suburban,No,445312.5916975974
2284,5.0,3,1985,6.516598319781773,Suburban,No,471546.995451973
2035,3.0,3,1970,2.0381380709543504,Rural,No,354281.3605206821
1878,5.0,3,1981,7.662503133500371,Urban,Yes,491196.45125358744
2481,4.0,1,2012,,Suburban,No,533436.2913186968
1507,2.0,1,1962,5.043594676757815,Suburban,No,310235.80965591053
1613,3.0,1,1986,5.935219179914844,Suburban,No,333485.04676484584
1495,1.0,2,1993,9.095409415888499,Rural,Yes,339577.344215082
2042,3.0,1,1970,8.15768387114154,Urban,No,443553.2999932604
1456,3.0,1,1967,9.660520529747,Suburban,No,332456.1062147167
1657,2.0,3,1995,3.3945845151128484,Urban,Yes,443808.95047545293
1647,,1,1996,5.229937248941166,Suburban,Yes,355963.1638874324
1869,1.0,3,1975,5.100788063470948,Suburban,Yes,383893.31920895283
1256,1.0,1,1954,5.257916685329124,Urban,No,284117.4712792724
2043,2.0,1,1954,9.218131920212198,Urban,Yes,445181.32392351376
2623,5.0,1,1980,2.849634886539804,Suburban,No,564568.560431075
2067,1.0,1,1977,9.054076605839567,Suburban,No,420163.15566906834
2770,,1,2014,6.1401411787632245,Suburban,No,591503.4745390334
2666,4.0,1,1962,5.8315829421137195,Suburban,No,482438.6883563391
2388,2.0,1,1967,4.748498438599414,Suburban,No,446414.638291229
2037,5.0,3,1973,5.856796582420094,Suburban,Yes,460644.46078880824
2011,1.0,2,1978,8.229612148041264,Urban,No,456654.00338407926
2381,1.0,2,1977,5.430106886054428,Suburban,Yes,469696.17629827524
1804,5.0,1,1994,7.984204254094659,Rural,No,394496.65332457353
1058,5.0,2,1960,4.749731613167263,Urban,No,320587.71732678165
2246,4.0,3,2000,2.646062881187328,Suburban,Yes,486069.078111405
1434,2.0,3,2008,4.7319640038384385,Rural,Yes,361813.7769230175
1518,3.0,3,1962,7.510096733173549,Rural,,312921.13330142613
2000,4.0,2,1996,8.665766719909874,Suburban,,448272.76890571625
1952,4.0,2,1992,7.9446267638182775,Rural,No,446694.11855326296
1293,4.0,2,1973,4.370088540816324,Urban,No,351510.83574467036
2082,1.0,1,1997,6.2123395819800775,Suburban,No,456894.1304353146
2483,5.0,3,2012,4.24407397153537,Urban,No,580699.8121045084
1435,2.0,3,1966,7.340474665886292,Suburban,No,286399.02989386936
2636,1.0,1,2018,4.9280697914662035,Urban,No,549913.1161360365
1219,4.0,2,2003,7.8835354880848,Suburban,No,362664.8035313851
3058,2.0,3,1963,1.1151654182447088,Urban,No,573248.1313359191
1794,1.0,2,1964,4.06138192525966,Suburban,Yes,344108.62520739314
2072,3.0,1,2022,8.904002021167852,Suburban,No,446358.78362391365
1053,4.0,2,1959,3.9119039855942166,Urban,Yes,283359.9926495459
1968,1.0,1,1971,4.552879359182594,Suburban,Yes,380659.96898804273
2114,1.0,2,1962,8.116584064477788,Suburban,No,410884.67171845847
1956,4.0,1,2014,1.8515421397636713,Suburban,No,463337.0927907591
1718,3.0,3,1963,3.8070327376195383,Urban,,390701.3247225689
1526,5.0,1,1993,7.970206380192802,Suburban,No,366888.6768680558
2565,3.0,2,1988,9.613157355340611,Suburban,No,516654.65314959566
2015,4.0,3,1984,8.045527411372749,Suburban,No,479536.9773687653
2770,5.0,2,2014,2.5517119486182893,Urban,No,628836.0059586259
1736,1.0,2,1976,8.515172875846407,Urban,Yes,444295.3062564968
1782,3.0,1,1994,5.281975068833474,Suburban,No,385760.88282113726
2407,3.0,1,2006,8.047049211155775,Suburban,No,489313.3653741636
1188,5.0,2,1971,3.154191134717459,Suburban,No,283208.44773688284
1393,1.0,1,1983,4.070193201985308,Rural,No,310817.83506057295
2548,3.0,2,1958,,Suburban,No,460360.735317811
1414,5.0,1,1999,9.197198026787003,Urban,No,436571.76517089223
1090,3.0,1,2003,3.5665801969043716,Urban,No,281675.63951298257
2934,1.0,2,2007,1.751968860484832,Rural,Yes,513303.20628852077
1303,1.0,3,2011,,Rural,No,324278.8477269953
2092,2.0,1,1987,3.7036364792663368,Urban,Yes,458999.93405142066
2034,5.0,2,1976,2.081074448377905,Urban,Yes,445801.4290646423
1782,4.0,3,2013,4.1330262700385525,Suburban,No,248706.41647349304
1866,3.0,1,1952,3.5379912196682897,Suburban,No,311665.9098534532
2224,1.0,1,1960,1.7250122557588323,Suburban,No,386199.2021300587
2177,3.0,2,1973,9.853652720739765,Rural,No,421846.36282021296
2451,3.0,1,1978,3.6439369705183644,Urban,No,483468.2187389155
1806,4.0,2,2018,3.451415167254232,Suburban,Yes,431039.09687241283
2356,1.0,2,1957,4.779374732276507,Urban,Yes,471594.69560881436
1655,2.0,1,1968,4.733395676427947,Urban,No,391099.876723625
1294,5.0,3,2017,4.904447979704203,Urban,No,395971.5172433471
1351,3.0,1,2018,,Urban,Yes,431545.2635194962
1268,4.0,3,1997,,Urban,No,319011.6092020093
2504,4.0,1,1989,9.474805411426777,Suburban,No,522353.45105990075
1242,5.0,3,2016,6.993284322847081,Rural,,391948.63878375484
2137,5.0,1,1965,7.277596870228204,Rural,Yes,441392.8650907581
1867,1.0,3,2013,,Suburban,Yes,398068.6427108053
1948,3.0,3,1957,,Suburban,Yes,398909.85401453316
2681,3.0,1,1954,1.4699744799539602,Urban,,482623.4592570031
1780,5.0,1,2021,6.8777113476661205,Suburban,No,474373.8892121206
2305,2.0,2,1974,4.058642219139364,Rural,No,419798.73389493173
2018,3.0,3,2002,5.961281397100138,Suburban,No,430949.43407281267
5769,4.0,1,1998,7.774554781806406,Urban,Yes,487481.75333353365
3149,5.0,2,2021,5.981806932014801,Urban,No,717315.8636110501
1279,3.0,1,1970,1.6434546147956604,Rural,,248760.63127595908
2644,1.0,3,2000,1.5547612445382266,Rural,Yes,493887.2766666894
2328,5.0,1,1995,8.80441982685391,Suburban,Yes,508888.1654302275
1760,4.0,1,1958,3.35934518719292,Rural,Yes,364199.8252091855
2814,1.0,2,2013,4.2598965994550095,Urban,,576572.3678957644
1075,5.0,1,1972,2.9655675300340065,Suburban,No,258671.04763483905
5217,5.0,2,2009,7.289928614486873,Rural,Yes,446925.45581962646
1395,3.0,3,2008,4.474887628034203,Rural,Yes,343509.5134842917
2206,1.0,3,1957,5.106928887787285,Urban,Yes,479839.5612775838
1443,5.0,1,2013,7.0701742743224,Rural,No,323365.68375898874
2216,4.0,2,2003,6.607580188688042,Rural,Yes,482959.80106104095
1906,1.0,3,1964,7.969096747613871,Suburban,No,377572.1833557573
1760,3.0,1,2001,7.739383540891374,Rural,Yes,391468.95585873094
2194,2.0,1,2000,4.959050545581137,Suburban,No,479130.7321184071
1865,5.0,1,1953,2.7266926970360355,Suburban,No,376350.33928417653
1455,2.0,1,1983,3.008977266291956,Suburban,No,311535.0623295408
3400,5.0,1,1973,7.36064355100502,Urban,No,706789.9057233251
1756,3.0,2,1970,3.3516058329511145,Urban,No,392451.8218150334
891,3.0,1,1951,4.964090673752479,Rural,No,187238.8191762851
1578,3.0,1,1956,1.9711504754037896,Rural,No,296161.04783146
1366,3.0,1,2005,2.1003303986942288,Suburban,No,260899.94325402533
2413,1.0,1,2017,3.2495283568452855,Suburban,No,491215.09107838216
2160,1.0,1,1984,1.7634987220614757,Urban,Yes,437608.08666839835
2199,5.0,1,1975,3.4710436896953865,Suburban,No,417609.7787050748
1814,1.0,1,1967,6.11373363412957,Rural,No,334993.40618960577
1860,5.0,3,2013,7.702919019837146,Urban,No,500527.88684006495
1814,1.0,3,2005,1.2943243483681972,Rural,No,393486.2764670677
1959,1.0,1,2004,6.405551044944505,Rural,No,375770.31367414497
2417,,2,1961,4.268678056173911,Urban,No,468153.1249611129
2168,4.0,1,1986,3.0397716832054726,Suburban,No,449544.15228718007
2250,3.0,2,2001,1.2867198553756265,Urban,No,489237.2171211527
2249,4.0,2,1968,3.9334349132477375,Rural,Yes,443258.7996739218
2442,1.0,2,1964,8.107103798599256,Rural,Yes,460308.05108551506
2144,1.0,2,2001,5.770206105039446,Rural,No,395858.91402082576
6537,4.0,2,1975,7.980800171044926,Suburban,No,478543.1269198559
7782,5.0,3,1994,4.711202169623322,Suburban,No,561860.9311607855
1667,3.0,1,1970,8.58928839673459,Urban,Yes,403539.93553385057
1572,5.0,3,2002,2.3531896007227617,Suburban,Yes,394722.81805701007
1407,3.0,3,1978,8.38030305759212,Suburban,Yes,347748.3443652687
2091,2.0,1,1997,5.284002577231196,Urban,No,424594.96348457935
1073,,3,1968,7.714033054653144,Rural,No,271639.4239879395
2231,5.0,1,2003,3.163799236130002,Urban,No,504426.7841723495
1945,3.0,1,1951,5.37541306495753,Urban,Yes,430994.97006877814
2567,2.0,1,1981,7.595130505430626,Suburban,Yes,518557.78908157017
1664,2.0,1,2011,5.353796889619585,Rural,No,341397.03441129177
1898,1.0,2,1956,5.122919188997694,Suburban,No,347777.29032592045
2561,2.0,2,2017,8.29595006681813,Urban,Yes,591979.4021181271
2691,4.0,3,1971,2.4611411863844066,Suburban,No,482443.11840060895
1659,5.0,1,1978,5.275915172533981,Suburban,No,406345.43600740575
2090,4.0,1,1952,8.401371246158387,Urban,No,458961.49380845856
2147,4.0,1,1971,8.607281386175506,Suburban,Yes,448236.5150572313
2186,5.0,1,2002,2.0644610322296817,Rural,No,429998.0162442939
1868,4.0,2,2006,,Suburban,,438813.1215148751
2640,4.0,2,1959,1.1093806518374711,Suburban,,491554.0221885935
1055,4.0,2,1989,8.70002894145427,Suburban,,309305.7560191248
1789,2.0,3,1969,3.3829149369121723,Suburban,Yes,379616.1567593016
2223,5.0,1,1960,6.203517371796244,Urban,No,480826.237289731
2228,5.0,2,1957,1.08666372825873,Rural,No,428643.8729975427
2676,5.0,2,1985,7.583434219669575,Urban,Yes,567628.4049470572
2599,4.0,1,1974,4.8840538588495575,Urban,No,550887.7631111259
1857,2.0,2,1988,8.61220091748686,Suburban,No,429650.3590490407
2649,5.0,1,2011,5.99968002038378,Rural,No,586719.7877795072
1642,3.0,1,1970,8.51191131510982,Suburban,No,396486.12702336564
2465,5.0,2,1968,6.504981569483747,Suburban,Yes,503428.1523161481
2905,1.0,3,1974,7.712827330986302,Urban,No,571926.2714256594
2607,3.0,1,1954,7.731788807279867,Suburban,Yes,578285.6134440192
2052,5.0,3,1961,3.2199311874932874,Rural,No,371981.41693855415
1834,4.0,2,1974,6.195255913282675,Rural,No,406744.61255690147
1235,5.0,1,1954,8.864769864307732,Suburban,Yes,332802.3684238074
2155,2.0,1,1976,8.909888334919533,Rural,No,424201.92447975674
1442,2.0,2,1953,4.462368818549164,Rural,No,280549.9691341744
1603,5.0,3,1994,3.924046918786452,Rural,No,353679.198197868
1404,,2,1996,6.885707557610064,Rural,No,347886.2221742363
1769,4.0,2,1977,8.00644916914049,Suburban,No,383048.4678443944
1986,4.0,2,1984,1.3192198454511561,Urban,No,447308.1114294218
2136,5.0,3,1965,1.84088849668486,Suburban,No,415888.4125701303
1699,5.0,1,1961,8.008587968014103,Suburban,No,390858.4257216949
2534,1.0,1,1992,,Rural,No,451787.4618202107
1895,2.0,2,1977,7.008833452619293,Urban,Yes,445523.9425028902
1606,3.0,2,1968,8.38327153600456,Suburban,No,340832.99237100314
2113,3.0,3,2017,7.811223281050731,Urban,No,488373.947832333
2981,2.0,2,2023,8.287460473150219,Urban,Yes,633915.9738567293
2167,1.0,3,2004,5.624920304822056,Urban,No,459850.16283083276
1818,2.0,3,1985,,Suburban,No,400901.8462575811
1236,,3,2011,5.261574082047089,Suburban,No,320324.3736829901
1890,1.0,2,1988,9.669596404645993,Urban,Yes,442867.8573327837
2117,4.0,1,1990,3.7490818457894806,Urban,No,451969.8606685293
1806,2.0,3,2009,4.773438292841098,Suburban,No,391203.9387391682
1167,3.0,1,2015,7.888913132533414,Suburban,No,367576.0937847727
4722,5.0,3,2008,1.6837605622336818,Suburban,Yes,432373.82888654724
2727,5.0,2,1989,,Urban,Yes,609679.9630383579
2717,2.0,3,1968,3.467914022790855,Suburban,No,519884.3047253244
1556,5.0,3,2004,3.4059463609929006,Rural,Yes,420119.0661891701
2336,1.0,1,1995,6.241809593117512,Suburban,No,434980.60514705937
1410,5.0,2,1953,3.2975842558834447,Suburban,No,318071.75912283274
2702,1.0,3,2011,6.770394637803123,Rural,Yes,533646.4523983966
2122,1.0,2,1974,9.179664561076722,Urban,Yes,458589.71436313353
2474,3.0,1,2012,4.641708167411764,Suburban,No,522319.7254186268
1142,5.0,2,2019,9.491980699683056,Suburban,No,376127.3079658113
2338,3.0,2,1962,9.480364726997607,Suburban,No,460657.0225434315
1996,5.0,1,1953,2.868121693747875,Suburban,No,399949.64713695884
2425,1.0,3,1951,4.886079407427638,Suburban,No,430270.4492859259
2457,5.0,3,2016,9.9110255878869,Suburban,No,583673.9374346609
2032,,2,1979,2.1564180332671303,Urban,Yes,457589.7862615074
1699,4.0,3,1953,5.278179005097236,Suburban,Yes,395676.3134724903
2389,3.0,1,1997,4.886905242491212,Suburban,No,524944.0700082098
1969,4.0,2,1992,,Urban,Yes,469148.36690009595
1563,2.0,2,1994,2.458771246017201,Suburban,No,365343.34223952325
4617,3.0,3,1962,2.9935906208633596,Rural,No,291754.4391338449
1261,5.0,3,1996,2.579979570601499,Rural,Yes,313300.75273805694
1744,4.0,3,1977,2.499668746184468,Rural,No,386032.53362935263
2551,,2,1986,3.32008316183142,Suburban,No,507191.4958733975
2088,4.0,3,1977,5.753987828875891,Suburban,No,386664.9409662166
1735,3.0,2,1976,7.362030927087338,Suburban,Yes,361371.52251491696
2402,3.0,3,1979,4.422782187080118,Suburban,Yes,499620.92321677844
1583,5.0,2,1955,5.0160639834653935,Suburban,Yes,354752.9587244447
2047,3.0,2,1958,8.131541322308408,Suburban,No,410266.8009463298
1910,5.0,2,1955,5.726966141418924,Urban,No,428088.8514473138
2389,,3,1978,6.307999562994752,Rural,No,420165.29093166156
1211,4.0,3,2019,5.661762074863823,Suburban,No,378741.01932350243
1574,5.0,1,2015,8.107510384756612,Suburban,,441203.3616618377
1180,4.0,2,2002,2.651336767208055,Suburban,Yes,371289.0115154976
1870,1.0,3,2019,9.831266610236655,Rural,No,407530.00452597585
2605,4.0,1,1954,8.914854628300063,Suburban,No,496009.92355664895
1747,5.0,1,1969,4.602341567976364,Urban,No,395380.0521716273
1744,3.0,3,1961,4.735827163654575,Urban,No,387914.76500128116
2435,4.0,2,1957,8.640944759213696,Suburban,Yes,521187.5096439822
2534,4.0,1,2007,5.010081679997779,Urban,No,541294.3599489498
1955,1.0,1,1998,5.573469849744087,Suburban,No,397351.9621120403
2342,2.0,2,2013,7.7137835258783065,Urban,,563666.8459568622
1461,3.0,3,1999,4.491908697031315,Suburban,No,335410.1376696945
2688,5.0,2,1988,5.086170229685162,Rural,No,533452.169037172
3074,1.0,2,1989,1.3340703120979278,Suburban,No,544052.6872988374
2260,5.0,3,1980,2.1986208649989853,Urban,No,531287.1352209734
957,5.0,1,1952,5.127934630054614,Urban,No,327381.2076767316
1720,4.0,2,2021,1.4109803896452555,Suburban,No,417070.391444524
2306,1.0,1,1979,3.7631186710010085,Suburban,No,440098.0464163461
1789,1.0,1,1978,4.935196563801783,Suburban,No,361475.22618278855
2636,3.0,1,2019,1.9145562086749472,Suburban,Yes,546227.1756498294
2294,2.0,3,2005,1.587929817514616,Urban,Yes,524691.4709181978
1646,5.0,1,2015,,Rural,No,376148.71703552565
6048,3.0,2,2012,5.367903676882982,Urban,No,513038.9942016445
1553,3.0,2,1979,2.321516002773211,Suburban,No,329967.9177403035
1908,5.0,2,2002,7.197369149214662,Suburban,No,465586.7627157447
1722,4.0,3,1995,5.436464532879519,Suburban,No,396833.00033549883
2587,4.0,2,1958,1.1704336989261677,Rural,No,478234.6281721053
3058,5.0,3,1956,1.531313183397533,Urban,No,570201.3728173475
1284,1.0,1,2012,9.26005155378322,Urban,No,371994.1973832199
1038,2.0,1,1996,2.1190128453586703,Urban,Yes,299906.99492664234
1877,,3,1993,7.815916108974442,Suburban,Yes,456037.1589702851
1240,2.0,3,1998,3.2164428809110746,Suburban,Yes,292576.0030129468
2023,3.0,3,2011,,Rural,No,444300.73090308317
2374,3.0,1,2008,1.2231180529327466,Rural,No,408620.9005873726
2747,5.0,3,1962,6.005337169239148,Suburban,No,539506.5074012247
2100,5.0,1,1979,5.203400541517569,Urban,No,443555.90908251185
1903,5.0,1,1992,,Urban,No,463803.8357610545
1010,4.0,2,2000,9.1512037011798,Urban,,337441.1769725474
2013,2.0,1,1957,5.929379192738483,Rural,Yes,371281.9732719544
2035,3.0,3,1986,9.57040082568379,Urban,Yes,539457.8173695281
2319,2.0,3,2013,2.333325354984133,Urban,No,522848.16871026444
1645,4.0,3,1988,4.10181065844878,Rural,No,360149.16100285033
1782,2.0,1,1957,8.468575954405773,Suburban,No,366924.9815008919
1260,2.0,1,2011,5.979829930697273,Suburban,Yes,310817.239290407
854,5.0,2,1988,5.922743437835371,Urban,No,255851.55628277131
1445,2.0,2,1963,5.1434724499319815,Urban,No,364138.22831594455
1214,2.0,3,2001,1.1679961036863067,Suburban,,298934.35131433286
2168,2.0,1,2006,1.7230627290127276,Rural,Yes,454465.06913007714
1740,1.0,3,1970,1.8056319285619562,Rural,No,320755.56969899684
1730,3.0,3,1972,2.7051245361537744,Suburban,No,365122.9620453227
1507,3.0,3,1953,1.848484122285213,Suburban,Yes,316389.75450116675
383,2.0,2,2023,1.9594343592290562,Urban,,267195.55307965935
2754,5.0,3,1992,6.732015358427996,Urban,No,592891.9101585136
1499,5.0,2,1960,2.065124642262564,Urban,Yes,383048.8424562397
1793,5.0,1,1968,5.185295349427615,Rural,No,372444.46975026804
1272,3.0,3,2014,1.5681627629706782,Suburban,,368557.3130049839
2485,4.0,2,1951,3.4246634553453568,Suburban,No,502016.8909955175
2071,2.0,1,1998,9.319143605095578,Rural,No,397886.3801990077
1586,3.0,2,2018,1.27906141480974,Urban,No,382507.2827682386
1803,5.0,3,1983,8.892655957801608,Urban,Yes,497157.47038776317
2839,3.0,1,1953,7.8364833190566365,Suburban,No,525800.1950061144
1963,,1,1988,9.288245097955988,Urban,No,473892.0521209379
1909,3.0,1,1998,8.081844213002922,Suburban,No,416268.3390598191
1529,5.0,2,1952,8.435611237442847,Suburban,Yes,368850.1683444154
1052,4.0,2,1975,1.9695149181219032,Suburban,Yes,241944.75939768323
5757,1.0,2,1990,8.519915492170202,Suburban,Yes,406612.0189895975
2162,2.0,1,2014,5.294089041033928,Suburban,No,489309.45007554605
2549,2.0,3,1965,4.164211700247668,Rural,No,437467.6586889119
875,3.0,3,2007,2.384722348611548,Suburban,Yes,304085.1425429075
1437,4.0,1,1984,1.0060270147064372,Suburban,No,308183.6814785413
1709,5.0,3,1965,6.783661923465649,Urban,Yes,435716.15331210394
1998,1.0,1,1982,7.534199035132157,Suburban,No,409116.7796293406
1927,1.0,3,1980,4.492798700761396,Urban,,398964.4736268295
1939,3.0,3,1971,2.4781993331858168,Urban,No,434023.44524872233
2204,3.0,3,2010,2.3010925042043224,Urban,,532555.169387764
1548,5.0,2,2013,2.5141400248660197,Rural,No,382373.4567154227
2467,5.0,2,2019,1.5058747583952266,Suburban,No,502412.8845955574
2216,5.0,1,1984,,Urban,No,498667.34467208025
1840,3.0,2,1988,6.5454525321486186,Suburban,No,432905.4800131587
2800,4.0,1,1952,5.023964948544669,Urban,No,529778.2446498865
2778,3.0,2,1962,2.129330021996634,Urban,Yes,548718.9648755349
2466,3.0,3,1963,8.345345642637607,Rural,Yes,467754.75337331055
490,1.0,2,1990,3.5835059806107994,Suburban,No,158619.5935960771
2789,5.0,2,1957,6.424119033887186,Urban,,561595.6710039898
2397,2.0,2,1968,3.2111545236571852,Rural,Yes,442423.2761623234
3003,5.0,1,1963,6.354913774836076,Suburban,,595894.633518776
2618,4.0,1,1999,2.166913783330049,Rural,No,491696.75497391354
2789,4.0,3,2010,6.899498804951012,Suburban,No,582759.4237968801
2439,5.0,3,1985,6.15847685602581,Suburban,Yes,555529.594664144
2674,5.0,3,2016,5.673636554132691,Suburban,Yes,590277.7428801154
2997,3.0,2,1994,2.9537958950260332,Urban,No,613492.2876803797
2108,2.0,3,2023,5.762428055948885,Suburban,No,453666.03434161085
1213,3.0,1,2021,9.073940845916963,Urban,Yes,397945.2878689758
1846,1.0,3,1956,2.127385652385812,Suburban,No,368347.75971918914
2194,1.0,3,1971,7.333536220027824,Urban,No,430551.8739878044
2037,4.0,3,1958,2.023413224662308,Urban,Yes,442220.62020479864
1376,4.0,3,2009,4.043387633379588,Suburban,No,336381.3210843493
1184,2.0,3,1991,7.154477373698894,Suburban,Yes,334576.17535115767
1629,4.0,1,2008,6.04207960959757,Urban,No,439866.5463874725
2403,1.0,2,1989,7.104372744947555,Urban,No,474660.5652091174
2790,2.0,3,1978,9.670221900638575,Suburban,No,544121.2687953023
2458,1.0,2,2004,9.72648992026419,Suburban,No,476093.31626294536
2528,5.0,3,2013,9.233820157913717,Urban,Yes,620739.8917055546
1959,5.0,2,1991,5.4534710500081705,Rural,No,433389.09686659253
1128,2.0,1,1978,4.0693750584168695,Rural,No,259194.89028587544
1772,3.0,2,1970,3.5163307798977224,Rural,Yes,378959.6375536218
1870,4.0,3,2012,6.181203301728828,Rural,Yes,454680.5360634401
1751,2.0,2,2012,5.082211569553291,Rural,No,360864.81427819195
2027,4.0,2,1987,9.950722231895078,Suburban,No,470146.99904905027
2220,1.0,3,2015,5.820177034050753,Suburban,No,485227.6860384853
2426,3.0,2,1961,3.960858389525458,Rural,No,443504.688678015
1860,4.0,3,1982,6.723622405686529,Suburban,Yes,417373.04593579023
1048,5.0,1,1950,1.3934576227732862,Suburban,No,251898.38562140125
1758,5.0,3,2017,1.9970787005611799,Suburban,No,469866.77206870593
2021,1.0,1,1977,,Suburban,No,440450.71335472993
2611,2.0,2,2011,2.1100660857332385,Suburban,No,537386.3236440085
1716,4.0,3,2008,7.798699823184053,Suburban,Yes,433747.3354350048
2256,1.0,2,1998,1.557174291149145,Suburban,Yes,428915.1826103249
2145,5.0,1,1994,6.345006302773973,Rural,No,438092.286521095
2021,5.0,1,1955,7.106338546534594,Suburban,No,422524.9903167365
2465,5.0,2,1969,8.016350658993249,Urban,No,558907.3949358226
1669,3.0,3,1965,8.97129067218333,Urban,No,422390.4901856794
1712,3.0,3,1961,3.8101260445289387,Suburban,No,342988.1602866564
1994,5.0,3,2001,7.472480098717161,Urban,No,487842.9644047495
1679,2.0,3,1969,1.7265666989247994,Urban,No,350282.52339460334
2254,3.0,1,2007,8.468152204102992,Suburban,No,479276.7543882581
1643,4.0,3,1994,9.012061223691889,Suburban,Yes,451879.70894487813
2113,3.0,2,1951,7.737919659731936,Suburban,No,402830.09885071195
1949,4.0,1,1983,3.5319650074896307,Suburban,No,425783.1263842746
2107,3.0,2,1975,1.561091862031423,Suburban,No,361251.32929013064
1770,5.0,2,1982,4.794450866498509,Rural,No,387129.8451893865
1830,4.0,2,1991,3.4357205483305577,Urban,Yes,429026.01017709787
2048,2.0,1,2014,5.771722011517337,Suburban,No,386496.9848086107
2101,3.0,3,1957,4.544751855582163,Urban,No,409067.4050257372
1997,3.0,2,2014,,Rural,No,411422.13860818645
2852,5.0,2,1959,8.530155288801858,Rural,Yes,569340.5045739968
1504,4.0,3,1981,8.78200156466093,Suburban,No,389993.2366312029
1967,5.0,3,2000,8.31830713880115,Suburban,No,501452.82514341315
1213,4.0,3,2006,2.8932131970605113,Urban,,358152.1790262201
2186,3.0,3,1989,4.856432405513935,Suburban,No,460525.3397207765
1442,3.0,2,2015,2.543193967611645,Rural,No,357706.50260365364
1860,3.0,1,1980,6.9868403066016445,Suburban,No,426588.1797417089
1813,3.0,3,2012,8.244818582289337,Urban,No,487103.81577631366
2140,1.0,3,2017,,Suburban,No,487224.7006227514
1723,3.0,2,2005,5.914988178173606,Suburban,Yes,420689.4342386937
1702,3.0,3,1961,7.434809767530447,Urban,Yes,411354.59781736415
2717,4.0,2,1980,2.02201837476623,Urban,No,527254.0258799752
2142,3.0,2,1972,3.2289130432388466,Suburban,No,401620.7189787149
1719,3.0,2,1982,3.8231088487945106,Urban,No,404013.47717878426
1874,4.0,2,1957,5.792551607671324,Urban,No,386961.7747419102
2822,3.0,3,2011,9.784242338750714,Suburban,Yes,636891.2978502824
1882,3.0,1,1964,8.76711196299436,Urban,No,426954.550665897
1655,5.0,3,1990,3.2234059134134485,Suburban,Yes,433230.09944467415
1657,1.0,1,2001,3.0968618860631745,Suburban,Yes,358827.7795853568
1725,4.0,3,1975,4.920833038009242,Urban,No,408613.74933485914
1702,5.0,2,1961,9.77182833690048,Suburban,No,382019.46110426914
1360,2.0,3,1976,2.372084253304905,Suburban,No,279096.7963345894
1437,2.0,2,2017,9.612487274080138,Suburban,No,378615.19353326235
1585,1.0,3,1979,2.7137718995259097,Urban,No,368284.7129612033
2295,2.0,2,1953,8.977920200308517,Rural,Yes,430312.5864728021
1809,1.0,1,2003,8.472582392944558,Urban,No,440293.95236469136
1896,2.0,2,1983,,Suburban,No,392860.74250297406
2635,2.0,3,2017,9.025873666801017,Rural,No,511312.9665063102
7941,5.0,2,2005,2.9632255864022397,Urban,No,595412.7566385085
1858,2.0,1,1967,8.008315406141909,Rural,No,391507.2181578969
1684,1.0,1,1996,7.138644495833039,Suburban,,381024.92298447393
1567,3.0,3,2021,8.910291544906269,Urban,No,415516.5437692056
2346,3.0,2,2009,,Suburban,Yes,508663.6657034582
1897,3.0,3,2008,4.721081093775292,Urban,Yes,462264.479134662
1806,1.0,2,1951,7.536003760511512,Urban,No,380816.7750860238
1593,1.0,1,2022,3.4285928775971883,Suburban,No,339556.8975400083
1615,3.0,3,1965,8.38049423696387,Suburban,No,387137.0750844625
2160,2.0,1,2007,3.5738159216139582,Suburban,Yes,452447.09068040946
1342,3.0,2,1961,1.3889207971233632,Suburban,No,292654.21925844724
2497,4.0,1,1954,5.963307089110181,Suburban,No,486419.03275673883
1733,1.0,2,1988,8.523761974307293,Rural,No,356287.04591258534
1925,4.0,3,1964,7.214223426985318,Suburban,No,384529.67965028057
1331,4.0,2,2021,9.903630085413125,Rural,No,399638.9698194339
1993,1.0,2,1968,2.2665589351963678,Urban,No,435818.90373811824
1835,3.0,3,1998,4.101097357252927,Urban,Yes,441682.8369482325
1974,5.0,3,1988,4.419487059993745,Suburban,No,416036.7037024717
2735,4.0,1,1964,1.5233460929829254,Suburban,No,525059.474379185
2088,3.0,2,2004,1.387041887667302,Rural,No,410055.38890381344
4806,5.0,2,2016,1.2650058189559206,Suburban,,372969.4343355886
1644,4.0,1,2005,4.6799145011412,Suburban,No,366057.7570316495
2297,,2,1994,8.602848023716575,Rural,Yes,503943.5318670828
2649,4.0,2,2006,7.386791777050602,Suburban,No,553690.1363411897
2140,3.0,3,2016,5.020870697436619,Urban,No,522877.3375012094
2344,2.0,3,1955,3.3761528298825283,Rural,Yes,416169.62683636596
2304,2.0,3,2019,1.1401303398841915,Suburban,Yes,463230.9355112846
2709,1.0,1,1980,2.5784182448900257,Urban,,523840.2477484227
1025,5.0,3,1971,4.484701391778751,Urban,No,280879.78517932637
2333,4.0,1,1987,4.334115982666976,Urban,Yes,516041.49259560916
2491,4.0,3,2007,3.334251355563138,Rural,Yes,500362.92835795705
1330,3.0,2,2019,9.974163214506506,Urban,No,390545.8532798117
1557,5.0,2,1978,,Urban,Yes,431216.3361522873
1574,,3,2005,3.41048806782379,Urban,No,410951.14217769704
1635,5.0,3,1960,4.663586727787521,Urban,Yes,365559.8725603355
1759,5.0,1,1997,3.5147195455203315,Suburban,No,398957.48070824554
2121,2.0,2,2009,4.168836816590855,Suburban,No,471504.3137773396
2432,4.0,3,2000,2.1328787588232343,Urban,No,557094.3813607955
2540,4.0,3,1988,1.007623156252786,Urban,No,537834.8707121739
1581,1.0,2,1955,5.424619460458396,Urban,No,323253.09200653626
1577,5.0,3,1979,5.402279143542928,Urban,Yes,425149.06763864704
2657,3.0,2,1950,2.412655637220814,Suburban,No,479980.7899650801
2323,2.0,3,1958,8.49411672086711,Suburban,No,489937.75008328323
2041,1.0,2,1994,2.7262503696988913,Rural,Yes,379856.8923777844
2236,2.0,1,1957,7.931706074822001,Urban,No,446295.7457215427
1985,3.0,3,1983,2.7124347409208855,Rural,Yes,404100.6730455121
2262,1.0,3,1957,3.531370079790251,Urban,No,422145.3302692704
1831,2.0,3,1961,,Urban,No,381614.02779751306
2134,3.0,1,1992,3.0662976592562137,Rural,Yes,416635.3625669042
1244,1.0,3,2005,9.573165910074994,Suburban,No,360028.48891297664
1656,3.0,3,1980,3.371152273035303,Suburban,Yes,378322.6179520967
1661,1.0,2,1991,5.364682206412245,Suburban,No,360798.24112795235
1812,4.0,3,1982,7.61656573579439,Suburban,Yes,429321.72689222073
1536,,3,1968,3.872202071817756,Rural,No,306419.2317594952
1733,,2,2004,1.1053066323536616,Suburban,Yes,408523.21083277516
1242,5.0,1,1953,7.855215260267996,Suburban,No,312877.889507637
2274,5.0,1,1961,3.556291412927479,Suburban,No,451003.25473958545
1958,,2,1977,8.858637213422245,Suburban,No,446088.5955603334
1147,1.0,1,2007,5.420381156461296,Suburban,Yes,297213.36352886306
1582,4.0,1,1997,6.619679098211008,Suburban,No,414763.8606085867
2168,5.0,3,1950,9.55863937669452,Rural,No,430758.483886348
1728,4.0,3,1993,8.829646577953717,Rural,No,422033.52048597834
1651,3.0,3,2012,8.133747285834204,Urban,No,423028.3281990816
1962,3.0,1,1987,5.776576978049265,Suburban,No,414031.7880183376
2171,1.0,3,1958,2.523608140166539,Urban,Yes,457526.22627879353
1281,5.0,1,1955,8.569413878346918,Urban,No,351008.15618426533
2275,3.0,3,2019,1.8455235283592724,Suburban,No,513929.8388648995
1599,3.0,1,2001,8.987128171812945,Rural,No,361957.2603322709
1991,4.0,2,2016,7.896307612954091,Suburban,Yes,500856.8078895634
1982,2.0,2,1965,8.231095291374864,Urban,No,410859.6390756833
1736,5.0,3,1951,,Suburban,No,380752.3551589259
1488,1.0,1,1985,1.7646568626638195,Rural,No,280274.4798922694
1857,1.0,2,2020,,Urban,No,432083.55981214345
2812,4.0,2,1984,9.802598595248398,Urban,Yes,622050.4622648803
1319,1.0,3,1979,8.725668763032914,Rural,No,325058.2206836402
2846,3.0,3,1994,8.57249396690997,Urban,Yes,622738.2788606356
1870,5.0,1,1995,6.690759140851383,Urban,No,471230.3558560741
2017,1.0,2,2014,2.046409167976279,Suburban,No,419486.9848100956
1456,5.0,1,1950,8.769488353814085,Suburban,Yes,352515.1475471765
1614,1.0,1,2006,2.998345808706157,Rural,No,310329.0380416105
1748,2.0,3,2020,3.380463858434884,Urban,Yes,458265.8724116308
1477,2.0,1,2016,7.802721687528381,Suburban,No,354390.15239877114
1895,5.0,1,1980,,Rural,Yes,458464.19442494935
1796,2.0,2,1974,1.653063862960808,Urban,No,362211.80931264797
2925,2.0,1,1996,3.2676309845305087,Rural,No,552821.5452072294
1417,3.0,2,2005,8.359171496801215,Suburban,No,339164.6175039969
2051,1.0,2,1950,9.546247400045697,Rural,No,374782.36333974474
2123,2.0,1,1986,3.3967999020509074,Suburban,Yes,421479.4081017591
1464,5.0,1,2016,7.8458512417985915,Urban,No,413075.82057278435
2343,3.0,2,1961,5.5507196987132765,Urban,No,493762.7538228628
1800,,1,1969,4.420551064893931,Suburban,,383850.08039857977
753,5.0,2,1979,9.08305547078555,Suburban,Yes,255548.9189191017
2329,1.0,1,2023,5.933831112828952,Suburban,Yes,505746.50092795957
1441,2.0,2,2013,7.225845508135285,Rural,Yes,366492.0278832504
1476,5.0,2,2013,,Urban,Yes,446293.92873229
2343,5.0,3,1967,6.792226740091445,Rural,Yes,478581.63959180453
1826,4.0,1,1981,5.655542424224155,Suburban,Yes,395417.94469479576
2458,,2,1968,,Rural,No,502972.97757827066
2605,4.0,2,1982,8.66952695860552,Suburban,Yes,555640.3559199894
1677,1.0,1,2011,3.723924969429724,Urban,No,372429.12794455915
2396,1.0,1,1971,7.62740296179224,Urban,No,519205.5056506667
1622,3.0,1,1978,3.4171781841514517,Urban,No,325162.4338535646
3116,4.0,3,1953,1.6365680381356107,Rural,No,508857.6377050436
1653,5.0,1,1999,,Urban,Yes,468632.13796097756
2513,3.0,3,1953,4.69595408690439,Rural,Yes,455555.87293286325
2421,3.0,1,1954,7.148671505243045,Suburban,No,461528.6427138025
2158,1.0,3,1988,7.820981481765342,Suburban,No,437288.7061236602
1664,5.0,1,2006,8.173091692316465,Suburban,No,416183.0645259158
1924,4.0,3,1980,,Suburban,Yes,401097.2340138726
923,1.0,2,1956,6.901060436336185,Urban,No,253632.71579664553
2112,,3,1961,7.842196339977073,Urban,No,442598.8327317696
2174,2.0,3,1959,2.078079149551619,Rural,No,384985.2212874316
2066,3.0,2,1978,,Suburban,Yes,440837.64923964767
513,2.0,1,1962,4.275105695615516,Suburban,No,167832.86163183494
1367,1.0,2,2019,3.7150293027044916,Urban,No,359571.22120174346
1625,4.0,2,1980,8.175110082499595,Suburban,No,363940.99898935785
2145,5.0,2,1958,6.784289088747372,Urban,Yes,471421.42298382724
2144,2.0,3,2000,5.481762068166166,Suburban,Yes,458197.49321881856
1914,5.0,2,1965,1.957649683571928,Suburban,No,418265.9001066364
2317,1.0,1,2008,2.0131050375626844,Rural,Yes,439930.5821944312
1486,1.0,3,2007,5.653138871055836,Urban,No,348146.1231573244
2305,1.0,3,1960,8.94589106032028,Rural,No,407841.010982142
2237,4.0,2,1985,7.975658686597101,Rural,Yes,494772.24961296056
2188,,3,1950,8.934117496320027,Urban,No,466216.4444800588
1908,5.0,1,1970,6.0863228005072045,Rural,No,412389.638069436
2915,3.0,3,1993,2.9923901048892483,Urban,No,572409.2777265265
2246,1.0,2,1986,1.286266151036619,Suburban,No,418595.832577191
1515,5.0,2,1955,9.462467586920658,Suburban,Yes,344737.74361876544
2124,5.0,2,1963,5.277049697073523,Urban,No,458876.730880992
2376,4.0,3,1950,8.731156148840203,Urban,No,548366.6552898283
1705,2.0,2,1957,7.59682973836041,Rural,Yes,348290.27480950055
2544,4.0,3,1993,8.489503027151201,Urban,No,591706.7263916328
2191,4.0,2,1976,2.8958806300436906,Suburban,No,427700.2558781994
828,5.0,2,1985,7.11498341395903,Suburban,Yes,282383.6454968461
2149,2.0,2,1991,7.504263723463137,Urban,No,491151.7365082971
1796,2.0,1,1969,5.973556594403079,Rural,No,382446.0691714111
2268,2.0,1,1957,8.517071230050504,Urban,Yes,469248.27878832776
2472,1.0,2,1995,9.893863059394864,Suburban,Yes,550702.4491063653
2097,2.0,2,2001,1.0948406177902168,Suburban,No,456570.95386265026
2832,,3,1975,5.094956668864662,Rural,No,528385.2638299064
1910,1.0,3,1984,7.785082240110132,Suburban,Yes,410013.08761215175
2312,3.0,1,2009,7.530899281537325,Suburban,No,496976.85716024163
2402,4.0,3,1952,5.2106205103304495,Urban,No,483420.1246588065
1951,2.0,3,1953,8.579396695669455,Urban,No,432478.97419402096
2389,3.0,3,2011,,Suburban,Yes,497974.16994851537
1702,2.0,3,2013,5.9352265579797825,Rural,No,351706.8203775671
1788,4.0,1,1999,3.455981341976207,Urban,No,444568.1064855281
1343,5.0,1,1968,,Suburban,No,358782.7358348425
2120,5.0,3,1992,,Rural,Yes,510457.0488761931
2162,4.0,3,1963,9.155093329435905,Urban,No,457161.0027224011
2589,3.0,1,1963,7.260825879962765,Urban,No,502969.9933940325
2395,1.0,2,2003,8.730160678891682,Urban,Yes,531378.2381305568
1857,1.0,3,1978,2.223812525715098,Rural,No,311385.196790727
1410,2.0,2,1952,3.4081867043133593,Suburban,Yes,246489.26858698076
2216,4.0,3,2022,8.966404514494858,Suburban,No,535124.1859164924
2555,4.0,1,1954,5.23775915380898,Urban,Yes,491939.4589825593
2377,1.0,3,1954,6.31847171543572,Urban,No,458468.40055331227
2542,3.0,2,1994,8.952989631997887,Rural,No,485035.05261032755
1894,4.0,1,2013,4.636081156450079,Urban,Yes,497018.64860166964
1766,5.0,3,2013,5.336291385327325,Urban,Yes,477982.5866798183
1631,5.0,3,1992,2.0095872491176414,Suburban,No,367371.43714936916
1972,4.0,1,1992,9.922718351847404,Urban,,517731.66418392234
1960,3.0,3,2000,9.76037430697425,Suburban,No,455804.9654876046
2103,5.0,1,1962,3.6688381822649516,Urban,No,440085.07737603807
1935,3.0,3,2022,8.672289937925662,Suburban,No,470319.37580408185
1933,1.0,1,2017,7.633607107145837,Urban,No,479888.3185677435
1611,2.0,3,2018,2.319289080164264,Rural,No,370988.82892272755
2470,1.0,1,1956,1.2150355750972097,Urban,No,453599.4359624237
2038,2.0,1,1991,1.126667314992734,Suburban,Yes,401524.23430087074
1912,5.0,3,1954,1.5914982703669884,Urban,,391278.06714734965
1626,2.0,1,1996,6.646526543134322,Suburban,No,400244.87547047477
1334,2.0,3,1997,5.429531333294571,Suburban,Yes,357327.4800308096
2653,4.0,3,1996,9.970800024455794,Suburban,No,587212.2716679149
2277,2.0,3,1957,3.578838673201811,Suburban,No,451660.74309353286
1188,4.0,1,1970,7.5312978064723035,Suburban,No,308819.4224482631
2381,2.0,3,1973,4.483916905867016,Suburban,Yes,513016.85374907864
2461,,1,1962,1.8848813965162003,Rural,Yes,426780.3965352009
2062,5.0,2,1964,8.894309963010402,Urban,No,476577.5558073709
2799,5.0,2,2002,4.6000176840599565,Rural,Yes,558626.2820859929
2108,,2,2021,9.25228081627247,Urban,No,529017.1008810292
1291,3.0,3,1980,9.432346607901797,Urban,No,318895.442199366
2182,5.0,1,2020,8.381301064184731,Suburban,,485471.88849969883
2122,1.0,3,2000,1.2491085485174223,Suburban,No,392507.52860222326
1698,1.0,1,1996,9.694237209242567,Rural,No,337280.1559738136
2286,4.0,2,1988,2.1174795422005572,Rural,No,429046.7689651663
1166,3.0,2,2006,9.381784072829598,Suburban,Yes,361843.91511693795
2495,4.0,2,1999,,Rural,No,492755.7791256619
1560,2.0,3,2006,4.397140474052472,Suburban,No,357250.69614928233
1507,5.0,3,1984,7.4918321712170854,Urban,Yes,432878.0351149945
1943,3.0,1,1956,5.561748759800975,Urban,Yes,469709.75423220283
2216,4.0,1,2002,8.150327447656421,Rural,,469213.2693646619
2081,4.0,2,1959,5.623968665387256,Urban,No,442744.1827653951
1628,1.0,3,1988,4.320182178722806,Suburban,No,359796.1237381434
1746,2.0,3,2007,4.247576725502459,Urban,Yes,457443.6784464443
1433,4.0,1,1984,4.18697976014094,Suburban,No,320583.1500926298
1887,1.0,1,2008,5.256081824497458,Suburban,Yes,390631.4486453859
2537,3.0,3,1971,,Suburban,Yes,483429.9668964598
5991,4.0,3,1958,6.955355806392312,Rural,No,435895.40016819816
2429,1.0,1,1957,4.072361638821056,Suburban,Yes,421308.64122440876
2727,2.0,3,2007,6.053883672373148,Suburban,No,565475.2002348804
1705,5.0,3,1971,5.738658954674947,Suburban,No,415381.1561518506
1906,3.0,2,1989,8.71415258019264,Suburban,Yes,461342.9348661023
3085,4.0,3,1977,8.755219629968211,Urban,No,637022.4532145484
2722,1.0,3,1995,,Suburban,No,514856.7403753032
1163,4.0,3,2018,3.174185607212893,Rural,No,311562.5087054459
6579,5.0,1,2001,1.31011765425017,Urban,Yes,472424.12123024045
2000,4.0,2,1960,4.824151077303593,Suburban,No,392977.2121604749
2413,4.0,1,1971,9.069724873154657,Urban,No,520825.09052584076
1627,1.0,2,1996,6.402263952253854,Urban,No,390345.6857367056
1580,5.0,2,1962,4.361722197868521,Suburban,Yes,358087.22556115274
1661,3.0,3,1994,7.949109908588279,Suburban,Yes,383797.27789361234
1714,1.0,2,2018,7.411107316796961,Urban,Yes,442071.7382720299
2407,5.0,2,1971,7.422081094169262,Urban,Yes,540663.777657953
1409,5.0,3,2016,5.631248642831864,Suburban,No,399492.40674872365
1688,4.0,3,1984,5.774327457957892,Suburban,No,385957.2144359548
1105,2.0,2,1981,6.002405419636028,Urban,No,290644.1048427849
2503,2.0,1,1987,5.9736290714322395,Rural,No,482590.2216219175
2635,3.0,2,2007,2.8568425110690248,Suburban,Yes,562376.0674091674
1836,4.0,1,1989,3.212071810526329,Suburban,No,401732.3606184557
1851,2.0,1,1970,4.366224512223326,Suburban,Yes,372521.6115535676
2226,1.0,2,1998,8.699213171327747,Rural,No,458724.8478401627
2737,3.0,1,1988,5.161533505318337,Rural,No,519966.3932032999
2204,4.0,2,2010,9.336872181263145,Suburban,No,497116.0757720199
1651,1.0,1,1959,8.140461534886587,Suburban,Yes,352446.38292239624
1190,2.0,1,1989,8.753530722218677,Rural,No,269487.54998979357
1442,2.0,2,2007,2.20733321068955,Suburban,,356035.05863981013
2036,2.0,3,1994,2.3390789048080074,Suburban,Yes,413573.23555548623
1672,2.0,3,1966,3.1296366230208505,Suburban,No,324571.5709413679
2097,,2,2017,6.96358921985976,Suburban,Yes,514766.14740795037
1723,3.0,2,1959,5.286583069148579,Urban,Yes,411374.6626964179
1470,3.0,3,2011,2.5283205013395964,Urban,No,385081.2887788177
1411,,3,1981,7.712043138777453,Suburban,Yes,354515.89674579713
2781,3.0,1,2021,5.657279654824103,Suburban,No,540375.5222203268
2444,1.0,1,1991,7.578969639315686,Urban,No,525029.8573816166
2865,1.0,1,1994,9.185251841821499,Urban,,579376.6515770861
2269,3.0,3,1970,9.232730859495868,Urban,No,446368.7645862002
1785,2.0,2,1976,3.710058564235313,Urban,No,415291.46588600153
2661,4.0,1,1979,2.4268139304086755,Suburban,No,511163.36516427255
1983,2.0,2,2023,4.904437268982207,Urban,No,490936.89529599185
2110,5.0,3,1950,1.754926931455691,Urban,Yes,451076.99054665695
1978,4.0,1,1958,1.3957260251948047,Suburban,No,384093.190093096
526,5.0,3,1952,9.803032711324734,Suburban,No,224457.55111096887
2802,3.0,2,2002,9.746418986443606,Rural,,562003.3473486956
2245,5.0,1,1991,4.166024309348561,Suburban,No,443498.9294287001
2164,3.0,2,1968,8.384719355696099,Suburban,Yes,436342.61753943306
1969,5.0,2,1955,3.0108307089288564,Rural,No,353655.19876009115
2081,4.0,1,1956,4.755630952444832,Suburban,Yes,425436.308736366
1701,5.0,1,1992,7.538049979282521,Urban,No,437442.19829293987
2308,2.0,3,1985,5.954885760145088,Rural,No,410275.1860948838
1346,3.0,1,2017,8.39006346732104,Urban,,442384.36251106265
2093,1.0,1,1988,9.820351161368169,Rural,No,402928.4598707003
2280,5.0,1,1992,1.0811588003482333,Urban,No,475514.9444264458
1900,3.0,1,1986,9.320685553444171,Urban,No,422093.43974846357
2185,1.0,1,1977,4.7210252876536085,Rural,No,397019.72363403917
1504,3.0,3,1999,4.671542479052862,Suburban,Yes,367221.57455282146
1517,3.0,2,1988,1.0059351754877952,Suburban,No,318759.8835478599
2118,1.0,3,1951,8.509150657586003,Urban,No,436228.0689405872
2339,1.0,2,1986,7.830900059047856,Urban,No,461630.0104539654
1062,4.0,1,2015,9.046093559175148,Urban,Yes,380214.68957677874
2261,5.0,3,1968,2.506248031453028,Urban,No,474574.0286167508
1728,5.0,2,2018,2.936013319541357,Suburban,,448447.67195501045
1903,3.0,2,1993,3.7317752365522976,Suburban,No,407972.24246377504
1330,2.0,1,1962,5.771861827347043,Suburban,Yes,283557.85633865057
1574,2.0,1,1971,4.106047037082059,Suburban,No,324264.5205421726
2483,3.0,2,1956,3.697538731552718,Suburban,Yes,452533.3334379878
2016,4.0,3,1951,2.6442457239613693,Urban,Yes,444304.4689820274
1808,1.0,2,2011,2.432808978364428,Rural,No,385252.2924774468
1941,3.0,3,1954,5.256457663046842,Suburban,Yes,401198.09133144567
2244,5.0,3,1969,5.013100230920911,Rural,No,452514.6413205194
2220,,2,2003,8.066181577036273,Suburban,Yes,463986.52087716165
1962,2.0,3,2012,8.414448784227702,Urban,No,458269.57795273035
2546,2.0,2,1985,7.3055257859132405,Suburban,No,465560.1259284187
2485,4.0,2,1965,8.480827933850252,Urban,Yes,518026.17740069225
2206,5.0,1,2006,1.9796673383228125,Urban,Yes,520111.6295096723
2027,4.0,2,2013,5.119837113036402,Suburban,No,493993.9254573728
2328,,2,1959,3.578078234754941,Suburban,Yes,426039.3679075158
2157,3.0,1,2000,3.266176270104168,Rural,No,407156.39660052833
2530,3.0,1,1976,7.4142553147424355,Suburban,Yes,496938.51502480364
2449,2.0,3,1956,8.481058142488388,Urban,No,472959.1878743182
1490,2.0,3,1990,2.03263571135191,Rural,No,313196.7894267239
1457,1.0,1,1962,2.1168946901218466,Suburban,No,301173.9756573286
1649,4.0,1,2015,6.75463091361351,Urban,Yes,459358.10423630103
2488,5.0,1,1952,2.2986907681775532,Suburban,Yes,532428.1061161145
1211,1.0,2,1960,7.915462386623985,Urban,Yes,329771.06528795976
2197,3.0,2,1954,8.458256168044116,Urban,No,441998.7364491562
2181,3.0,2,2009,5.705596071749175,Rural,No,458132.5651736321
2581,4.0,1,1951,9.175622913519836,Urban,Yes,527332.7813536405
2090,1.0,3,2013,1.183157924351101,Suburban,No,414045.6766190624
1328,5.0,3,1962,3.0376943927355535,Urban,No,339579.6428240546
1520,1.0,2,2003,7.956453519992612,Rural,No,379947.41276849736
1409,1.0,2,1961,9.615704833981273,Urban,No,311487.10984245775
1731,4.0,1,1967,9.64521573589502,Rural,No,365303.05263258854
1908,5.0,1,1967,1.0035823939181991,Suburban,No,373680.86238361365
1417,3.0,3,1966,6.686771427736263,Suburban,No,339058.1550164969
2735,2.0,3,1988,1.2459609973312882,Suburban,No,512201.2990723135
1337,5.0,1,1962,7.302932332340127,Suburban,,324515.11840178806
2673,3.0,3,1994,,Urban,No,589749.8166218953
2592,4.0,3,1968,8.718965615597114,Suburban,No,527518.7378323553
2449,5.0,2,1968,5.76499076493563,Urban,Yes,537745.1521703154
1653,5.0,1,1970,8.65101170446119,Rural,No,342431.97487349896
2171,3.0,1,1973,9.314590735291365,Urban,No,482637.55962570553
1361,3.0,1,1979,5.799059791468243,Rural,No,266717.9961261411
2455,1.0,2,1997,5.717036983682054,Suburban,No,461599.54147026583
1963,1.0,1,1984,,Suburban,Yes,390921.77926212654
1795,5.0,3,2008,5.541726913527519,Suburban,Yes,449622.76779009344
1388,2.0,2,1966,7.970807531021486,Suburban,No,348604.44933492003
761,4.0,2,1997,1.6059693296647397,Suburban,No,188117.32235902167
1480,3.0,1,2004,5.072415472732138,Suburban,No,365981.98316654464
2556,1.0,3,1958,5.71587966065301,Urban,No,518267.1291136946
1798,4.0,1,1963,2.93010166565577,Suburban,No,392018.8383147778
1915,5.0,3,1975,5.871484376773123,Urban,No,451391.2732646255
2327,3.0,1,2001,5.100938864172648,Suburban,No,480398.410760102
2902,3.0,3,1993,7.638242203433721,Urban,No,627880.8772563596
2662,1.0,3,1960,4.179649148394679,Suburban,No,462710.5939606017
1513,2.0,3,2000,9.547958376957105,Urban,No,379072.58031671966
1028,3.0,2,1991,4.723573139378119,Suburban,No,316050.90995339124
3179,2.0,1,2011,6.678031843956559,Urban,No,617962.6626873254
3134,4.0,1,1984,2.9951164158595045,Suburban,No,622065.9486553107
2094,3.0,1,2013,7.197913193126724,Suburban,Yes,455116.1940374786
1364,3.0,2,1967,5.624677095170785,Rural,No,287815.2410670693
2481,2.0,3,1963,4.0801270957847615,Suburban,Yes,468328.8882178566
1946,1.0,2,1998,4.131194499470277,Suburban,No,385599.44724499295
1943,5.0,2,2018,4.379089450971822,Urban,No,497819.6845404966
2447,4.0,3,1966,4.937080560175149,Urban,No,526744.6306969097
2167,3.0,1,1970,3.2288389426103272,Rural,Yes,393900.533453485
1407,1.0,2,1963,3.4966094048449725,Rural,No,236681.24625310834
1837,,3,1952,9.625265408959075,Suburban,Yes,431634.3245107596
2330,4.0,3,1980,3.7113554321273448,Suburban,No,457774.602396926
2255,5.0,1,1996,6.642172808641549,Suburban,No,468145.3312159071
2131,3.0,3,1993,4.108063303625068,Suburban,No,441077.130740218
2466,2.0,3,1966,8.297555925317376,Rural,No,466766.66295595595
1819,1.0,3,2005,,Suburban,Yes,439772.47215215996
2089,5.0,1,1976,3.954045532418645,Suburban,No,403415.7643599474
312,3.0,1,2020,7.449615077010189,Urban,No,235280.58766004353
1775,5.0,3,2018,7.810699368657163,Rural,Yes,474890.05701640726
2381,2.0,3,1951,2.2446245655884227,Suburban,Yes,408753.3264561341
1804,3.0,1,2011,6.203317417105043,Suburban,No,393100.73983334214
1766,5.0,1,1955,8.26983372983843,Suburban,No,387804.6530253855
1479,3.0,1,2014,1.4531401406779043,Rural,,316661.63013653515
2501,3.0,2,1967,5.570797802595815,Rural,Yes,483697.0102319087
2274,5.0,1,2004,8.558513967161513,Rural,No,500044.87517868076
2412,3.0,3,2016,9.57486437707901,Suburban,,501304.49190510105
1136,2.0,1,2006,6.903866160585187,Urban,Yes,333832.8652351399
1919,5.0,3,1968,3.950249362082848,Suburban,No,412491.8036213712
1859,5.0,3,2023,6.443595960338243,Rural,No,426913.7715043527
1859,2.0,3,1960,1.2462700531380815,Rural,Yes,353768.302554461
1691,2.0,1,2004,5.10275527683202,Suburban,No,359720.05490802496
1826,,1,1986,7.545946521569461,Suburban,No,379976.5190786412
2424,3.0,1,1953,1.3258639574544187,Rural,,422203.4338232273
1043,3.0,1,1962,6.4291011998115275,Rural,No,251392.43210041279
2888,4.0,1,2019,6.294898448497421,Suburban,No,624575.9587758889
2241,3.0,2,2007,2.7070514089642144,Urban,No,480126.68070054613
1978,2.0,1,1951,6.123004571782696,Suburban,No,360808.85522563406
2453,4.0,2,2009,4.68505229057295,Suburban,Yes,530197.6140501584
1274,2.0,3,1981,5.309461175245446,Suburban,Yes,325142.75914624485
1667,1.0,3,2012,3.9286584522608328,Urban,Yes,417056.915340826
1939,5.0,3,2009,8.293101648203663,Suburban,No,465573.1626489613
2682,1.0,3,1975,4.290874149452797,Rural,Yes,492372.68132161896
1976,2.0,2,1971,8.117290365253602,Rural,No,405034.00020858704
2225,3.0,2,2023,1.6891574738375104,Urban,Yes,501773.6748655564
1705,5.0,3,1953,3.507209316117583,Urban,No,405583.79339290893
2243,3.0,1,1965,4.624030193922541,Urban,No,488986.1122012759
2838,3.0,3,2012,4.641216532756825,Suburban,Yes,590286.4234395591
2497,5.0,3,1991,4.971652111099252,Suburban,,553742.7723146807
1959,5.0,2,1982,6.871506475573588,Suburban,No,423144.6143716108
2337,1.0,3,1962,6.166492259417353,Suburban,Yes,417738.82395566674
2288,2.0,2,1995,5.689428926175935,Suburban,No,484664.6715077117
2253,3.0,2,1962,8.539051463469853,Suburban,Yes,498778.73035410926
2555,2.0,3,1982,2.765502090389486,Suburban,No,472697.3519918539
2552,2.0,1,1963,8.742149348559096,Urban,No,523765.6716454247
1936,4.0,2,1957,8.3028707938122,Suburban,Yes,429795.47997810104
2320,1.0,2,1995,2.761250796716967,Urban,Yes,445423.9980171377
1808,3.0,2,1950,6.6165699395379365,Suburban,Yes,411421.8428309979
1538,5.0,3,2008,3.0094984487291225,Rural,Yes,373110.4913822907
1865,5.0,3,2009,9.485385783713893,Urban,Yes,542384.4642831864
1961,2.0,2,1998,5.436546598146425,Urban,No,478316.14141125005
1169,1.0,1,2010,2.833501521411316,Suburban,No,294893.1181331917
2430,1.0,3,1972,6.7249879811542215,Suburban,No,448188.3541431484
616,3.0,1,1954,7.364880824480745,Urban,No,242156.965267591
3357,3.0,1,1999,6.444726847570368,Suburban,Yes,661575.2315256265
2750,2.0,3,1985,3.1751826558927,Suburban,Yes,519516.29994626576
1869,2.0,2,1969,7.61693000316796,Suburban,No,369688.8537876457
2004,2.0,1,1992,9.36606482440997,Suburban,No,411618.5532529748
2151,4.0,2,1957,9.569213406005678,Suburban,No,422551.2963458969
1705,1.0,1,1990,7.115317136046142,Suburban,No,358296.1122174484
2096,2.0,2,1974,8.562207387313357,Urban,Yes,468143.41443236
1928,1.0,3,1956,9.80768629420153,Rural,Yes,361810.3153723515
1952,5.0,1,2010,1.3904272290438833,Rural,No,404370.58194405405
2090,5.0,1,1982,5.292915154137163,Rural,Yes,439087.62578300276
1343,1.0,1,2018,,Urban,Yes,391177.6501702948
2019,5.0,2,1987,5.273084558591789,Rural,No,411784.0015345755
2081,5.0,1,1961,9.252260183758207,Suburban,Yes,471294.03085978236
2064,5.0,1,1993,9.850475414400348,Urban,Yes,526072.7229796235
1892,,2,2002,,Rural,No,435615.81572966045
2568,3.0,2,1963,,Suburban,No,464581.21585073136
1823,1.0,3,2020,8.225778636492148,Suburban,Yes,446270.2614957771
2113,1.0,2,2001,8.358909603112116,Rural,No,428135.0242159918
2648,4.0,1,2001,6.214412803130567,Rural,Yes,564104.2719773628
1960,3.0,1,1995,7.4340285040170775,Urban,No,455578.93787052564
2107,1.0,3,1990,9.148216313015299,Urban,No,446204.07419395196
1951,3.0,3,1951,9.947478354304259,Urban,,450931.3792712708
2618,4.0,1,1998,1.3606267942079047,Suburban,No,522276.1750291656
1871,1.0,2,1977,3.3144664101574213,Suburban,No,373447.80072870594
2641,1.0,1,1981,9.411184699647224,Urban,Yes,553836.4797822946
1948,1.0,3,1971,3.9623438349391984,Suburban,No,413908.905613836
1570,1.0,1,1991,1.958402250666512,Urban,No,354328.0725990291
2339,2.0,1,1978,3.8193944907207893,Suburban,No,457972.1929542943
1847,3.0,1,2017,5.666462035843584,Suburban,No,433775.50039252324
2310,,3,1982,4.474821278041255,Suburban,No,440921.08813162247
635,3.0,3,1995,8.09472796865798,Urban,No,313333.6579370703
2002,4.0,3,1958,6.4993208893902095,Urban,No,466168.8733107938
1770,2.0,2,1987,4.91414100713136,Rural,Yes,378004.5774667572
1468,3.0,3,1975,9.975351004868823,Rural,No,327475.3566825625
1723,3.0,2,1992,8.973449578157796,Suburban,Yes,453634.9333518324
1713,1.0,2,2002,8.760309143719654,Suburban,No,363582.8806667067
1976,1.0,3,1976,6.10527940747983,Urban,,438310.6907115724
1316,1.0,2,1960,8.01932812496044,Rural,Yes,294533.23385139555
2158,3.0,2,1975,4.0229690718764175,Urban,Yes,504165.81654535164
2683,1.0,1,2006,3.9686549463037033,Suburban,No,519108.8800206061
2140,3.0,2,1950,9.028477898510788,Urban,No,449582.6633446091
7212,4.0,2,1960,6.371500120114616,Urban,Yes,500407.3321178899
2547,4.0,3,1979,4.09228111241051,Urban,No,538295.9601307766
2618,5.0,1,1953,8.607906195758584,Suburban,No,511827.71032733866
2935,2.0,2,2021,4.98298621029472,Urban,No,601645.5412596758
1750,1.0,2,1982,4.5997829469577445,Urban,Yes,424038.4129025027
1640,1.0,2,1982,1.2355390779991606,Suburban,No,322626.81020826026
2391,2.0,3,2023,7.111022696047858,Suburban,,514130.90179845085
2354,2.0,3,2015,5.793782076240679,Urban,Yes,533828.8923419788
2387,5.0,1,1953,3.8064620817729895,Rural,No,420690.61197842413
2944,2.0,2,2000,2.25371288095706,Urban,No,605271.7625109056
2005,3.0,1,1976,2.6417406179079377,Suburban,Yes,430315.3765744887
2213,1.0,3,1982,3.0237581330223584,Suburban,No,441609.5363892759
1509,2.0,2,1981,8.786832014058685,Suburban,No,362587.5179298936
3067,3.0,2,2016,5.325724600976857,Suburban,No,623315.1481072161
1831,2.0,1,1977,7.259473999636253,Rural,Yes,402483.95746070135
1845,3.0,2,2006,5.151865791494772,Suburban,No,405433.7013930475
1826,4.0,3,1968,5.263576202383675,Urban,No,398827.91363225307
1677,3.0,1,1980,8.399330873930603,Urban,Yes,456426.8111472635
1635,5.0,1,2002,7.940410572163135,Suburban,No,397929.3310567561
1738,3.0,2,1981,3.0892435853746263,Suburban,No,400546.42880440445
1317,2.0,3,1958,6.631478284499683,Suburban,No,298723.1958632313
1607,4.0,2,2000,7.121693936422833,Rural,Yes,382337.99204752315
2974,4.0,1,1972,4.643231008752221,Urban,No,574437.799028758
2367,3.0,1,1974,1.6149858161701687,Urban,No,474553.7591069346
2462,2.0,3,1995,4.3426435486522195,Rural,No,458381.33519333974
2588,4.0,1,1993,4.224746775507057,Suburban,Yes,533292.7411712853
2917,,3,2015,7.215666229497198,Rural,Yes,608999.9404629429
1114,3.0,2,2016,8.285660334215338,Suburban,Yes,360415.937121746
1385,3.0,3,1977,4.564141812403155,Rural,No,276419.58525892935
1598,4.0,2,1973,6.811446280830638,Rural,Yes,377119.4505771084
1765,1.0,2,2005,6.785511204936984,Suburban,No,429194.71973073453
1849,2.0,1,1999,,Urban,No,457458.79394869244
1776,5.0,2,1952,5.988781037566208,Rural,Yes,364831.54645467194
2109,5.0,1,1972,6.662945587058152,Urban,No,482579.9341347511
2017,2.0,3,1983,8.809187040172798,Rural,No,414494.17942783213
1638,1.0,3,1958,9.296460519755124,Rural,No,309628.78249475546
912,2.0,2,2008,1.82619489068234,Suburban,Yes,254507.48786855408
1503,3.0,3,2015,1.1057731620091031,Suburban,No,357571.1003077004
1725,2.0,2,1971,5.670242327577621,Suburban,No,343779.2745964893
1876,2.0,3,1984,4.715311240040856,Suburban,No,407532.2236586126
1435,,2,1980,5.060524960227833,Urban,No,360319.83470673946
1754,,2,1997,5.126546803188817,Urban,No,431488.3786149715
1434,5.0,3,2002,9.056697323773422,Rural,No,378029.6631423538
1937,3.0,3,1981,6.7296436006369476,Rural,,427733.3446252304
1463,3.0,3,1961,4.9810606779272035,Rural,No,280290.0900358648
1575,4.0,3,2011,5.09304438849575,Rural,Yes,348888.2627398991
1345,,2,1952,8.600523651086352,Urban,No,332571.12351715454
1923,1.0,2,1955,2.953506063924875,Rural,No,337178.278635071
1566,4.0,3,1961,1.1327184328083106,Urban,No,337899.87945831846
2453,4.0,3,2002,5.303506449236357,Urban,No,555568.978145538
2202,2.0,1,1969,9.644238630251962,Urban,Yes,483951.63297230034
1965,2.0,2,1955,8.329348361945511,Rural,No,371935.1629938524
1601,1.0,2,1963,4.675557016427885,Urban,No,351527.7870652721
2190,4.0,3,2005,2.575891818289623,Urban,No,508387.8068567146
2345,4.0,1,1990,6.131217067667551,Urban,No,502943.93015570054
2071,2.0,3,1998,8.917341071112148,Suburban,No,484608.7668645692
2801,5.0,2,2014,7.4554620921608,Suburban,Yes,623975.5836764561
2229,5.0,2,1980,5.861802006806753,Urban,No,513185.45164908667
2456,,1,1977,7.613888678677358,Suburban,No,524236.69202042563
2066,3.0,3,1961,9.681892135355163,Suburban,No,468317.9891490812
2337,4.0,1,1965,5.974241581475276,Urban,No,494004.6422807975
1601,1.0,3,1984,5.9981315062274385,Rural,,326050.60003048455
1770,5.0,1,1993,5.307429869528862,Suburban,No,414462.93720849766
2174,3.0,3,2017,6.099516796392142,Suburban,Yes,474313.66845908295
2171,4.0,3,1959,6.716460056407186,Suburban,No,463414.17771745025
2253,3.0,3,1952,2.8385125921053715,Suburban,No,402614.6822803788
2550,4.0,2,1980,6.112262743103252,Rural,No,495581.1552297691
1287,4.0,3,2001,1.1211160847875887,Rural,No,324520.56802320044
1512,2.0,2,2014,9.441364122012214,Rural,,387228.41277625004
2114,2.0,1,1954,1.340553661381205,Urban,No,385153.8749588576
1637,1.0,3,1954,9.62337781085791,Suburban,No,319493.2073707327
3688,1.0,2,2015,9.720934905923844,Rural,No,678266.9696708234
2257,3.0,1,1964,5.7411120697907165,Suburban,Yes,444753.90314936836
1960,2.0,3,2014,3.9917636187087178,Suburban,No,437217.404193432
1742,4.0,1,1970,2.66455644981942,Rural,Yes,343926.65748691134
1759,2.0,2,2020,2.4595722583351036,Urban,No,414875.950894644
2015,4.0,2,1960,3.141405455229537,Urban,Yes,401671.4556597014
2055,2.0,3,1991,5.285858650560546,Suburban,No,453589.0285886231
1771,4.0,2,2015,7.6860832466902025,Suburban,Yes,437364.2002151797
1863,3.0,2,2010,4.588566292325317,Suburban,No,444983.5502606007
2672,2.0,1,2009,8.029108737340735,Suburban,No,569849.6568975033
2692,5.0,3,1963,6.081275323178311,Urban,No,571319.6052926744
2126,5.0,3,1954,1.1734927811773228,Urban,Yes,487973.5918882815
1329,4.0,3,1980,2.1861233601444594,Suburban,No,311928.31718017557
2269,3.0,1,1997,6.150247027014718,Rural,Yes,450609.33938321215
2777,4.0,2,1981,2.450490169942343,Urban,No,537561.7673078942
2684,3.0,3,2006,6.47480533351326,Suburban,No,530114.1142893038
2367,1.0,3,1983,5.007525973572166,Suburban,Yes,463978.01711801
2711,2.0,1,2023,7.210740165152253,Rural,No,532534.3053206246
2026,3.0,1,1976,3.6229335274171865,Rural,No,392514.40744983143
2314,4.0,3,1954,8.394626800465346,Rural,No,447394.9402952702
1659,1.0,3,1966,4.499958595008444,Suburban,No,330457.4841774358
2146,4.0,1,2018,8.169831764968983,Suburban,No,501895.23538980447
2664,5.0,1,2005,1.1743371678914314,Suburban,No,510037.6605201781
1705,5.0,1,1987,4.537756890541016,Suburban,No,407349.7364771891
1569,2.0,1,2003,2.9816958863031537,Urban,Yes,367608.1912614134
2048,2.0,2,1997,4.993122868079109,Urban,Yes,477470.81568271096
1886,1.0,2,1998,9.521289551150062,Suburban,Yes,404031.50433669076
2324,5.0,3,1990,2.4306153542434084,Suburban,Yes,555742.0303102873
1773,3.0,2,1971,1.7919664923949332,Urban,No,394427.5421247416
2859,5.0,1,2006,1.5264654240538018,Urban,No,606862.5742749501
1355,,3,2015,2.1102397734148504,Suburban,No,323002.66617990914
2626,4.0,1,1968,1.5576190587515417,Urban,No,512031.3555060889
1617,1.0,2,1951,7.1626423718354015,Suburban,Yes,331460.0242389702
1102,5.0,1,1982,2.0566157958850186,Suburban,No,267469.48012243735
2118,3.0,3,2022,2.776959211661752,Urban,Yes,569572.3775192684
1872,3.0,2,2008,6.809778542789584,Urban,No,434971.0771592637
1445,3.0,3,1955,5.015420950240892,Urban,Yes,350442.7830215285
1159,1.0,2,1960,1.491982926229886,Urban,Yes,287146.5827121876
1995,3.0,1,1976,,Suburban,No,424714.9386892615
2487,3.0,3,2021,6.399379317758321,Urban,No,591657.4186764996
2292,5.0,2,1994,6.524123886453647,Urban,Yes,543839.5340889016
2028,1.0,2,1980,8.673246750824934,Suburban,No,447714.78282324434
2239,4.0,2,2012,9.18184083213912,Suburban,No,484101.5259546731
1986,4.0,2,1993,1.513813223005943,Suburban,No,397707.04250430426
1285,3.0,1,1990,1.6151167188248565,Rural,No,260931.38703977366
1289,,1,1996,7.988958294762065,Suburban,No,358556.54987162317
1898,1.0,2,2018,7.262512124702268,Rural,No,388722.4917864348
1919,2.0,1,1951,,Suburban,Yes,399597.10440088523
2425,1.0,1,1964,3.8910433272696947,Rural,No,382738.87835780036
2378,1.0,2,1969,6.499368545477893,Suburban,No,425688.2062635286
2302,5.0,1,1952,8.100914849938889,Suburban,No,464617.55825055717
1859,3.0,3,1988,6.428407739615587,Urban,No,446843.5048712008
1309,5.0,3,2023,8.127717453370183,Suburban,No,420933.6530123616
2206,2.0,1,1959,3.057562382971831,Suburban,No,424519.39697736554
2262,2.0,2,1989,3.9800293880751387,Urban,No,473728.0564046447
805,4.0,3,1962,1.9146081358069336,Suburban,No,210931.50582228208
1582,5.0,1,1993,9.863329887946062,Rural,No,383403.57562495413
1654,5.0,1,1981,8.28091230567571,Rural,No,371097.2989174453
2059,5.0,2,2022,7.442092458738651,Suburban,No,515203.56312939536
1598,4.0,2,1979,2.753312184543174,Suburban,No,342818.9238589298
1980,5.0,1,1950,7.288154849985096,Urban,No,460258.41576159303
1894,,2,2002,8.761715038462722,Urban,Yes,517334.4501977176
1920,5.0,3,1993,8.29314013009018,Rural,No,442034.15613286744
1641,5.0,3,1984,7.79216832539684,Suburban,No,381484.770636417
1680,2.0,1,1989,,Suburban,Yes,318711.7184311752
1459,3.0,1,1994,7.902678035833597,Rural,No,329777.2557845761
2190,2.0,2,2009,5.361153601953524,Rural,,458928.2166782368
2285,5.0,3,2012,4.640730014338156,Urban,No,546437.8054255045
1614,1.0,2,1959,9.683040878123554,Suburban,No,344219.68370059563
2760,1.0,1,1996,,Urban,No,542701.0311033233
1842,4.0,1,1973,8.78247057551635,Suburban,No,418665.65753611864
2765,2.0,1,2006,,Suburban,Yes,541238.2618446235
1678,4.0,1,1967,5.647714723062403,Urban,No,370924.39220433106
986,4.0,1,2006,4.266423878135143,Suburban,No,277340.47820686526
2201,1.0,1,2021,5.528777597219148,Suburban,No,471654.5618918056
2124,,2,1995,8.365623071467247,Suburban,Yes,464421.26026905735
2017,3.0,2,1992,,Suburban,No,407606.79063945735
5034,2.0,2,1965,7.793137519314621,Urban,No,409453.2759494354
1982,4.0,3,1963,5.013000747101819,Urban,No,451387.3402334834
1744,5.0,2,1958,9.414552270273157,Urban,No,432277.1888670347
1848,4.0,1,2022,5.922886131667607,Suburban,Yes,499977.35746288224
2420,2.0,2,2018,1.3723786088550702,Rural,No,479524.8793339864
2092,1.0,2,2010,9.191854844852532,Suburban,Yes,504974.9913101846
2304,2.0,3,1960,9.320437191114678,Suburban,Yes,431350.1941303482
1884,3.0,1,1968,2.6192922073288676,Rural,Yes,324665.46611588815
1828,5.0,3,2013,9.753961709557283,Urban,No,494013.8278485597
1423,5.0,3,1987,5.012195337291781,Rural,No,340180.4279425774
1814,,3,1959,9.229777396542527,Suburban,No,416132.46434057684
339,2.0,2,1965,4.2767022471885205,Urban,Yes,178267.70148765636
1704,1.0,1,2018,1.2041533036597363,Suburban,No,368851.92556384497
1959,3.0,1,1991,8.155184384250585,Suburban,Yes,446611.1402332891
2281,4.0,3,1993,8.972301021473555,Suburban,Yes,509033.57483049255
1865,2.0,1,2002,2.4652778878770096,Rural,No,415112.94332845043
2173,1.0,1,1984,5.985828439724897,Urban,No,471633.5097293534
910,2.0,3,1985,8.484024288302713,Suburban,No,266535.8169119165
1971,1.0,2,1971,5.153911869099568,Rural,No,357400.65038501413
1160,2.0,3,1973,8.095292842484206,Suburban,No,366163.6661214833
1395,2.0,3,1961,6.742839615329329,Urban,Yes,339143.8043892516
1906,4.0,2,1984,7.486573856530611,Suburban,No,421325.3646859427
2638,2.0,2,1999,9.269342750155758,Suburban,No,550420.9281162885
6555,2.0,2,1989,4.7514101949930625,Urban,,458566.6751548684
2009,4.0,2,1971,7.9387740478682955,Rural,Yes,443851.30051507003
1990,4.0,3,1996,7.414151865207717,Suburban,Yes,471745.39088668645
1643,5.0,2,2015,4.950900999058102,Suburban,No,429092.8164235244
1728,5.0,1,1959,4.430565399423208,Urban,Yes,402814.4917395032
2213,4.0,3,1992,8.932192004639244,Suburban,No,516745.8181235278
1307,3.0,3,2018,2.842655494049061,Urban,No,365658.7501157941
2296,1.0,2,1974,3.866563949993541,Suburban,,425799.8080068158
1805,4.0,2,1996,9.770338059150038,Suburban,No,477933.4880623329
2412,5.0,1,1956,,Suburban,Yes,463339.15877874236
2480,2.0,2,1977,8.852287885782706,Suburban,No,488911.87705839926
1163,4.0,3,1994,4.342850055560397,Rural,Yes,305055.86263781437
1709,4.0,2,2016,5.960832675359241,Urban,Yes,466110.7724674708
1572,5.0,1,1961,4.585080291352326,Suburban,No,362597.5048648101
1093,5.0,3,1960,2.991715858716165,Suburban,No,265898.12101593654
1483,3.0,3,1952,7.2199527575481435,Rural,No,297846.67449733824
3220,5.0,2,2010,9.699491809210006,Urban,No,737142.7612733762
2304,5.0,1,2015,9.03529822423184,Suburban,No,537669.1112401912
2958,5.0,1,2005,9.867490183638019,Suburban,No,619552.9429385439
2414,2.0,2,1975,7.220142952416092,Suburban,No,488810.2932749921
1629,4.0,3,1983,1.31030414482473,Urban,No,398345.7302804165
1809,4.0,3,2004,5.986628478094104,Suburban,No,426493.95089542255
2294,5.0,3,1965,6.602637639803368,Urban,No,531575.4164031703
2218,3.0,2,1988,2.08129409671941,Urban,No,415762.5098702588
1711,5.0,3,1955,8.45584244758227,Urban,,449502.7551475458
1245,3.0,3,2021,7.570726086788893,Suburban,Yes,369817.42903476
3643,4.0,2,2001,5.035861682553897,Urban,Yes,745840.5010253976
1929,3.0,3,1974,3.627952742481356,Suburban,Yes,409585.2020324114
1837,3.0,2,2005,2.9962524239630985,Suburban,No,399918.80071318784
2056,1.0,1,1968,9.68002158568526,Rural,No,352106.05337249476
1878,3.0,1,2022,8.218680070078841,Suburban,Yes,491462.64450977254
2061,3.0,2,1976,7.240458179246879,Suburban,Yes,439485.993085383
2643,2.0,2,1954,9.535421653008186,Suburban,No,521316.39190103
1937,4.0,2,1975,2.831543584586657,Rural,No,406798.7098347164
1418,5.0,3,1979,8.718473851214679,Rural,No,393334.59154865233
1919,1.0,3,1984,6.251014738586679,Suburban,No,391849.8784867439
1767,3.0,2,2002,9.3974445719994,Suburban,No,440679.8774153385
2711,2.0,2,2017,6.945489808402913,Suburban,Yes,581948.3944245044
2585,2.0,3,1982,7.6737997779260265,Rural,No,510977.17924616166
2053,5.0,3,2019,3.000314089136971,Urban,Yes,509605.2025008027
1360,5.0,2,1977,4.104964128340858,Suburban,No,324274.6576334677
1387,4.0,3,2023,3.720750796998245,Suburban,No,374642.6269270619
2007,3.0,3,1985,7.247313546434347,Suburban,Yes,457117.1310063827
2168,2.0,1,1998,4.700560920959956,Suburban,No,436764.5677238214
1812,1.0,2,2002,8.73980154261184,Suburban,No,389155.4980972153
1759,4.0,2,2018,2.913233667372365,Rural,No,375478.162745648
1703,3.0,3,1951,8.161007898029077,Urban,No,409998.8281869027
1988,5.0,1,2020,8.319184854373955,Suburban,No,507239.72457086964
808,3.0,2,2013,6.650907915960802,Suburban,No,311393.5006057784
1449,5.0,2,1970,2.3347912935800035,Suburban,No,321696.3122847031
1686,,3,1984,3.9404711541277146,Urban,No,377755.9650458102
2603,1.0,2,1995,4.579674022133963,Rural,No,486654.30145093
1593,4.0,3,1997,5.189040855594038,Suburban,No,381740.34929512336
2090,5.0,1,1971,7.630893770795735,Urban,Yes,490014.32857227605
2113,1.0,1,1955,4.045353352185908,Suburban,No,368319.00834621757
2648,2.0,2,1982,1.163959848295637,Rural,No,468238.14483471285
2631,1.0,3,1988,8.7947082817489,Suburban,No,526149.402304668
1971,1.0,1,1992,4.890940958952213,Rural,No,410591.1344142164
1762,1.0,2,1974,3.5459770675414255,Urban,Yes,432068.0674428623
1668,5.0,2,1967,8.372672577078575,Urban,No,393111.6651144683
1879,2.0,2,1990,8.90960844338468,Rural,No,421974.6914697494
1782,4.0,3,1984,7.5793495828718225,Suburban,Yes,465410.1181341913
2276,1.0,3,1973,4.188843637738758,Rural,Yes,443105.52991334646
2210,5.0,1,2004,3.0797535533668317,Urban,Yes,548733.6514543158
2295,5.0,3,1989,7.415197288694767,Suburban,Yes,546078.965372662
2629,4.0,3,1978,1.517134437712623,Urban,No,533613.5706962905
2931,3.0,2,1959,4.519478868841256,Rural,No,512756.42286622897
2062,2.0,2,1959,7.829248376133485,Suburban,No,413794.8058031087
2549,2.0,1,2013,6.265649364122035,Urban,No,553152.0015199747
1824,1.0,2,1978,7.604675620168454,Rural,No,396618.54185590235
2592,3.0,2,1967,6.156246781439216,Suburban,No,517348.29477897246
2530,2.0,2,1951,3.1571872231522935,Urban,Yes,485580.97746581095
2504,1.0,3,1974,5.348934311326383,Suburban,No,483482.3978952416
2047,3.0,2,2000,7.957558584251122,Suburban,No,437363.0271396759
1665,5.0,1,1971,3.07351847274673,Urban,Yes,413789.5926846267
1302,1.0,1,1958,9.667185964946775,Urban,Yes,321196.9400421982
1979,3.0,2,2023,,Suburban,No,455156.57809040195
2766,4.0,2,1953,1.127863065509116,Suburban,No,465823.4222194367
1845,2.0,1,1970,8.002636783411173,Suburban,No,393114.64914705954
2392,,3,1979,9.355625934239686,Rural,No,466882.3675625332
2421,5.0,2,1982,3.219784065872095,Urban,Yes,529062.2451934796
1858,1.0,1,1992,2.395508282981781,Rural,Yes,368540.72196675086
2658,2.0,3,1951,3.01535855495901,Rural,No,462785.137255545
545,,1,1980,6.650781075466568,Urban,No,209365.503056505
1388,3.0,3,1953,6.211184860042418,Suburban,No,307679.19840230606
1542,5.0,1,1996,6.592120627601917,Suburban,No,378065.083667348
1590,3.0,1,1994,1.0696071853386413,Suburban,No,334445.99554145127
2168,5.0,3,2014,2.4128837466931343,Urban,No,525521.0858055482
2145,1.0,2,2015,3.189142223393475,Suburban,No,436968.9974170916
2196,1.0,1,1955,7.273769373452377,Urban,No,429365.4664880692
2298,3.0,2,1956,6.4787244706359415,Rural,Yes,432759.2837372552
1524,4.0,1,2000,6.615110633022729,Rural,No,352737.8430601348
1390,2.0,3,2017,6.136429131946398,Rural,No,330185.39084744034
2198,3.0,2,1967,7.700627052462567,Suburban,No,438727.0080910007
1684,3.0,3,1990,9.475250371624421,Rural,No,384687.5717100625
1214,1.0,3,2018,7.062097393883623,Suburban,No,327564.20027968986
2485,2.0,2,1974,7.704660892197085,Urban,Yes,513909.3877785126
2697,3.0,2,2005,6.47367363445634,Urban,Yes,618699.6986081257
2778,1.0,2,1950,8.178734686381587,Urban,No,504919.61201402324
2093,1.0,3,2004,9.48686697277552,Urban,No,476305.4732554115
2312,3.0,3,1952,6.445931756142325,Suburban,No,476077.76259257464
2684,3.0,3,2003,2.629060674036082,Suburban,,541735.6917539068
1679,1.0,2,1981,7.932398139033694,Urban,Yes,431946.80038007355
2555,3.0,1,1951,6.857498258156121,Suburban,Yes,488798.03820183413
2137,,2,2014,9.402441905786336,Suburban,No,466146.46179865475
2456,1.0,1,1957,3.449205814955733,Urban,Yes,471270.9488608261
2093,1.0,3,2007,,Suburban,No,495544.41897145635
2648,3.0,1,2002,5.966434802071928,Urban,No,578998.4140207414
2111,3.0,2,1993,9.675979873062623,Rural,No,449355.48769136297
1258,3.0,2,2022,8.056353250529114,Rural,No,319800.2230190473
2725,2.0,2,1977,8.793637202832974,Suburban,No,542959.2545551581
1526,1.0,1,1968,3.9145751077981976,Rural,No,260582.12865170318
2626,4.0,2,2005,2.9749088520562053,Urban,Yes,563807.9599129867
1954,2.0,1,1969,6.616752850165918,Urban,Yes,400940.3095333115
2588,2.0,3,2020,4.368979928715131,Suburban,Yes,547830.6022235078
2567,1.0,1,2005,9.87305443347679,Urban,No,533692.7604502838
2215,4.0,3,1984,,Suburban,No,440227.1799029719
2254,1.0,1,1968,1.9942704298562144,Suburban,Yes,447856.31653658784
2211,2.0,3,2012,5.489224137537031,Rural,No,456042.015112687
993,3.0,2,1956,5.8157469220972535,Suburban,No,233859.42732932695
2059,1.0,1,1976,1.0425585078088235,Rural,Yes,376333.03800046357
1441,1.0,3,1988,3.2094045743989654,Suburban,No,314034.1378371886
2085,3.0,2,1979,1.0120558355858256,Suburban,Yes,425957.30497528746
1428,4.0,2,1972,6.049011588234314,Suburban,No,351807.3303926699
1407,4.0,3,1972,3.629204328802609,Suburban,Yes,392802.65113617515
2802,1.0,3,1996,2.5588680653347837,Suburban,No,506246.8841741381
2534,3.0,1,1997,8.547251999693444,Rural,No,462944.6479620286
1997,1.0,3,2012,1.2701588586888357,Suburban,No,403171.8445107559
2092,3.0,3,1958,7.225381586750033,Suburban,No,436244.3218930663
1876,2.0,2,1972,6.15699238160336,Suburban,No,387600.34867906594
2284,3.0,3,2012,7.943970005511083,Rural,Yes,482911.1951855548
1661,1.0,3,2023,2.190369790024434,Urban,No,417791.0318343082
2496,5.0,3,1996,8.844220363605219,Urban,No,553748.4737914371
1873,4.0,2,2023,3.8946780399792473,Suburban,No,441517.2465721254
1790,1.0,2,2015,1.0769247624061418,Suburban,Yes,386919.72408636316
2010,3.0,2,1986,6.9100921462171465,Urban,Yes,461490.2165308966
1704,3.0,2,1987,8.734166259040142,Urban,No,416435.179972084
2164,4.0,1,1950,4.183222969970243,Urban,No,454557.5428632842
1731,1.0,2,1997,5.748166921269286,Urban,No,408230.45437969745
2234,,2,1984,4.710997930231438,Urban,No,485386.838100048
2608,2.0,1,2020,1.3821881393587656,Suburban,No,496755.4666380015
1640,5.0,1,2002,7.778163920776461,Suburban,No,395254.05135129695
1934,2.0,1,1974,9.473244735578193,Urban,No,410032.58960072626
2230,2.0,3,1991,4.78070073774422,Rural,No,480579.7425190769
5346,1.0,2,1972,2.2999220736953694,Rural,No,280512.6896006394
2232,2.0,3,1958,5.545669174611248,Urban,No,457067.94442527235
2277,3.0,1,1976,9.142792139523873,Suburban,No,441318.3071203842
2541,2.0,1,2000,6.45237406666826,Urban,No,528025.1859232556
1697,2.0,1,2006,2.911218288937909,Rural,No,369506.3557735608
1528,4.0,1,1985,5.978873984179474,Urban,Yes,418073.06484005647
1846,4.0,3,1983,3.94178843747904,Suburban,No,396651.041276246
1516,1.0,1,1962,1.2120404404153415,Rural,No,255066.73987571217
2282,1.0,2,2004,9.222781297177423,Suburban,No,486980.08917140355
1419,3.0,2,1995,8.15009868107894,Urban,No,351366.8041280907
3166,4.0,2,2001,9.316688704375663,Rural,No,601309.7567940395
2647,5.0,3,1977,,Suburban,Yes,552468.2177850428
2006,1.0,1,1979,5.047647532645388,Urban,No,420245.7429868858
2433,1.0,3,1994,5.438695823636177,Rural,No,452170.2577086386
1181,4.0,2,1987,2.8415834861023033,Suburban,,303516.79172052915
3261,4.0,1,1969,4.476691900420663,Suburban,No,615565.2600929405
1704,3.0,3,2019,2.474658319315574,Urban,No,439195.14165794075
1939,4.0,1,1996,5.261156516553544,Urban,Yes,483156.1983757454
1072,2.0,1,2008,6.813271524733243,Suburban,No,278247.6165796736
2243,5.0,3,1963,3.30936619432678,Suburban,Yes,430553.32894099155
1446,,2,1991,9.493906551717405,Urban,Yes,408800.76443823753
2050,2.0,3,2010,6.821614884400311,Rural,Yes,466481.6540826966
1727,2.0,3,2008,2.9792592324335603,Suburban,No,399639.9443434859
1461,1.0,2,1957,2.5030056032687016,Suburban,No,280350.4935701426
1597,2.0,3,2006,2.52973688142583,Urban,No,415288.50962198176
2112,1.0,1,1971,9.764701022342337,Urban,Yes,439759.9222115261
1359,4.0,2,1970,3.129606455659087,Suburban,No,304751.2121071243
1625,5.0,3,1977,2.515364117673939,Suburban,No,381824.6444931375
2331,5.0,1,1998,2.4759076113465674,Urban,No,474330.0206789335
3301,2.0,2,1972,4.09865294947995,Urban,No,616517.802066756
2238,,3,2003,6.537841401188711,Suburban,No,491997.10172854003
1541,1.0,2,1972,1.7116986554488678,Urban,No,339662.40200028016
1816,4.0,1,2017,2.434911204114456,Suburban,No,432298.1237293123
2015,2.0,1,1995,9.788074208941103,Urban,Yes,500362.67741781985
1825,3.0,2,2017,6.560127114720073,Rural,No,410488.92186055676
2451,5.0,1,1977,2.257150116131187,Suburban,No,467683.5353432221
2108,5.0,1,1999,5.950876988766867,Rural,,438382.8030854924
2453,2.0,2,2012,3.168437848672702,Suburban,No,501406.17736581044
1842,5.0,2,1959,9.76254739747124,Suburban,Yes,440532.6742794866
2662,5.0,3,1986,4.499307575567339,Suburban,No,566312.6563043846
1916,3.0,3,1962,2.2813760632712743,Urban,Yes,402709.0434376279
1514,1.0,2,2019,6.516688477059954,Rural,No,347036.97758228815
3088,2.0,1,1979,2.2357623697949016,Suburban,No,547320.6059202165
1087,2.0,1,2021,5.662629383169131,Rural,No,285582.81360366277
1630,3.0,2,1960,8.670096615740473,Suburban,Yes,378226.05489008647
1686,,2,1950,4.111576692599844,Suburban,No,337458.40236430295
3254,1.0,2,1967,5.297333461740706,Rural,No,535170.7639092371
2903,4.0,1,1960,1.9749348181216158,Rural,No,479147.83268288797
2746,2.0,3,1959,6.81707295448176,Rural,No,500341.65699725214
1834,5.0,3,1997,2.009078789390816,Suburban,Yes,413767.6639440507
3213,,1,2010,3.9426825977185627,Suburban,No,614896.77905262
2184,2.0,3,1959,8.570645721867978,Suburban,No,419284.2879670278
2488,1.0,2,2009,2.349267505164568,Suburban,No,476453.3799224497
2089,4.0,2,1971,8.561530558589409,Suburban,Yes,449600.38416317035
1975,2.0,1,1958,6.6751468137047265,Suburban,No,409831.46839992475
5622,5.0,1,1964,2.269390247151395,Urban,No,448918.1406300494
1895,2.0,2,1986,2.5164300183870654,Suburban,No,383457.048268451
2304,1.0,2,2019,6.968920509717638,Suburban,No,477133.0689385255
2183,4.0,1,1993,,Suburban,No,463004.94305479224
1984,1.0,1,2018,,Suburban,No,452213.0079124822
2754,1.0,2,1952,7.426467587884672,Suburban,No,487525.4261477687
516,3.0,2,1959,4.254251243972551,Urban,No,223659.2469580211
2254,1.0,3,1953,1.0129178192382065,Urban,Yes,434090.2407291935
2358,4.0,3,2005,5.760103545262909,Rural,No,516945.00466313947
2573,5.0,2,1989,6.350659709611551,Urban,No,563542.4984818532
1967,3.0,1,1982,,Urban,No,429783.20874553884
2103,1.0,3,1982,3.0818175812559674,Urban,No,407415.45839251415
2492,2.0,3,2009,2.532085953253839,Rural,No,490927.61350991915
2745,3.0,2,1970,8.472748795793846,Suburban,No,506349.32113238337
1849,4.0,1,2018,8.571673508290212,Suburban,No,475426.01712133124
2133,2.0,1,1994,9.888495143115772,Suburban,Yes,452989.812390136
2839,4.0,2,2006,4.057846119888367,Suburban,No,581606.6397391295
937,2.0,1,1989,1.5311626188097056,Urban,Yes,309479.7651376103
1654,5.0,2,2013,5.282954224582529,Suburban,Yes,449658.6787573325
2732,4.0,1,1959,5.317713659333867,Suburban,No,502238.75142378145
2546,2.0,2,2023,1.3287717706281588,Suburban,No,560601.3590667365
2261,4.0,1,2015,6.1755528878719606,Suburban,Yes,544151.233661948
1775,3.0,2,2014,3.3473713582968703,Suburban,Yes,441372.8617959674
1559,4.0,2,1979,2.0721287710889147,Suburban,,342811.35763511277
1704,4.0,1,1984,6.444021318184211,Suburban,Yes,391206.3040924248
2774,2.0,2,2002,,Rural,Yes,578399.0102485617
1685,4.0,3,1988,6.054162858850368,Urban,No,424859.7394874459
2050,5.0,1,1971,1.1368903558189518,Urban,No,427451.36693246197
1623,1.0,2,2016,4.2959730290071665,Urban,No,397084.37443840853
2421,3.0,1,2019,,Suburban,Yes,524514.2539757164
1730,2.0,1,2016,6.851054230166306,Suburban,No,391208.262746627
1951,4.0,2,1966,8.80759149852164,Urban,No,459838.93994031916
1158,4.0,3,1968,7.664270481235895,Suburban,Yes,325414.06198993087
1193,4.0,1,2009,7.47743900206352,Suburban,No,348105.52279442485
2003,3.0,3,2021,,Suburban,No,457411.531948314
1337,1.0,3,2000,1.1758880172794375,Suburban,No,311396.2870606011
3052,5.0,2,1997,4.779984777015843,Urban,No,629721.82457704
969,5.0,2,2006,,Suburban,Yes,353253.6941754749
1599,2.0,1,1959,2.5944556335097406,Suburban,No,335645.9463389338
2008,1.0,2,1981,,Rural,No,412576.3458714805
1817,1.0,1,2017,8.111738775922708,Suburban,No,431029.0260336012
1447,3.0,1,1977,9.402440681785997,Urban,No,376839.43353692535
1521,4.0,3,1953,8.84617742432187,Suburban,No,351294.3158524313
1504,1.0,2,2010,7.089231122570343,Urban,No,379830.4558437466
1856,4.0,2,1961,7.400443234660551,Urban,No,441037.3826867434
2975,3.0,1,1964,4.087326559351055,Suburban,No,517064.7657458606
2038,2.0,3,1978,3.0154202488328172,Rural,No,351879.5927791936
2591,2.0,2,1962,9.627605348771004,Rural,No,471047.40768095397
2253,4.0,3,1987,9.780093824855612,Suburban,No,466214.966672914
2556,4.0,3,2007,4.821424035285084,Suburban,Yes,538613.9598884475
600,1.0,1,1984,4.6974208131322825,Rural,No,172606.9914453858
1847,3.0,2,1989,5.0654604456258,Urban,No,389312.84269629326
2653,2.0,2,1954,,Urban,Yes,524623.6772570894
1714,1.0,2,1951,8.579498636467415,Suburban,,351853.49825097487
2881,5.0,3,1979,4.876250364565334,Rural,Yes,584472.5715752147
2741,1.0,2,1959,8.941162065858222,Urban,No,519628.09800295596
1765,4.0,1,2022,7.256662571918063,Suburban,No,407930.9485892692
1748,5.0,3,1987,9.688522087184237,Rural,Yes,389140.0451971681
1493,1.0,2,2008,7.071043311600631,Suburban,Yes,382663.32924550475
1685,3.0,3,1984,4.709587222198316,Rural,No,344425.1399420713
1383,2.0,3,2020,9.261815774206074,Urban,No,397009.741662739
2214,5.0,3,1961,3.0681497563338533,Rural,No,422401.31772171165
1271,3.0,1,1991,9.684599794629278,Suburban,Yes,373843.1522000389
2301,1.0,2,1998,1.3908609532325096,Suburban,No,393232.0371409567
2314,4.0,2,2016,6.768465373766294,Urban,Yes,550057.406080813
1169,4.0,3,1982,1.1642468591717483,Suburban,No,304019.1176339461
2774,3.0,2,1962,2.835763946647047,Rural,Yes,507985.04419484135
2256,4.0,3,1969,5.175777278798414,Suburban,No,455769.4486379432
2374,2.0,3,1982,2.424457297343169,Urban,No,521268.05113759846
1620,3.0,3,1983,9.899414557331053,Suburban,No,394420.6840033119
2311,3.0,1,1999,7.957112457744738,Suburban,No,462343.3169244602
2563,4.0,2,1999,8.657690990887662,Urban,No,564558.4378510375
1950,3.0,3,1958,9.811634125825346,Urban,No,476341.9778024048
3000,1.0,2,1956,7.072918344219681,Suburban,Yes,549314.7782428835
2022,5.0,1,1958,3.399383651083758,Urban,Yes,461938.6757582031
2570,5.0,1,1975,,Rural,No,535669.3470833015
6438,,3,1951,6.258800233008582,Suburban,Yes,492718.8096098794
2292,2.0,1,1954,3.4074915170549813,Urban,Yes,430128.86144388566
1164,2.0,1,2015,4.305560108133346,Urban,No,333889.95265737217
2185,4.0,1,1959,6.470811311075376,Suburban,Yes,452200.7932481713
1632,4.0,1,1980,4.559090052692273,Suburban,No,366268.3826128484
1576,3.0,1,1982,3.1161877999701346,Suburban,No,356118.96351898473
2872,2.0,1,1955,4.8693087362078025,Suburban,Yes,542058.9246095679
1893,5.0,2,1963,3.1024078718769457,Rural,No,375714.23972083547
1498,4.0,1,1964,8.875995274040939,Urban,No,377860.03342035215
1820,5.0,2,1992,7.246662978364979,Suburban,,398417.77752823033
1349,5.0,3,1969,4.388837542556865,Rural,No,300110.4591083337
2716,2.0,1,1970,9.508968819424638,Suburban,No,544629.6150045377
1652,5.0,1,2013,4.500536135089296,Rural,No,369210.58340137027
2264,3.0,2,1978,6.17022266412263,Rural,Yes,474324.61406599276
2678,3.0,1,2008,5.606849073600248,Rural,No,498117.078739259
1749,2.0,2,2022,,Suburban,No,405547.6312654985
2266,3.0,2,2013,4.814127872519592,Suburban,Yes,507546.0609057076
1484,4.0,1,1993,1.697910514644217,Suburban,No,323365.6804520581
3222,2.0,3,1983,2.534961805305712,Suburban,No,522879.2086285699
2468,5.0,3,1996,8.087754385969937,Suburban,No,543840.2027172662
1903,4.0,3,1958,3.723957320384402,Suburban,Yes,400808.87013970996
1613,2.0,2,2009,1.8006029923380154,Suburban,Yes,390041.5156527429
1943,5.0,2,1979,7.4706280262835705,Suburban,No,443088.85096428264
1830,5.0,1,1966,8.221568808279054,Suburban,No,384461.43381862366
2976,5.0,2,2001,6.202696709596644,Urban,No,613988.775453923
1387,5.0,3,2008,9.240504694394566,Suburban,No,439991.9919696726
2067,5.0,1,1953,8.644983931457809,Suburban,Yes,445922.60819618194
1990,2.0,3,1989,5.974416016192402,Urban,Yes,462026.4390733525
1941,3.0,1,1956,7.633093553286353,Suburban,Yes,399544.45981658925
1945,5.0,3,1987,3.963176520278483,Rural,No,420892.4557761749
1941,4.0,1,1981,6.7265645247482855,Suburban,Yes,441900.7556598282
2436,2.0,3,2018,9.792353629555722,Suburban,No,509807.9254559781
2304,1.0,2,2016,8.198851612610763,Urban,,497698.8355680632
2209,3.0,3,2005,4.370830230714599,Rural,No,484660.18122971477
483,4.0,1,1969,9.391293310033763,Suburban,Yes,225474.94528760837
2149,5.0,3,2013,8.426229112977364,Suburban,No,498431.5800471241
1172,2.0,2,1966,1.3349917420891633,Suburban,No,219265.38388548332
2323,,1,1965,7.714044919548288,Rural,No,411843.8529329098
2737,5.0,2,1960,9.787593468687792,Suburban,No,521230.5195694683
1536,4.0,3,1962,3.859359067678452,Suburban,,336389.0429502423
1869,2.0,1,1967,3.478027485164612,Suburban,No,368678.2054912007
1700,3.0,3,1963,6.760603132840375,Urban,No,418196.9308784289
2617,4.0,1,1983,1.9910979631102643,Suburban,Yes,511084.3732293507
2047,5.0,2,1975,,Urban,No,461872.0677415708
2864,4.0,2,1991,3.03921592045793,Suburban,No,544926.1434048975
2206,4.0,2,2010,5.063779790965508,Suburban,No,469637.2489878899
2121,1.0,3,1988,9.02773187961014,Suburban,Yes,412927.0354108471
2034,5.0,1,1951,8.171085154566104,Suburban,,425456.01479120995
2408,3.0,2,2006,1.9719281673677205,Suburban,No,490203.1141575158
1131,5.0,3,1999,7.852459692886288,Suburban,No,351954.6462586969
2042,1.0,3,1965,4.705397469224019,Urban,No,458485.20131691545
1964,5.0,1,2011,9.949975229539012,Suburban,No,481789.0482462261
2362,5.0,2,1960,3.6976252264447975,Suburban,Yes,492059.0524963002
1906,3.0,3,2012,5.235392380087663,Rural,No,410369.89695710404
1480,1.0,2,1979,4.070600195869749,Suburban,No,309511.17678810284
2003,5.0,1,2003,6.275734113288142,Suburban,No,467592.96976915863
1458,5.0,2,2020,3.392881539081489,Suburban,Yes,407437.63788565877
1037,2.0,2,1976,9.213821411877841,Suburban,No,311164.94196921
2363,5.0,3,2013,,Suburban,No,542849.8883141964
2289,3.0,3,1958,9.484388412413097,Rural,No,488899.9251538785
2233,2.0,1,2021,7.124660100510382,Suburban,No,478786.95290328347
2651,1.0,1,1951,,Urban,No,417150.0990303938
1667,4.0,1,1998,1.138776566808379,Suburban,No,404885.1392313382
1284,3.0,3,1997,4.668195755909899,Suburban,No,319057.150602987
1964,1.0,1,2004,9.941594522059432,Suburban,No,442182.9412296127
1826,2.0,1,2016,8.892350241537386,Rural,Yes,460484.5949652316
1578,4.0,3,1980,8.621212886948612,Urban,No,399172.6385989552
1960,1.0,1,1975,6.118157927065357,Suburban,Yes,400384.0160141835
1694,3.0,3,2015,,Suburban,Yes,413738.50428470975
1081,2.0,1,1979,1.1365758158056185,Suburban,Yes,266377.35126095026
1779,3.0,3,1950,8.547604903460591,Rural,Yes,429308.65348589065
1431,3.0,2,2019,2.5965335487598926,Urban,No,389649.85472211055
2115,2.0,3,1971,1.690273504811104,Suburban,No,392740.1174370651
1671,5.0,3,2003,,Suburban,No,448134.97857875604
2555,3.0,3,1963,1.0105687993932664,Suburban,Yes,455382.24683046364
2801,2.0,1,1963,7.6673584929367085,Urban,Yes,603402.9323162494
2339,3.0,3,2020,2.7309854970035214,Suburban,No,500490.1653035829
1224,5.0,3,1968,3.892549912651964,Urban,Yes,336610.4195198978
2752,2.0,1,1975,2.545279665653628,Suburban,No,492953.8548342886
2787,1.0,2,2008,7.994332865721385,Urban,No,540130.4976559274
2009,1.0,3,1971,5.362954346804023,Suburban,No,358603.7663580746
2661,1.0,1,1955,2.492468536863998,Urban,No,474155.10047960276
1724,4.0,2,2012,1.34678151167705,Urban,No,440638.9808832138
1066,,3,2023,9.880385967756334,Rural,,313506.2736371681
1619,3.0,2,2003,7.429306431853058,Urban,Yes,427940.19890664227
2864,2.0,3,1968,7.119572153856278,Suburban,Yes,565006.9445747817
1254,4.0,3,1959,5.525280120273594,Suburban,,311879.99385820155
1999,3.0,2,1986,4.91487528350479,Rural,Yes,403411.4364831624
2017,2.0,2,1966,8.163681035264313,Urban,No,453323.50228034693
1743,5.0,2,2004,8.43946851297087,Suburban,No,433403.35203290085
1778,,3,1954,1.5499108970843891,Urban,No,375149.75271353853
6108,3.0,3,1970,8.734783534992962,Suburban,No,426136.1179824479
1718,5.0,1,1988,7.853952961700259,Suburban,,423020.7764227712
1288,5.0,1,1969,5.37591483455727,Suburban,No,316357.3006145799
2107,3.0,1,2020,5.286919705306325,Urban,No,486509.7791145291
2536,5.0,3,1964,8.5131717342306,Suburban,No,527624.8005663216
2434,2.0,2,2002,8.14205754563195,Suburban,No,533444.697604153
1595,3.0,1,1982,2.2491716337523955,Urban,Yes,324758.2799652529
1374,3.0,3,1993,5.942758917810117,Suburban,Yes,363803.45354139124
1857,1.0,2,2015,9.724216856412445,Suburban,No,410251.62199544057
2783,3.0,1,1999,7.619156356659128,Suburban,No,533637.3799899422
2322,1.0,2,1981,9.756804583863117,Rural,Yes,423742.20523135347
2351,5.0,2,2020,7.983977261046711,Suburban,No,548125.4439355346
2444,5.0,1,2022,5.72195296853733,Suburban,Yes,565998.8922890713
2210,2.0,1,2004,6.444123969245801,Suburban,No,485724.4571629946
2060,1.0,3,1977,7.3847204427932365,Suburban,No,409512.14367078955
2331,3.0,2,1952,7.559440334767917,Urban,No,512813.807553257
1726,1.0,1,2002,7.728029212946455,Suburban,No,387362.04939279426
1292,5.0,1,1991,9.372334089614315,Rural,No,318542.1256746254
2361,5.0,2,1951,3.7824843093575,Suburban,No,457208.7443674461
2618,2.0,2,1971,8.465252892059189,Suburban,No,472082.58870535536
1440,5.0,2,1974,6.1271353229252385,Rural,No,335546.13268392475
2410,1.0,1,1981,8.967967103204963,Suburban,No,465508.5295374479
2840,3.0,1,1956,6.679843717310198,Suburban,No,553692.7165406717
1998,3.0,3,2011,9.41633854386011,Suburban,No,452500.77623229
1590,1.0,2,1980,4.816301826505365,Suburban,Yes,283680.41256061546
2061,2.0,1,2012,1.8936351440223291,Suburban,No,411004.81467807863
1724,3.0,1,1986,6.803769976055047,Urban,No,406718.9327683139
1691,1.0,2,2017,7.971304669558793,Urban,No,383132.4418113583
2216,1.0,1,1958,7.22290785337843,Suburban,No,384877.95861973905
1198,5.0,2,2019,7.524833063277937,Suburban,No,377205.7303926663
1278,5.0,1,1995,1.2599254046831332,Urban,No,345540.8103859075
2009,2.0,2,1983,9.68431354787296,Suburban,No,469442.82511088374
1988,2.0,2,2009,3.377614399737898,Suburban,,428171.3513998441
2171,2.0,1,1962,4.724758729565972,Urban,No,482801.73471891275
2937,1.0,2,1985,4.765804625832411,Urban,No,559728.4696865565
2052,1.0,3,1997,9.16080012347207,Suburban,No,426760.00170597015
2299,5.0,3,1955,7.6941967430608385,Suburban,No,452956.41046342347
1512,3.0,2,1954,6.581858017973519,Suburban,Yes,304474.3424229467
2383,2.0,3,2014,2.0797512398190126,Rural,No,489877.7981126664
1736,4.0,1,1999,3.910869543638557,Suburban,No,370104.3388819361
2035,2.0,1,2023,5.425943924073725,Suburban,Yes,498488.09307251
1945,5.0,2,2023,2.0341103464103565,Suburban,No,468868.43712945643
2516,1.0,1,1973,6.141769297298084,Urban,No,504480.1877031347
1345,5.0,1,1956,2.9290681543119232,Suburban,No,305341.9682386467
858,5.0,3,2007,8.420403531801178,Suburban,No,319100.23304507666
1893,5.0,1,1970,8.460448562895145,Suburban,No,402593.87476958166
2234,4.0,1,1982,6.390512462206963,Suburban,No,474003.7349098838
2076,4.0,3,1993,4.235514770808343,Suburban,Yes,450867.0590064493
2616,2.0,2,1974,1.4009964363368597,Suburban,,479130.5333023371
2218,1.0,2,1964,6.660896751072709,Suburban,Yes,438325.9833528821
1718,5.0,3,1978,8.061274708203937,Urban,No,438129.3832872086
837,3.0,3,2001,8.113591740552913,Urban,No,312031.4649697179
1881,2.0,1,1966,5.360225287071731,Suburban,No,367593.50796566997
2513,2.0,1,1985,2.263816569568655,Suburban,No,472693.32821655186
1803,5.0,2,1984,1.5833256973305438,Rural,No,384989.53653170244
2014,2.0,2,1989,1.5015709028710233,Rural,No,339481.49084039393
2210,5.0,3,1972,3.245298527779395,Urban,No,477253.886889487
1492,2.0,1,2022,2.2733614292423012,Rural,Yes,330492.3999407237
2311,,3,1983,2.519803716426432,Urban,Yes,506351.5034417027
2818,2.0,2,2007,7.290935298085499,Suburban,,578141.5060226953
1913,2.0,2,2010,2.6155651453011424,Suburban,Yes,402563.9447556089
1435,3.0,3,1977,7.231015707712441,Suburban,No,391719.1131601527
1966,1.0,1,2009,4.164485637749726,Suburban,No,385550.02289187134
887,1.0,1,1981,7.973006892220518,Suburban,,224811.84531362556
2168,1.0,3,2007,2.4314885426269575,Rural,No,417452.1664820526
2226,2.0,2,1993,1.2102916488946804,Rural,No,378178.37291416706
2837,,3,1983,,Urban,No,579318.2544426657
1903,2.0,3,1970,9.695330762260395,Suburban,Yes,421347.65705694596
2204,5.0,1,1950,5.841550921832784,Urban,No,467852.2502694917
1569,3.0,2,2004,6.46327699702747,Suburban,No,357504.8525771959
5463,1.0,2,1998,9.703052085828194,Suburban,No,416952.7880129855
3711,5.0,1,1970,7.984053606600831,Urban,No,353595.623397257
1902,5.0,2,2004,2.0138712213995658,Suburban,No,414060.1916968475
1847,4.0,2,1976,4.795953460411694,Rural,Yes,370928.94139197085
2149,1.0,1,1969,8.392536951701882,Rural,,391593.46701903193
1688,2.0,2,1965,6.984942162883363,Urban,Yes,382410.5358410669
2041,1.0,2,1997,2.941696091541066,Suburban,No,402041.46168657864
1833,3.0,3,1981,8.251367843871082,Suburban,Yes,450577.55538086285
1834,1.0,2,1981,6.029513377147253,Rural,No,356004.8370484632
2040,5.0,3,2002,8.094857494999456,Suburban,No,484622.1746469791
2020,5.0,3,2002,6.638185448901934,Suburban,No,458842.5396474298
2380,,3,1951,5.165864643078225,Suburban,Yes,484980.4651947317
1939,2.0,1,2006,7.556600483558396,Suburban,Yes,431213.5813848803
1825,2.0,1,1971,8.790821666489176,Urban,No,402792.5288713736
1909,3.0,2,2001,5.190087578535146,Suburban,No,432764.66082910873
1642,1.0,3,2007,1.2680895674838408,Suburban,No,333486.9433967683
1820,4.0,2,1983,6.339023875202223,Suburban,No,411773.0518043538
3015,1.0,2,2020,1.813028754881812,Suburban,No,558750.5244838279
1543,2.0,2,1966,3.9207160607985463,Suburban,No,352589.52925031405
1860,3.0,2,2021,5.9480372142397915,Suburban,,421311.77354050515
1806,1.0,2,1972,4.107453658134405,Suburban,No,342975.7221366926
1876,5.0,3,1982,3.528382238108602,Suburban,Yes,421385.7564987096
1834,,3,1978,1.1810020915383261,Urban,No,387345.138409369
2139,5.0,3,1968,3.423431486356276,Suburban,No,444722.8844748263
1144,1.0,3,2018,4.463185353113418,Suburban,No,287138.92483414395
2518,1.0,1,1986,3.6122833914872405,Urban,Yes,507105.3784244628
2316,1.0,3,1975,6.655768310258858,Suburban,No,454645.36542674847
1378,2.0,3,1973,6.992296696355142,Suburban,No,338443.92298667517
865,5.0,3,2003,8.019130592874959,Suburban,Yes,308490.75144102087
1511,3.0,1,1970,2.6731452387425554,Urban,No,304282.3131909639
1878,4.0,2,1959,6.570343399351797,Suburban,No,397141.26705814106
3290,5.0,1,1991,4.870536281558672,Suburban,No,617921.508708859
2271,2.0,3,1978,3.9059480416653902,Suburban,No,460376.2234467953
1096,5.0,3,2006,5.344972053346547,Suburban,Yes,324369.6322923018
1655,3.0,1,1984,5.331650500145683,Urban,Yes,392942.3449283114
1973,5.0,2,1977,6.754334053512402,Urban,No,486279.94286213384
2126,2.0,1,1961,6.03296537492623,Rural,Yes,360733.4153727221
1342,2.0,1,2007,6.681469911827242,Suburban,Yes,336858.6720066421
1932,4.0,3,1993,9.82444898876663,Suburban,No,466216.60666924744
1641,3.0,1,1956,8.294186091431346,Urban,No,325244.4528841632
1448,4.0,1,1965,3.628523837948177,Rural,,262976.21548897045
2129,1.0,1,1984,5.80137905383066,Urban,No,442224.6265834825
2386,2.0,1,1956,3.0642490573368386,Suburban,No,413658.9584809392
2420,4.0,1,1963,5.669991526594439,Urban,Yes,493760.12978577305
2287,2.0,1,2008,7.408741258908484,Suburban,Yes,487126.88747199444
1751,2.0,3,2011,1.5919374569416722,Urban,Yes,458475.98924457695
2357,1.0,3,2023,2.2368191559109025,Suburban,No,503082.3775229095
2154,2.0,3,2015,,Suburban,No,440354.92103419953
2066,4.0,3,1971,4.408008901355354,Urban,No,438381.4520975481
1694,3.0,1,1965,7.905837502615344,Urban,,455016.5365608249
1751,5.0,1,1992,5.045642663754344,Suburban,No,423762.8601269762
2036,4.0,1,1969,6.137046566884797,Suburban,Yes,475676.73665937956
3219,1.0,1,1959,6.308835966491033,Suburban,No,515939.58609464666
2150,5.0,3,1968,1.805864901288177,Rural,Yes,406018.74662380223
1694,2.0,3,1961,2.570114462653648,Rural,No,311273.7394203975
1583,4.0,1,1959,9.236928032901602,Suburban,No,359680.03212492645
1754,5.0,1,2020,5.128399165495611,Rural,No,421794.32398453285
3088,4.0,1,2005,4.767513419238824,Rural,No,577874.6487071819
1800,2.0,1,1960,7.758878440818775,Rural,No,358268.8875458922
2453,4.0,2,2010,1.4067387521823704,Suburban,,510927.93782766507
1812,1.0,2,1987,8.56703213963594,Suburban,Yes,428861.6151367318
2130,5.0,2,1966,7.033917866596364,Suburban,Yes,476250.2063385798
2395,5.0,2,2003,2.304315692574016,Suburban,No,477863.6949050739
1714,5.0,1,1994,1.584318493960473,Suburban,No,375270.1105941944
1679,4.0,1,1974,1.0259965921386125,Urban,Yes,387188.3971768353
2829,2.0,1,1980,3.647375165163428,Suburban,No,494449.68797527166
2492,4.0,2,2014,3.9232005206832543,Suburban,Yes,524036.6372437292
2395,4.0,2,1988,2.5912643030812665,Suburban,No,471180.94329134596
2393,5.0,1,1969,3.5838118278952327,Suburban,No,501315.2238553592
2229,,2,2022,6.058340165378116,Suburban,No,498375.2191576903
3008,3.0,3,1992,2.0157337481720026,Urban,No,604036.1389723707
2021,2.0,2,2015,2.810251587749587,Urban,,446435.14691194455
2288,4.0,2,1950,6.057913652378499,Suburban,No,455273.09613534826
1274,1.0,2,2004,7.340256730136939,Suburban,No,299904.74194430857
1587,2.0,2,2000,9.381436769101134,Suburban,,400435.1073942238
1399,5.0,1,1954,,Urban,No,385219.45487267186
2637,1.0,3,1961,2.01901805602754,Urban,Yes,531696.0073186341
723,3.0,1,1963,6.323753996054354,Urban,No,258812.07657706225
1798,3.0,2,2009,9.958270109184145,Suburban,Yes,437540.7147151899
503,1.0,2,1989,,Rural,No,166859.3723845462
1584,3.0,2,1958,8.021463785559906,Urban,No,376035.560161015
1754,1.0,2,1991,7.611364603491668,Urban,,414692.74303523335
2692,4.0,2,1991,7.800000068017064,Suburban,No,559179.9482405825
2198,1.0,3,1982,1.8163776196476993,Urban,,420895.0267168206
1583,4.0,1,1974,5.681611679601001,Suburban,No,373065.9975783768
2532,,2,1958,,Urban,No,544768.1885399312
2008,5.0,3,1993,1.6545002354365046,Urban,No,476422.7827695946
2018,3.0,1,2007,9.232819448723419,Rural,No,406616.7982958201
1398,1.0,1,1974,2.1491888735447393,Suburban,No,270217.8356797378
1504,4.0,1,1981,1.7937620654021527,Rural,No,273874.8477065373
1587,5.0,2,1971,2.1109886365883037,Suburban,No,322481.3753306652
2023,5.0,2,2004,,Suburban,No,452683.4290569356
2038,5.0,3,2010,5.8885818742719,Suburban,No,459720.78851008584
2772,3.0,3,2006,1.8526507463468427,Urban,No,558686.9068363451
2192,5.0,1,2010,8.073861235354016,Rural,Yes,491943.23897761025
646,2.0,2,2016,2.801448348318148,Rural,No,213256.0022599983
2131,3.0,1,1951,6.0441797460580045,Urban,No,434316.681596664
1274,1.0,1,2006,5.420106991996487,Suburban,,331670.8041724395
1517,2.0,3,2022,9.150720211828496,Rural,Yes,409809.19269381015
1593,3.0,2,1982,9.039731408357914,Suburban,Yes,376001.04416766786
1668,3.0,3,2012,3.145708948633571,Rural,No,354673.5225771211
1312,4.0,2,1965,5.845825828113133,Rural,No,280505.99100799387
2101,2.0,1,1950,9.868601228175839,Suburban,No,415660.41897988296
1294,2.0,1,2013,3.9866252439056815,Rural,No,324342.293971771
2178,2.0,1,2018,1.663023445544022,Urban,No,440902.8617534985
3118,5.0,2,1966,7.462292006883764,Suburban,No,608111.3839361175
1335,5.0,1,1989,5.5287443357938475,Suburban,Yes,387253.0421433796
1857,1.0,2,1950,9.456696068161776,Urban,No,395898.8816255275
738,1.0,2,1962,6.176798243785712,Urban,No,268934.95900616294
1849,1.0,3,1967,5.603467886491983,Rural,No,339423.37871114333
2321,5.0,1,2017,9.233621878431382,Rural,,533269.3180713436
2360,4.0,3,1963,4.423451510672441,Suburban,No,454435.6324466546
2038,,2,1954,6.377017103640833,Suburban,No,396835.62645408255
2444,3.0,1,2011,8.6113516223486,Rural,No,488210.5172803614
9819,5.0,1,1982,6.378281004423286,Suburban,Yes,622107.2234819077
2856,4.0,2,1975,3.680162588071547,Urban,No,551200.956581527
1738,3.0,1,2010,6.024899524484849,Urban,Yes,431540.80498037976
1274,3.0,2,2017,4.888231454518483,Suburban,No,338232.1572171612
1796,5.0,1,1979,9.86242327511029,Suburban,No,436271.9212948114
1526,2.0,1,2011,1.4584832981240339,Suburban,No,369038.321838146
2225,4.0,2,2011,7.911715724312664,Rural,No,502931.82098350656
1409,5.0,3,2019,1.2161377209941202,Suburban,No,356436.24857309635
1963,2.0,2,2006,6.4352314410667155,Rural,No,379428.9463240923
2419,5.0,1,1985,4.878429295028587,Suburban,Yes,498394.29994531395
1949,5.0,2,1956,9.193994236925665,Suburban,Yes,436114.42544578697
1526,3.0,2,2014,5.854063879612042,Suburban,Yes,427557.6991496957
